source_name,source_file,citation_key,term,aliases,category,sentence,score,term_norm,aliases_list
builtin_social_cues,builtin,manual_task_templates,othering language,them;they;those people;these people;their kind;them young,othering,Othering language can separate an out-group from an in-group; check whether the meme uses this separation to target or stereotype a social group.,1.0,othering language,"['them', 'they', 'those people', 'these people', 'their kind', 'them young']"
builtin_social_cues,builtin,manual_task_templates,group generalization,all;all of them;always;never;every;entire group;whole group,stereotype,Broad generalizations about an entire group can signal stereotyping; check whether a negative trait is applied because of identity or group membership.,0.95,group generalization,"['all', 'all of them', 'always', 'never', 'every', 'entire group', 'whole group']"
builtin_social_cues,builtin,manual_task_templates,identity group,black;white;asian;jewish;muslim;christian;immigrant;refugee;women;men;gay;lesbian;lesbians;lgbt;lgbtq;queer;trans;disabled;disability;nationality;ethnicity;religion;gender;pride;pride month,target_group,References to identity categories can identify a target; check whether the meme attacks a group rather than discussing an individual action.,1.0,identity group,"['black', 'white', 'asian', 'jewish', 'muslim', 'christian', 'immigrant', 'refugee', 'women', 'men', 'gay', 'lesbian', 'lesbians', 'lgbt', 'lgbtq', 'queer', 'trans', 'disabled', 'disability', 'nationality', 'ethnicity', 'religion', 'gender', 'pride', 'pride month']"
builtin_social_cues,builtin,manual_task_templates,criminal framing,crime;criminal;criminals;thief;steal;rob;arrest;capturing;capture;prison;jail;offender;illegal,crime_association,Crime-related wording can become harmful when it falsely associates a social group with criminality; check whether the meme frames a group as naturally criminal or dangerous.,1.0,criminal framing,"['crime', 'criminal', 'criminals', 'thief', 'steal', 'rob', 'arrest', 'capturing', 'capture', 'prison', 'jail', 'offender', 'illegal']"
builtin_social_cues,builtin,manual_task_templates,violence framing,violent;violence;attack;beat;beat up;beating;assault;hurt;harm;kill;killer;murder;terror;terrorist;threat;dangerous;weapon;war,violence_association,"Violence-related wording can signal harmful framing when it associates a group with threat, aggression, or terrorism without evidence.",1.0,violence framing,"['violent', 'violence', 'attack', 'beat', 'beat up', 'beating', 'assault', 'hurt', 'harm', 'kill', 'killer', 'murder', 'terror', 'terrorist', 'threat', 'dangerous', 'weapon', 'war']"
builtin_social_cues,builtin,manual_task_templates,dehumanization,animal;ape;monkey;pig;dog;rat;snake;goat;goats;beast;creature;zoo;pest;parasite;dirty;filthy;disease;virus;plague,dehumanization,"Animal, disease, contamination, or pest metaphors can dehumanize people; check whether the comparison is aimed at a protected or social group.",0.95,dehumanization,"['animal', 'ape', 'monkey', 'pig', 'dog', 'rat', 'snake', 'goat', 'goats', 'beast', 'creature', 'zoo', 'pest', 'parasite', 'dirty', 'filthy', 'disease', 'virus', 'plague']"
builtin_social_cues,builtin,manual_task_templates,misogyny objectification,woman;women;girl;girls;wife;wives;female;females;kitchen;sandwich;handjob;handjobs;objectify;objectifying;sex object,misogyny_objectification,"Gendered or sexualized framing can signal misogyny or objectification when it reduces women to domestic roles, bodies, sexuality, or inferiority.",0.95,misogyny objectification,"['woman', 'women', 'girl', 'girls', 'wife', 'wives', 'female', 'females', 'kitchen', 'sandwich', 'handjob', 'handjobs', 'objectify', 'objectifying', 'sex object']"
builtin_social_cues,builtin,manual_task_templates,sarcasm irony,yeah right;sure;totally;good guy;nice job;respect;thanks;peaceful;innocent,sarcasm_irony,Positive wording can be ironic when the image suggests the opposite; check whether text and image sentiment conflict in a way that attacks a target.,0.9,sarcasm irony,"['yeah right', 'sure', 'totally', 'good guy', 'nice job', 'respect', 'thanks', 'peaceful', 'innocent']"
builtin_social_cues,builtin,manual_task_templates,religious stereotype,72 virgins;virgins;goats;terrorist;jihad;muslim;islam;islamic,religious_stereotype,"Religious references can become harmful when they mock, stereotype, or dehumanize people because of religion; check whether the meme targets a religious group.",0.95,religious stereotype,"['72 virgins', 'virgins', 'goats', 'terrorist', 'jihad', 'muslim', 'islam', 'islamic']"
xenophobia_lexicon,xenophobia_lexicon_en.txt,plaza2020detecting;bassignana2018hurtlex,nigga,,xenophobia_or_ethnic_slur_cue,"A xenophobia-related or ethnic-offensive lexical cue matched; check whether the meme uses it to attack an immigrant, nationality, ethnic, racial, or religious group.",0.9,nigga,[]
xenophobia_lexicon,xenophobia_lexicon_en.txt,plaza2020detecting;bassignana2018hurtlex,cross-breed,,xenophobia_or_ethnic_slur_cue,"A xenophobia-related or ethnic-offensive lexical cue matched; check whether the meme uses it to attack an immigrant, nationality, ethnic, racial, or religious group.",0.9,cross-breed,[]
xenophobia_lexicon,xenophobia_lexicon_en.txt,plaza2020detecting;bassignana2018hurtlex,african-negros,,xenophobia_or_ethnic_slur_cue,"A xenophobia-related or ethnic-offensive lexical cue matched; check whether the meme uses it to attack an immigrant, nationality, ethnic, racial, or religious group.",0.9,african-negros,[]
xenophobia_lexicon,xenophobia_lexicon_en.txt,plaza2020detecting;bassignana2018hurtlex,mongolchuud,,xenophobia_or_ethnic_slur_cue,"A xenophobia-related or ethnic-offensive lexical cue matched; check whether the meme uses it to attack an immigrant, nationality, ethnic, racial, or religious group.",0.9,mongolchuud,[]
xenophobia_lexicon,xenophobia_lexicon_en.txt,plaza2020detecting;bassignana2018hurtlex,niggar,,xenophobia_or_ethnic_slur_cue,"A xenophobia-related or ethnic-offensive lexical cue matched; check whether the meme uses it to attack an immigrant, nationality, ethnic, racial, or religious group.",0.9,niggar,[]
xenophobia_lexicon,xenophobia_lexicon_en.txt,plaza2020detecting;bassignana2018hurtlex,juddaism,,xenophobia_or_ethnic_slur_cue,"A xenophobia-related or ethnic-offensive lexical cue matched; check whether the meme uses it to attack an immigrant, nationality, ethnic, racial, or religious group.",0.9,juddaism,[]
xenophobia_lexicon,xenophobia_lexicon_en.txt,plaza2020detecting;bassignana2018hurtlex,goon,,xenophobia_or_ethnic_slur_cue,"A xenophobia-related or ethnic-offensive lexical cue matched; check whether the meme uses it to attack an immigrant, nationality, ethnic, racial, or religious group.",0.9,goon,[]
xenophobia_lexicon,xenophobia_lexicon_en.txt,plaza2020detecting;bassignana2018hurtlex,judaist,,xenophobia_or_ethnic_slur_cue,"A xenophobia-related or ethnic-offensive lexical cue matched; check whether the meme uses it to attack an immigrant, nationality, ethnic, racial, or religious group.",0.9,judaist,[]
xenophobia_lexicon,xenophobia_lexicon_en.txt,plaza2020detecting;bassignana2018hurtlex,mongolids,,xenophobia_or_ethnic_slur_cue,"A xenophobia-related or ethnic-offensive lexical cue matched; check whether the meme uses it to attack an immigrant, nationality, ethnic, racial, or religious group.",0.9,mongolids,[]
xenophobia_lexicon,xenophobia_lexicon_en.txt,plaza2020detecting;bassignana2018hurtlex,bendouin,,xenophobia_or_ethnic_slur_cue,"A xenophobia-related or ethnic-offensive lexical cue matched; check whether the meme uses it to attack an immigrant, nationality, ethnic, racial, or religious group.",0.9,bendouin,[]
xenophobia_lexicon,xenophobia_lexicon_en.txt,plaza2020detecting;bassignana2018hurtlex,bum,,xenophobia_or_ethnic_slur_cue,"A xenophobia-related or ethnic-offensive lexical cue matched; check whether the meme uses it to attack an immigrant, nationality, ethnic, racial, or religious group.",0.9,bum,[]
xenophobia_lexicon,xenophobia_lexicon_en.txt,plaza2020detecting;bassignana2018hurtlex,undoer,,xenophobia_or_ethnic_slur_cue,"A xenophobia-related or ethnic-offensive lexical cue matched; check whether the meme uses it to attack an immigrant, nationality, ethnic, racial, or religious group.",0.9,undoer,[]
xenophobia_lexicon,xenophobia_lexicon_en.txt,plaza2020detecting;bassignana2018hurtlex,latino,,xenophobia_or_ethnic_slur_cue,"A xenophobia-related or ethnic-offensive lexical cue matched; check whether the meme uses it to attack an immigrant, nationality, ethnic, racial, or religious group.",0.9,latino,[]
xenophobia_lexicon,xenophobia_lexicon_en.txt,plaza2020detecting;bassignana2018hurtlex,crossbred,,xenophobia_or_ethnic_slur_cue,"A xenophobia-related or ethnic-offensive lexical cue matched; check whether the meme uses it to attack an immigrant, nationality, ethnic, racial, or religious group.",0.9,crossbred,[]
xenophobia_lexicon,xenophobia_lexicon_en.txt,plaza2020detecting;bassignana2018hurtlex,mongloids,,xenophobia_or_ethnic_slur_cue,"A xenophobia-related or ethnic-offensive lexical cue matched; check whether the meme uses it to attack an immigrant, nationality, ethnic, racial, or religious group.",0.9,mongloids,[]
xenophobia_lexicon,xenophobia_lexicon_en.txt,plaza2020detecting;bassignana2018hurtlex,zigan,,xenophobia_or_ethnic_slur_cue,"A xenophobia-related or ethnic-offensive lexical cue matched; check whether the meme uses it to attack an immigrant, nationality, ethnic, racial, or religious group.",0.9,zigan,[]
xenophobia_lexicon,xenophobia_lexicon_en.txt,plaza2020detecting;bassignana2018hurtlex,bedouin,,xenophobia_or_ethnic_slur_cue,"A xenophobia-related or ethnic-offensive lexical cue matched; check whether the meme uses it to attack an immigrant, nationality, ethnic, racial, or religious group.",0.9,bedouin,[]
xenophobia_lexicon,xenophobia_lexicon_en.txt,plaza2020detecting;bassignana2018hurtlex,jewish,,xenophobia_or_ethnic_slur_cue,"A xenophobia-related or ethnic-offensive lexical cue matched; check whether the meme uses it to attack an immigrant, nationality, ethnic, racial, or religious group.",0.9,jewish,[]
xenophobia_lexicon,xenophobia_lexicon_en.txt,plaza2020detecting;bassignana2018hurtlex,negro,,xenophobia_or_ethnic_slur_cue,"A xenophobia-related or ethnic-offensive lexical cue matched; check whether the meme uses it to attack an immigrant, nationality, ethnic, racial, or religious group.",0.9,negro,[]
xenophobia_lexicon,xenophobia_lexicon_en.txt,plaza2020detecting;bassignana2018hurtlex,ostrogoths,,xenophobia_or_ethnic_slur_cue,"A xenophobia-related or ethnic-offensive lexical cue matched; check whether the meme uses it to attack an immigrant, nationality, ethnic, racial, or religious group.",0.9,ostrogoths,[]
xenophobia_lexicon,xenophobia_lexicon_en.txt,plaza2020detecting;bassignana2018hurtlex,pest resistance,,xenophobia_or_ethnic_slur_cue,"A xenophobia-related or ethnic-offensive lexical cue matched; check whether the meme uses it to attack an immigrant, nationality, ethnic, racial, or religious group.",0.9,pest resistance,[]
xenophobia_lexicon,xenophobia_lexicon_en.txt,plaza2020detecting;bassignana2018hurtlex,metic,,xenophobia_or_ethnic_slur_cue,"A xenophobia-related or ethnic-offensive lexical cue matched; check whether the meme uses it to attack an immigrant, nationality, ethnic, racial, or religious group.",0.9,metic,[]
xenophobia_lexicon,xenophobia_lexicon_en.txt,plaza2020detecting;bassignana2018hurtlex,hybridisation event,,xenophobia_or_ethnic_slur_cue,"A xenophobia-related or ethnic-offensive lexical cue matched; check whether the meme uses it to attack an immigrant, nationality, ethnic, racial, or religious group.",0.9,hybridisation event,[]
xenophobia_lexicon,xenophobia_lexicon_en.txt,plaza2020detecting;bassignana2018hurtlex,putz,,xenophobia_or_ethnic_slur_cue,"A xenophobia-related or ethnic-offensive lexical cue matched; check whether the meme uses it to attack an immigrant, nationality, ethnic, racial, or religious group.",0.9,putz,[]
xenophobia_lexicon,xenophobia_lexicon_en.txt,plaza2020detecting;bassignana2018hurtlex,blackeness,,xenophobia_or_ethnic_slur_cue,"A xenophobia-related or ethnic-offensive lexical cue matched; check whether the meme uses it to attack an immigrant, nationality, ethnic, racial, or religious group.",0.9,blackeness,[]
xenophobia_lexicon,xenophobia_lexicon_en.txt,plaza2020detecting;bassignana2018hurtlex,jerry,,xenophobia_or_ethnic_slur_cue,"A xenophobia-related or ethnic-offensive lexical cue matched; check whether the meme uses it to attack an immigrant, nationality, ethnic, racial, or religious group.",0.9,jerry,[]
xenophobia_lexicon,xenophobia_lexicon_en.txt,plaza2020detecting;bassignana2018hurtlex,ruiner,,xenophobia_or_ethnic_slur_cue,"A xenophobia-related or ethnic-offensive lexical cue matched; check whether the meme uses it to attack an immigrant, nationality, ethnic, racial, or religious group.",0.9,ruiner,[]
xenophobia_lexicon,xenophobia_lexicon_en.txt,plaza2020detecting;bassignana2018hurtlex,judaity,,xenophobia_or_ethnic_slur_cue,"A xenophobia-related or ethnic-offensive lexical cue matched; check whether the meme uses it to attack an immigrant, nationality, ethnic, racial, or religious group.",0.9,judaity,[]
xenophobia_lexicon,xenophobia_lexicon_en.txt,plaza2020detecting;bassignana2018hurtlex,african-negroes,,xenophobia_or_ethnic_slur_cue,"A xenophobia-related or ethnic-offensive lexical cue matched; check whether the meme uses it to attack an immigrant, nationality, ethnic, racial, or religious group.",0.9,african-negroes,[]
xenophobia_lexicon,xenophobia_lexicon_en.txt,plaza2020detecting;bassignana2018hurtlex,cross-breeding,,xenophobia_or_ethnic_slur_cue,"A xenophobia-related or ethnic-offensive lexical cue matched; check whether the meme uses it to attack an immigrant, nationality, ethnic, racial, or religious group.",0.9,cross-breeding,[]
xenophobia_lexicon,xenophobia_lexicon_en.txt,plaza2020detecting;bassignana2018hurtlex,szgany,,xenophobia_or_ethnic_slur_cue,"A xenophobia-related or ethnic-offensive lexical cue matched; check whether the meme uses it to attack an immigrant, nationality, ethnic, racial, or religious group.",0.9,szgany,[]
xenophobia_lexicon,xenophobia_lexicon_en.txt,plaza2020detecting;bassignana2018hurtlex,groid,,xenophobia_or_ethnic_slur_cue,"A xenophobia-related or ethnic-offensive lexical cue matched; check whether the meme uses it to attack an immigrant, nationality, ethnic, racial, or religious group.",0.9,groid,[]
xenophobia_lexicon,xenophobia_lexicon_en.txt,plaza2020detecting;bassignana2018hurtlex,cross,,xenophobia_or_ethnic_slur_cue,"A xenophobia-related or ethnic-offensive lexical cue matched; check whether the meme uses it to attack an immigrant, nationality, ethnic, racial, or religious group.",0.9,cross,[]
xenophobia_lexicon,xenophobia_lexicon_en.txt,plaza2020detecting;bassignana2018hurtlex,half-wit,,xenophobia_or_ethnic_slur_cue,"A xenophobia-related or ethnic-offensive lexical cue matched; check whether the meme uses it to attack an immigrant, nationality, ethnic, racial, or religious group.",0.9,half-wit,[]
xenophobia_lexicon,xenophobia_lexicon_en.txt,plaza2020detecting;bassignana2018hurtlex,uprooter,,xenophobia_or_ethnic_slur_cue,"A xenophobia-related or ethnic-offensive lexical cue matched; check whether the meme uses it to attack an immigrant, nationality, ethnic, racial, or religious group.",0.9,uprooter,[]
xenophobia_lexicon,xenophobia_lexicon_en.txt,plaza2020detecting;bassignana2018hurtlex,juadaism,,xenophobia_or_ethnic_slur_cue,"A xenophobia-related or ethnic-offensive lexical cue matched; check whether the meme uses it to attack an immigrant, nationality, ethnic, racial, or religious group.",0.9,juadaism,[]
xenophobia_lexicon,xenophobia_lexicon_en.txt,plaza2020detecting;bassignana2018hurtlex,romanis,,xenophobia_or_ethnic_slur_cue,"A xenophobia-related or ethnic-offensive lexical cue matched; check whether the meme uses it to attack an immigrant, nationality, ethnic, racial, or religious group.",0.9,romanis,[]
xenophobia_lexicon,xenophobia_lexicon_en.txt,plaza2020detecting;bassignana2018hurtlex,dunderheads,,xenophobia_or_ethnic_slur_cue,"A xenophobia-related or ethnic-offensive lexical cue matched; check whether the meme uses it to attack an immigrant, nationality, ethnic, racial, or religious group.",0.9,dunderheads,[]
xenophobia_lexicon,xenophobia_lexicon_en.txt,plaza2020detecting;bassignana2018hurtlex,cretin,,xenophobia_or_ethnic_slur_cue,"A xenophobia-related or ethnic-offensive lexical cue matched; check whether the meme uses it to attack an immigrant, nationality, ethnic, racial, or religious group.",0.9,cretin,[]
xenophobia_lexicon,xenophobia_lexicon_en.txt,plaza2020detecting;bassignana2018hurtlex,waster,,xenophobia_or_ethnic_slur_cue,"A xenophobia-related or ethnic-offensive lexical cue matched; check whether the meme uses it to attack an immigrant, nationality, ethnic, racial, or religious group.",0.9,waster,[]
xenophobia_lexicon,xenophobia_lexicon_en.txt,plaza2020detecting;bassignana2018hurtlex,barbarousness,,xenophobia_or_ethnic_slur_cue,"A xenophobia-related or ethnic-offensive lexical cue matched; check whether the meme uses it to attack an immigrant, nationality, ethnic, racial, or religious group.",0.9,barbarousness,[]
xenophobia_lexicon,xenophobia_lexicon_en.txt,plaza2020detecting;bassignana2018hurtlex,jigaboo,,xenophobia_or_ethnic_slur_cue,"A xenophobia-related or ethnic-offensive lexical cue matched; check whether the meme uses it to attack an immigrant, nationality, ethnic, racial, or religious group.",0.9,jigaboo,[]
xenophobia_lexicon,xenophobia_lexicon_en.txt,plaza2020detecting;bassignana2018hurtlex,booby,,xenophobia_or_ethnic_slur_cue,"A xenophobia-related or ethnic-offensive lexical cue matched; check whether the meme uses it to attack an immigrant, nationality, ethnic, racial, or religious group.",0.9,booby,[]
xenophobia_lexicon,xenophobia_lexicon_en.txt,plaza2020detecting;bassignana2018hurtlex,african american,,xenophobia_or_ethnic_slur_cue,"A xenophobia-related or ethnic-offensive lexical cue matched; check whether the meme uses it to attack an immigrant, nationality, ethnic, racial, or religious group.",0.9,african american,[]
xenophobia_lexicon,xenophobia_lexicon_en.txt,plaza2020detecting;bassignana2018hurtlex,gull,,xenophobia_or_ethnic_slur_cue,"A xenophobia-related or ethnic-offensive lexical cue matched; check whether the meme uses it to attack an immigrant, nationality, ethnic, racial, or religious group.",0.9,gull,[]
xenophobia_lexicon,xenophobia_lexicon_en.txt,plaza2020detecting;bassignana2018hurtlex,judaic,,xenophobia_or_ethnic_slur_cue,"A xenophobia-related or ethnic-offensive lexical cue matched; check whether the meme uses it to attack an immigrant, nationality, ethnic, racial, or religious group.",0.9,judaic,[]
xenophobia_lexicon,xenophobia_lexicon_en.txt,plaza2020detecting;bassignana2018hurtlex,beduin,,xenophobia_or_ethnic_slur_cue,"A xenophobia-related or ethnic-offensive lexical cue matched; check whether the meme uses it to attack an immigrant, nationality, ethnic, racial, or religious group.",0.9,beduin,[]
xenophobia_lexicon,xenophobia_lexicon_en.txt,plaza2020detecting;bassignana2018hurtlex,hybridization event,,xenophobia_or_ethnic_slur_cue,"A xenophobia-related or ethnic-offensive lexical cue matched; check whether the meme uses it to attack an immigrant, nationality, ethnic, racial, or religious group.",0.9,hybridization event,[]
xenophobia_lexicon,xenophobia_lexicon_en.txt,plaza2020detecting;bassignana2018hurtlex,quarter-caste,,xenophobia_or_ethnic_slur_cue,"A xenophobia-related or ethnic-offensive lexical cue matched; check whether the meme uses it to attack an immigrant, nationality, ethnic, racial, or religious group.",0.9,quarter-caste,[]
xenophobia_lexicon,xenophobia_lexicon_en.txt,plaza2020detecting;bassignana2018hurtlex,mongoloids,,xenophobia_or_ethnic_slur_cue,"A xenophobia-related or ethnic-offensive lexical cue matched; check whether the meme uses it to attack an immigrant, nationality, ethnic, racial, or religious group.",0.9,mongoloids,[]
xenophobia_lexicon,xenophobia_lexicon_en.txt,plaza2020detecting;bassignana2018hurtlex,romany,,xenophobia_or_ethnic_slur_cue,"A xenophobia-related or ethnic-offensive lexical cue matched; check whether the meme uses it to attack an immigrant, nationality, ethnic, racial, or religious group.",0.9,romany,[]
xenophobia_lexicon,xenophobia_lexicon_en.txt,plaza2020detecting;bassignana2018hurtlex,negroids,,xenophobia_or_ethnic_slur_cue,"A xenophobia-related or ethnic-offensive lexical cue matched; check whether the meme uses it to attack an immigrant, nationality, ethnic, racial, or religious group.",0.9,negroids,[]
xenophobia_lexicon,xenophobia_lexicon_en.txt,plaza2020detecting;bassignana2018hurtlex,hispanic,,xenophobia_or_ethnic_slur_cue,"A xenophobia-related or ethnic-offensive lexical cue matched; check whether the meme uses it to attack an immigrant, nationality, ethnic, racial, or religious group.",0.9,hispanic,[]
xenophobia_lexicon,xenophobia_lexicon_en.txt,plaza2020detecting;bassignana2018hurtlex,mestizo,,xenophobia_or_ethnic_slur_cue,"A xenophobia-related or ethnic-offensive lexical cue matched; check whether the meme uses it to attack an immigrant, nationality, ethnic, racial, or religious group.",0.9,mestizo,[]
xenophobia_lexicon,xenophobia_lexicon_en.txt,plaza2020detecting;bassignana2018hurtlex,nitwit,,xenophobia_or_ethnic_slur_cue,"A xenophobia-related or ethnic-offensive lexical cue matched; check whether the meme uses it to attack an immigrant, nationality, ethnic, racial, or religious group.",0.9,nitwit,[]
xenophobia_lexicon,xenophobia_lexicon_en.txt,plaza2020detecting;bassignana2018hurtlex,bohemian,,xenophobia_or_ethnic_slur_cue,"A xenophobia-related or ethnic-offensive lexical cue matched; check whether the meme uses it to attack an immigrant, nationality, ethnic, racial, or religious group.",0.9,bohemian,[]
xenophobia_lexicon,xenophobia_lexicon_en.txt,plaza2020detecting;bassignana2018hurtlex,crossbreed,,xenophobia_or_ethnic_slur_cue,"A xenophobia-related or ethnic-offensive lexical cue matched; check whether the meme uses it to attack an immigrant, nationality, ethnic, racial, or religious group.",0.9,crossbreed,[]
xenophobia_lexicon,xenophobia_lexicon_en.txt,plaza2020detecting;bassignana2018hurtlex,chernozhopyi,,xenophobia_or_ethnic_slur_cue,"A xenophobia-related or ethnic-offensive lexical cue matched; check whether the meme uses it to attack an immigrant, nationality, ethnic, racial, or religious group.",0.9,chernozhopyi,[]
xenophobia_lexicon,xenophobia_lexicon_en.txt,plaza2020detecting;bassignana2018hurtlex,boor,,xenophobia_or_ethnic_slur_cue,"A xenophobia-related or ethnic-offensive lexical cue matched; check whether the meme uses it to attack an immigrant, nationality, ethnic, racial, or religious group.",0.9,boor,[]
xenophobia_lexicon,xenophobia_lexicon_en.txt,plaza2020detecting;bassignana2018hurtlex,sucker,,xenophobia_or_ethnic_slur_cue,"A xenophobia-related or ethnic-offensive lexical cue matched; check whether the meme uses it to attack an immigrant, nationality, ethnic, racial, or religious group.",0.9,sucker,[]
xenophobia_lexicon,xenophobia_lexicon_en.txt,plaza2020detecting;bassignana2018hurtlex,bulgarian,,xenophobia_or_ethnic_slur_cue,"A xenophobia-related or ethnic-offensive lexical cue matched; check whether the meme uses it to attack an immigrant, nationality, ethnic, racial, or religious group.",0.9,bulgarian,[]
xenophobia_lexicon,xenophobia_lexicon_en.txt,plaza2020detecting;bassignana2018hurtlex,kike,,xenophobia_or_ethnic_slur_cue,"A xenophobia-related or ethnic-offensive lexical cue matched; check whether the meme uses it to attack an immigrant, nationality, ethnic, racial, or religious group.",0.9,kike,[]
xenophobia_lexicon,xenophobia_lexicon_en.txt,plaza2020detecting;bassignana2018hurtlex,coo yon,,xenophobia_or_ethnic_slur_cue,"A xenophobia-related or ethnic-offensive lexical cue matched; check whether the meme uses it to attack an immigrant, nationality, ethnic, racial, or religious group.",0.9,coo yon,[]
xenophobia_lexicon,xenophobia_lexicon_en.txt,plaza2020detecting;bassignana2018hurtlex,negrid,,xenophobia_or_ethnic_slur_cue,"A xenophobia-related or ethnic-offensive lexical cue matched; check whether the meme uses it to attack an immigrant, nationality, ethnic, racial, or religious group.",0.9,negrid,[]
xenophobia_lexicon,xenophobia_lexicon_en.txt,plaza2020detecting;bassignana2018hurtlex,romani,,xenophobia_or_ethnic_slur_cue,"A xenophobia-related or ethnic-offensive lexical cue matched; check whether the meme uses it to attack an immigrant, nationality, ethnic, racial, or religious group.",0.9,romani,[]
xenophobia_lexicon,xenophobia_lexicon_en.txt,plaza2020detecting;bassignana2018hurtlex,penalty card,,xenophobia_or_ethnic_slur_cue,"A xenophobia-related or ethnic-offensive lexical cue matched; check whether the meme uses it to attack an immigrant, nationality, ethnic, racial, or religious group.",0.9,penalty card,[]
xenophobia_lexicon,xenophobia_lexicon_en.txt,plaza2020detecting;bassignana2018hurtlex,roma,,xenophobia_or_ethnic_slur_cue,"A xenophobia-related or ethnic-offensive lexical cue matched; check whether the meme uses it to attack an immigrant, nationality, ethnic, racial, or religious group.",0.9,roma,[]
xenophobia_lexicon,xenophobia_lexicon_en.txt,plaza2020detecting;bassignana2018hurtlex,white,,xenophobia_or_ethnic_slur_cue,"A xenophobia-related or ethnic-offensive lexical cue matched; check whether the meme uses it to attack an immigrant, nationality, ethnic, racial, or religious group.",0.9,white,[]
xenophobia_lexicon,xenophobia_lexicon_en.txt,plaza2020detecting;bassignana2018hurtlex,yahood,,xenophobia_or_ethnic_slur_cue,"A xenophobia-related or ethnic-offensive lexical cue matched; check whether the meme uses it to attack an immigrant, nationality, ethnic, racial, or religious group.",0.9,yahood,[]
xenophobia_lexicon,xenophobia_lexicon_en.txt,plaza2020detecting;bassignana2018hurtlex,moron,,xenophobia_or_ethnic_slur_cue,"A xenophobia-related or ethnic-offensive lexical cue matched; check whether the meme uses it to attack an immigrant, nationality, ethnic, racial, or religious group.",0.9,moron,[]
xenophobia_lexicon,xenophobia_lexicon_en.txt,plaza2020detecting;bassignana2018hurtlex,plant crossing,,xenophobia_or_ethnic_slur_cue,"A xenophobia-related or ethnic-offensive lexical cue matched; check whether the meme uses it to attack an immigrant, nationality, ethnic, racial, or religious group.",0.9,plant crossing,[]
xenophobia_lexicon,xenophobia_lexicon_en.txt,plaza2020detecting;bassignana2018hurtlex,plant biotechnology,,xenophobia_or_ethnic_slur_cue,"A xenophobia-related or ethnic-offensive lexical cue matched; check whether the meme uses it to attack an immigrant, nationality, ethnic, racial, or religious group.",0.9,plant biotechnology,[]
xenophobia_lexicon,xenophobia_lexicon_en.txt,plaza2020detecting;bassignana2018hurtlex,juive,,xenophobia_or_ethnic_slur_cue,"A xenophobia-related or ethnic-offensive lexical cue matched; check whether the meme uses it to attack an immigrant, nationality, ethnic, racial, or religious group.",0.9,juive,[]
xenophobia_lexicon,xenophobia_lexicon_en.txt,plaza2020detecting;bassignana2018hurtlex,mongolid,,xenophobia_or_ethnic_slur_cue,"A xenophobia-related or ethnic-offensive lexical cue matched; check whether the meme uses it to attack an immigrant, nationality, ethnic, racial, or religious group.",0.9,mongolid,[]
xenophobia_lexicon,xenophobia_lexicon_en.txt,plaza2020detecting;bassignana2018hurtlex,asian,,xenophobia_or_ethnic_slur_cue,"A xenophobia-related or ethnic-offensive lexical cue matched; check whether the meme uses it to attack an immigrant, nationality, ethnic, racial, or religious group.",0.9,asian,[]
xenophobia_lexicon,xenophobia_lexicon_en.txt,plaza2020detecting;bassignana2018hurtlex,judasim,,xenophobia_or_ethnic_slur_cue,"A xenophobia-related or ethnic-offensive lexical cue matched; check whether the meme uses it to attack an immigrant, nationality, ethnic, racial, or religious group.",0.9,judasim,[]
xenophobia_lexicon,xenophobia_lexicon_en.txt,plaza2020detecting;bassignana2018hurtlex,meteques,,xenophobia_or_ethnic_slur_cue,"A xenophobia-related or ethnic-offensive lexical cue matched; check whether the meme uses it to attack an immigrant, nationality, ethnic, racial, or religious group.",0.9,meteques,[]
xenophobia_lexicon,xenophobia_lexicon_en.txt,plaza2020detecting;bassignana2018hurtlex,ostragoths,,xenophobia_or_ethnic_slur_cue,"A xenophobia-related or ethnic-offensive lexical cue matched; check whether the meme uses it to attack an immigrant, nationality, ethnic, racial, or religious group.",0.9,ostragoths,[]
xenophobia_lexicon,xenophobia_lexicon_en.txt,plaza2020detecting;bassignana2018hurtlex,barbarous,,xenophobia_or_ethnic_slur_cue,"A xenophobia-related or ethnic-offensive lexical cue matched; check whether the meme uses it to attack an immigrant, nationality, ethnic, racial, or religious group.",0.9,barbarous,[]
xenophobia_lexicon,xenophobia_lexicon_en.txt,plaza2020detecting;bassignana2018hurtlex,crossings,,xenophobia_or_ethnic_slur_cue,"A xenophobia-related or ethnic-offensive lexical cue matched; check whether the meme uses it to attack an immigrant, nationality, ethnic, racial, or religious group.",0.9,crossings,[]
xenophobia_lexicon,xenophobia_lexicon_en.txt,plaza2020detecting;bassignana2018hurtlex,genetic crossing,,xenophobia_or_ethnic_slur_cue,"A xenophobia-related or ethnic-offensive lexical cue matched; check whether the meme uses it to attack an immigrant, nationality, ethnic, racial, or religious group.",0.9,genetic crossing,[]
xenophobia_lexicon,xenophobia_lexicon_en.txt,plaza2020detecting;bassignana2018hurtlex,race,,xenophobia_or_ethnic_slur_cue,"A xenophobia-related or ethnic-offensive lexical cue matched; check whether the meme uses it to attack an immigrant, nationality, ethnic, racial, or religious group.",0.9,race,[]
xenophobia_lexicon,xenophobia_lexicon_en.txt,plaza2020detecting;bassignana2018hurtlex,judaisam,,xenophobia_or_ethnic_slur_cue,"A xenophobia-related or ethnic-offensive lexical cue matched; check whether the meme uses it to attack an immigrant, nationality, ethnic, racial, or religious group.",0.9,judaisam,[]
xenophobia_lexicon,xenophobia_lexicon_en.txt,plaza2020detecting;bassignana2018hurtlex,mixed origin,,xenophobia_or_ethnic_slur_cue,"A xenophobia-related or ethnic-offensive lexical cue matched; check whether the meme uses it to attack an immigrant, nationality, ethnic, racial, or religious group.",0.9,mixed origin,[]
xenophobia_lexicon,xenophobia_lexicon_en.txt,plaza2020detecting;bassignana2018hurtlex,mosaic faith,,xenophobia_or_ethnic_slur_cue,"A xenophobia-related or ethnic-offensive lexical cue matched; check whether the meme uses it to attack an immigrant, nationality, ethnic, racial, or religious group.",0.9,mosaic faith,[]
xenophobia_lexicon,xenophobia_lexicon_en.txt,plaza2020detecting;bassignana2018hurtlex,black,,xenophobia_or_ethnic_slur_cue,"A xenophobia-related or ethnic-offensive lexical cue matched; check whether the meme uses it to attack an immigrant, nationality, ethnic, racial, or religious group.",0.9,black,[]
xenophobia_lexicon,xenophobia_lexicon_en.txt,plaza2020detecting;bassignana2018hurtlex,blackamoor,,xenophobia_or_ethnic_slur_cue,"A xenophobia-related or ethnic-offensive lexical cue matched; check whether the meme uses it to attack an immigrant, nationality, ethnic, racial, or religious group.",0.9,blackamoor,[]
xenophobia_lexicon,xenophobia_lexicon_en.txt,plaza2020detecting;bassignana2018hurtlex,coo-yon,,xenophobia_or_ethnic_slur_cue,"A xenophobia-related or ethnic-offensive lexical cue matched; check whether the meme uses it to attack an immigrant, nationality, ethnic, racial, or religious group.",0.9,coo-yon,[]
xenophobia_lexicon,xenophobia_lexicon_en.txt,plaza2020detecting;bassignana2018hurtlex,mongolic peoples,,xenophobia_or_ethnic_slur_cue,"A xenophobia-related or ethnic-offensive lexical cue matched; check whether the meme uses it to attack an immigrant, nationality, ethnic, racial, or religious group.",0.9,mongolic peoples,[]
xenophobia_lexicon,xenophobia_lexicon_en.txt,plaza2020detecting;bassignana2018hurtlex,idiotic,,xenophobia_or_ethnic_slur_cue,"A xenophobia-related or ethnic-offensive lexical cue matched; check whether the meme uses it to attack an immigrant, nationality, ethnic, racial, or religious group.",0.9,idiotic,[]
xenophobia_lexicon,xenophobia_lexicon_en.txt,plaza2020detecting;bassignana2018hurtlex,negroe,,xenophobia_or_ethnic_slur_cue,"A xenophobia-related or ethnic-offensive lexical cue matched; check whether the meme uses it to attack an immigrant, nationality, ethnic, racial, or religious group.",0.9,negroe,[]
xenophobia_lexicon,xenophobia_lexicon_en.txt,plaza2020detecting;bassignana2018hurtlex,sheeny,,xenophobia_or_ethnic_slur_cue,"A xenophobia-related or ethnic-offensive lexical cue matched; check whether the meme uses it to attack an immigrant, nationality, ethnic, racial, or religious group.",0.9,sheeny,[]
xenophobia_lexicon,xenophobia_lexicon_en.txt,plaza2020detecting;bassignana2018hurtlex,boche,,xenophobia_or_ethnic_slur_cue,"A xenophobia-related or ethnic-offensive lexical cue matched; check whether the meme uses it to attack an immigrant, nationality, ethnic, racial, or religious group.",0.9,boche,[]
xenophobia_lexicon,xenophobia_lexicon_en.txt,plaza2020detecting;bassignana2018hurtlex,vandalii,,xenophobia_or_ethnic_slur_cue,"A xenophobia-related or ethnic-offensive lexical cue matched; check whether the meme uses it to attack an immigrant, nationality, ethnic, racial, or religious group.",0.9,vandalii,[]
xenophobia_lexicon,xenophobia_lexicon_en.txt,plaza2020detecting;bassignana2018hurtlex,rroma,,xenophobia_or_ethnic_slur_cue,"A xenophobia-related or ethnic-offensive lexical cue matched; check whether the meme uses it to attack an immigrant, nationality, ethnic, racial, or religious group.",0.9,rroma,[]
xenophobia_lexicon,xenophobia_lexicon_en.txt,plaza2020detecting;bassignana2018hurtlex,krauthead,,xenophobia_or_ethnic_slur_cue,"A xenophobia-related or ethnic-offensive lexical cue matched; check whether the meme uses it to attack an immigrant, nationality, ethnic, racial, or religious group.",0.9,krauthead,[]
xenophobia_lexicon,xenophobia_lexicon_en.txt,plaza2020detecting;bassignana2018hurtlex,darkey,,xenophobia_or_ethnic_slur_cue,"A xenophobia-related or ethnic-offensive lexical cue matched; check whether the meme uses it to attack an immigrant, nationality, ethnic, racial, or religious group.",0.9,darkey,[]
xenophobia_lexicon,xenophobia_lexicon_en.txt,plaza2020detecting;bassignana2018hurtlex,ostrogoth,,xenophobia_or_ethnic_slur_cue,"A xenophobia-related or ethnic-offensive lexical cue matched; check whether the meme uses it to attack an immigrant, nationality, ethnic, racial, or religious group.",0.9,ostrogoth,[]
xenophobia_lexicon,xenophobia_lexicon_en.txt,plaza2020detecting;bassignana2018hurtlex,mug,,xenophobia_or_ethnic_slur_cue,"A xenophobia-related or ethnic-offensive lexical cue matched; check whether the meme uses it to attack an immigrant, nationality, ethnic, racial, or religious group.",0.9,mug,[]
xenophobia_lexicon,xenophobia_lexicon_en.txt,plaza2020detecting;bassignana2018hurtlex,mestiso,,xenophobia_or_ethnic_slur_cue,"A xenophobia-related or ethnic-offensive lexical cue matched; check whether the meme uses it to attack an immigrant, nationality, ethnic, racial, or religious group.",0.9,mestiso,[]
xenophobia_lexicon,xenophobia_lexicon_en.txt,plaza2020detecting;bassignana2018hurtlex,derelict,,xenophobia_or_ethnic_slur_cue,"A xenophobia-related or ethnic-offensive lexical cue matched; check whether the meme uses it to attack an immigrant, nationality, ethnic, racial, or religious group.",0.9,derelict,[]
xenophobia_lexicon,xenophobia_lexicon_en.txt,plaza2020detecting;bassignana2018hurtlex,hnrrep,,xenophobia_or_ethnic_slur_cue,"A xenophobia-related or ethnic-offensive lexical cue matched; check whether the meme uses it to attack an immigrant, nationality, ethnic, racial, or religious group.",0.9,hnrrep,[]
xenophobia_lexicon,xenophobia_lexicon_en.txt,plaza2020detecting;bassignana2018hurtlex,barbarians,,xenophobia_or_ethnic_slur_cue,"A xenophobia-related or ethnic-offensive lexical cue matched; check whether the meme uses it to attack an immigrant, nationality, ethnic, racial, or religious group.",0.9,barbarians,[]
xenophobia_lexicon,xenophobia_lexicon_en.txt,plaza2020detecting;bassignana2018hurtlex,mongoloid,,xenophobia_or_ethnic_slur_cue,"A xenophobia-related or ethnic-offensive lexical cue matched; check whether the meme uses it to attack an immigrant, nationality, ethnic, racial, or religious group.",0.9,mongoloid,[]
xenophobia_lexicon,xenophobia_lexicon_en.txt,plaza2020detecting;bassignana2018hurtlex,lout,,xenophobia_or_ethnic_slur_cue,"A xenophobia-related or ethnic-offensive lexical cue matched; check whether the meme uses it to attack an immigrant, nationality, ethnic, racial, or religious group.",0.9,lout,[]
xenophobia_lexicon,xenophobia_lexicon_en.txt,plaza2020detecting;bassignana2018hurtlex,floater,,xenophobia_or_ethnic_slur_cue,"A xenophobia-related or ethnic-offensive lexical cue matched; check whether the meme uses it to attack an immigrant, nationality, ethnic, racial, or religious group.",0.9,floater,[]
xenophobia_lexicon,xenophobia_lexicon_en.txt,plaza2020detecting;bassignana2018hurtlex,inkiness,,xenophobia_or_ethnic_slur_cue,"A xenophobia-related or ethnic-offensive lexical cue matched; check whether the meme uses it to attack an immigrant, nationality, ethnic, racial, or religious group.",0.9,inkiness,[]
xenophobia_lexicon,xenophobia_lexicon_en.txt,plaza2020detecting;bassignana2018hurtlex,zulu-kaffirs,,xenophobia_or_ethnic_slur_cue,"A xenophobia-related or ethnic-offensive lexical cue matched; check whether the meme uses it to attack an immigrant, nationality, ethnic, racial, or religious group.",0.9,zulu-kaffirs,[]
xenophobia_lexicon,xenophobia_lexicon_en.txt,plaza2020detecting;bassignana2018hurtlex,pikey,,xenophobia_or_ethnic_slur_cue,"A xenophobia-related or ethnic-offensive lexical cue matched; check whether the meme uses it to attack an immigrant, nationality, ethnic, racial, or religious group.",0.9,pikey,[]
xenophobia_lexicon,xenophobia_lexicon_en.txt,plaza2020detecting;bassignana2018hurtlex,goth,,xenophobia_or_ethnic_slur_cue,"A xenophobia-related or ethnic-offensive lexical cue matched; check whether the meme uses it to attack an immigrant, nationality, ethnic, racial, or religious group.",0.9,goth,[]
xenophobia_lexicon,xenophobia_lexicon_en.txt,plaza2020detecting;bassignana2018hurtlex,barbarously,,xenophobia_or_ethnic_slur_cue,"A xenophobia-related or ethnic-offensive lexical cue matched; check whether the meme uses it to attack an immigrant, nationality, ethnic, racial, or religious group.",0.9,barbarously,[]
xenophobia_lexicon,xenophobia_lexicon_en.txt,plaza2020detecting;bassignana2018hurtlex,negress,,xenophobia_or_ethnic_slur_cue,"A xenophobia-related or ethnic-offensive lexical cue matched; check whether the meme uses it to attack an immigrant, nationality, ethnic, racial, or religious group.",0.9,negress,[]
xenophobia_lexicon,xenophobia_lexicon_en.txt,plaza2020detecting;bassignana2018hurtlex,japanese-mestizo,,xenophobia_or_ethnic_slur_cue,"A xenophobia-related or ethnic-offensive lexical cue matched; check whether the meme uses it to attack an immigrant, nationality, ethnic, racial, or religious group.",0.9,japanese-mestizo,[]
xenophobia_lexicon,xenophobia_lexicon_en.txt,plaza2020detecting;bassignana2018hurtlex,juives,,xenophobia_or_ethnic_slur_cue,"A xenophobia-related or ethnic-offensive lexical cue matched; check whether the meme uses it to attack an immigrant, nationality, ethnic, racial, or religious group.",0.9,juives,[]
xenophobia_lexicon,xenophobia_lexicon_en.txt,plaza2020detecting;bassignana2018hurtlex,africanus niger,,xenophobia_or_ethnic_slur_cue,"A xenophobia-related or ethnic-offensive lexical cue matched; check whether the meme uses it to attack an immigrant, nationality, ethnic, racial, or religious group.",0.9,africanus niger,[]
xenophobia_lexicon,xenophobia_lexicon_en.txt,plaza2020detecting;bassignana2018hurtlex,jewes,,xenophobia_or_ethnic_slur_cue,"A xenophobia-related or ethnic-offensive lexical cue matched; check whether the meme uses it to attack an immigrant, nationality, ethnic, racial, or religious group.",0.9,jewes,[]
xenophobia_lexicon,xenophobia_lexicon_en.txt,plaza2020detecting;bassignana2018hurtlex,blackishly,,xenophobia_or_ethnic_slur_cue,"A xenophobia-related or ethnic-offensive lexical cue matched; check whether the meme uses it to attack an immigrant, nationality, ethnic, racial, or religious group.",0.9,blackishly,[]
xenophobia_lexicon,xenophobia_lexicon_en.txt,plaza2020detecting;bassignana2018hurtlex,birin,,xenophobia_or_ethnic_slur_cue,"A xenophobia-related or ethnic-offensive lexical cue matched; check whether the meme uses it to attack an immigrant, nationality, ethnic, racial, or religious group.",0.9,birin,[]
xenophobia_lexicon,xenophobia_lexicon_en.txt,plaza2020detecting;bassignana2018hurtlex,jewess,,xenophobia_or_ethnic_slur_cue,"A xenophobia-related or ethnic-offensive lexical cue matched; check whether the meme uses it to attack an immigrant, nationality, ethnic, racial, or religious group.",0.9,jewess,[]
xenophobia_lexicon,xenophobia_lexicon_en.txt,plaza2020detecting;bassignana2018hurtlex,judaisem,,xenophobia_or_ethnic_slur_cue,"A xenophobia-related or ethnic-offensive lexical cue matched; check whether the meme uses it to attack an immigrant, nationality, ethnic, racial, or religious group.",0.9,judaisem,[]
xenophobia_lexicon,xenophobia_lexicon_en.txt,plaza2020detecting;bassignana2018hurtlex,hybridism,,xenophobia_or_ethnic_slur_cue,"A xenophobia-related or ethnic-offensive lexical cue matched; check whether the meme uses it to attack an immigrant, nationality, ethnic, racial, or religious group.",0.9,hybridism,[]
xenophobia_lexicon,xenophobia_lexicon_en.txt,plaza2020detecting;bassignana2018hurtlex,niggiz,,xenophobia_or_ethnic_slur_cue,"A xenophobia-related or ethnic-offensive lexical cue matched; check whether the meme uses it to attack an immigrant, nationality, ethnic, racial, or religious group.",0.9,niggiz,[]
xenophobia_lexicon,xenophobia_lexicon_en.txt,plaza2020detecting;bassignana2018hurtlex,hebrew,,xenophobia_or_ethnic_slur_cue,"A xenophobia-related or ethnic-offensive lexical cue matched; check whether the meme uses it to attack an immigrant, nationality, ethnic, racial, or religious group.",0.9,hebrew,[]
xenophobia_lexicon,xenophobia_lexicon_en.txt,plaza2020detecting;bassignana2018hurtlex,dunderheaded,,xenophobia_or_ethnic_slur_cue,"A xenophobia-related or ethnic-offensive lexical cue matched; check whether the meme uses it to attack an immigrant, nationality, ethnic, racial, or religious group.",0.9,dunderheaded,[]
xenophobia_lexicon,xenophobia_lexicon_en.txt,plaza2020detecting;bassignana2018hurtlex,vandali,,xenophobia_or_ethnic_slur_cue,"A xenophobia-related or ethnic-offensive lexical cue matched; check whether the meme uses it to attack an immigrant, nationality, ethnic, racial, or religious group.",0.9,vandali,[]
xenophobia_lexicon,xenophobia_lexicon_en.txt,plaza2020detecting;bassignana2018hurtlex,eastern goths,,xenophobia_or_ethnic_slur_cue,"A xenophobia-related or ethnic-offensive lexical cue matched; check whether the meme uses it to attack an immigrant, nationality, ethnic, racial, or religious group.",0.9,eastern goths,[]
xenophobia_lexicon,xenophobia_lexicon_en.txt,plaza2020detecting;bassignana2018hurtlex,moronism,,xenophobia_or_ethnic_slur_cue,"A xenophobia-related or ethnic-offensive lexical cue matched; check whether the meme uses it to attack an immigrant, nationality, ethnic, racial, or religious group.",0.9,moronism,[]
xenophobia_lexicon,xenophobia_lexicon_en.txt,plaza2020detecting;bassignana2018hurtlex,tzigan,,xenophobia_or_ethnic_slur_cue,"A xenophobia-related or ethnic-offensive lexical cue matched; check whether the meme uses it to attack an immigrant, nationality, ethnic, racial, or religious group.",0.9,tzigan,[]
xenophobia_lexicon,xenophobia_lexicon_en.txt,plaza2020detecting;bassignana2018hurtlex,other races,,xenophobia_or_ethnic_slur_cue,"A xenophobia-related or ethnic-offensive lexical cue matched; check whether the meme uses it to attack an immigrant, nationality, ethnic, racial, or religious group.",0.9,other races,[]
xenophobia_lexicon,xenophobia_lexicon_en.txt,plaza2020detecting;bassignana2018hurtlex,niga,,xenophobia_or_ethnic_slur_cue,"A xenophobia-related or ethnic-offensive lexical cue matched; check whether the meme uses it to attack an immigrant, nationality, ethnic, racial, or religious group.",0.9,niga,[]
xenophobia_lexicon,xenophobia_lexicon_en.txt,plaza2020detecting;bassignana2018hurtlex,judeo,,xenophobia_or_ethnic_slur_cue,"A xenophobia-related or ethnic-offensive lexical cue matched; check whether the meme uses it to attack an immigrant, nationality, ethnic, racial, or religious group.",0.9,judeo,[]
xenophobia_lexicon,xenophobia_lexicon_en.txt,plaza2020detecting;bassignana2018hurtlex,yehudim,,xenophobia_or_ethnic_slur_cue,"A xenophobia-related or ethnic-offensive lexical cue matched; check whether the meme uses it to attack an immigrant, nationality, ethnic, racial, or religious group.",0.9,yehudim,[]
xenophobia_lexicon,xenophobia_lexicon_en.txt,plaza2020detecting;bassignana2018hurtlex,nigra,,xenophobia_or_ethnic_slur_cue,"A xenophobia-related or ethnic-offensive lexical cue matched; check whether the meme uses it to attack an immigrant, nationality, ethnic, racial, or religious group.",0.9,nigra,[]
xenophobia_lexicon,xenophobia_lexicon_en.txt,plaza2020detecting;bassignana2018hurtlex,judaical,,xenophobia_or_ethnic_slur_cue,"A xenophobia-related or ethnic-offensive lexical cue matched; check whether the meme uses it to attack an immigrant, nationality, ethnic, racial, or religious group.",0.9,judaical,[]
xenophobia_lexicon,xenophobia_lexicon_en.txt,plaza2020detecting;bassignana2018hurtlex,dunder headed,,xenophobia_or_ethnic_slur_cue,"A xenophobia-related or ethnic-offensive lexical cue matched; check whether the meme uses it to attack an immigrant, nationality, ethnic, racial, or religious group.",0.9,dunder headed,[]
xenophobia_lexicon,xenophobia_lexicon_en.txt,plaza2020detecting;bassignana2018hurtlex,ethnicity,,xenophobia_or_ethnic_slur_cue,"A xenophobia-related or ethnic-offensive lexical cue matched; check whether the meme uses it to attack an immigrant, nationality, ethnic, racial, or religious group.",0.9,ethnicity,[]
xenophobia_lexicon,xenophobia_lexicon_en.txt,plaza2020detecting;bassignana2018hurtlex,half-breed,,xenophobia_or_ethnic_slur_cue,"A xenophobia-related or ethnic-offensive lexical cue matched; check whether the meme uses it to attack an immigrant, nationality, ethnic, racial, or religious group.",0.9,half-breed,[]
xenophobia_lexicon,xenophobia_lexicon_en.txt,plaza2020detecting;bassignana2018hurtlex,niggers,,xenophobia_or_ethnic_slur_cue,"A xenophobia-related or ethnic-offensive lexical cue matched; check whether the meme uses it to attack an immigrant, nationality, ethnic, racial, or religious group.",0.9,niggers,[]
xenophobia_lexicon,xenophobia_lexicon_en.txt,plaza2020detecting;bassignana2018hurtlex,the synagogue,,xenophobia_or_ethnic_slur_cue,"A xenophobia-related or ethnic-offensive lexical cue matched; check whether the meme uses it to attack an immigrant, nationality, ethnic, racial, or religious group.",0.9,the synagogue,[]
xenophobia_lexicon,xenophobia_lexicon_en.txt,plaza2020detecting;bassignana2018hurtlex,tike,,xenophobia_or_ethnic_slur_cue,"A xenophobia-related or ethnic-offensive lexical cue matched; check whether the meme uses it to attack an immigrant, nationality, ethnic, racial, or religious group.",0.9,tike,[]
xenophobia_lexicon,xenophobia_lexicon_en.txt,plaza2020detecting;bassignana2018hurtlex,ni66a,,xenophobia_or_ethnic_slur_cue,"A xenophobia-related or ethnic-offensive lexical cue matched; check whether the meme uses it to attack an immigrant, nationality, ethnic, racial, or religious group.",0.9,ni66a,[]
xenophobia_lexicon,xenophobia_lexicon_en.txt,plaza2020detecting;bassignana2018hurtlex,half-cast,,xenophobia_or_ethnic_slur_cue,"A xenophobia-related or ethnic-offensive lexical cue matched; check whether the meme uses it to attack an immigrant, nationality, ethnic, racial, or religious group.",0.9,half-cast,[]
xenophobia_lexicon,xenophobia_lexicon_en.txt,plaza2020detecting;bassignana2018hurtlex,judaism,,xenophobia_or_ethnic_slur_cue,"A xenophobia-related or ethnic-offensive lexical cue matched; check whether the meme uses it to attack an immigrant, nationality, ethnic, racial, or religious group.",0.9,judaism,[]
xenophobia_lexicon,xenophobia_lexicon_en.txt,plaza2020detecting;bassignana2018hurtlex,bedouinism,,xenophobia_or_ethnic_slur_cue,"A xenophobia-related or ethnic-offensive lexical cue matched; check whether the meme uses it to attack an immigrant, nationality, ethnic, racial, or religious group.",0.9,bedouinism,[]
xenophobia_lexicon,xenophobia_lexicon_en.txt,plaza2020detecting;bassignana2018hurtlex,israelite,,xenophobia_or_ethnic_slur_cue,"A xenophobia-related or ethnic-offensive lexical cue matched; check whether the meme uses it to attack an immigrant, nationality, ethnic, racial, or religious group.",0.9,israelite,[]
xenophobia_lexicon,xenophobia_lexicon_en.txt,plaza2020detecting;bassignana2018hurtlex,african negros,,xenophobia_or_ethnic_slur_cue,"A xenophobia-related or ethnic-offensive lexical cue matched; check whether the meme uses it to attack an immigrant, nationality, ethnic, racial, or religious group.",0.9,african negros,[]
xenophobia_lexicon,xenophobia_lexicon_en.txt,plaza2020detecting;bassignana2018hurtlex,half cast,,xenophobia_or_ethnic_slur_cue,"A xenophobia-related or ethnic-offensive lexical cue matched; check whether the meme uses it to attack an immigrant, nationality, ethnic, racial, or religious group.",0.9,half cast,[]
xenophobia_lexicon,xenophobia_lexicon_en.txt,plaza2020detecting;bassignana2018hurtlex,half-breeds,,xenophobia_or_ethnic_slur_cue,"A xenophobia-related or ethnic-offensive lexical cue matched; check whether the meme uses it to attack an immigrant, nationality, ethnic, racial, or religious group.",0.9,half-breeds,[]
xenophobia_lexicon,xenophobia_lexicon_en.txt,plaza2020detecting;bassignana2018hurtlex,jewry,,xenophobia_or_ethnic_slur_cue,"A xenophobia-related or ethnic-offensive lexical cue matched; check whether the meme uses it to attack an immigrant, nationality, ethnic, racial, or religious group.",0.9,jewry,[]
xenophobia_lexicon,xenophobia_lexicon_en.txt,plaza2020detecting;bassignana2018hurtlex,lump,,xenophobia_or_ethnic_slur_cue,"A xenophobia-related or ethnic-offensive lexical cue matched; check whether the meme uses it to attack an immigrant, nationality, ethnic, racial, or religious group.",0.9,lump,[]
xenophobia_lexicon,xenophobia_lexicon_en.txt,plaza2020detecting;bassignana2018hurtlex,blackishness,,xenophobia_or_ethnic_slur_cue,"A xenophobia-related or ethnic-offensive lexical cue matched; check whether the meme uses it to attack an immigrant, nationality, ethnic, racial, or religious group.",0.9,blackishness,[]
xenophobia_lexicon,xenophobia_lexicon_en.txt,plaza2020detecting;bassignana2018hurtlex,bedu,,xenophobia_or_ethnic_slur_cue,"A xenophobia-related or ethnic-offensive lexical cue matched; check whether the meme uses it to attack an immigrant, nationality, ethnic, racial, or religious group.",0.9,bedu,[]
xenophobia_lexicon,xenophobia_lexicon_en.txt,plaza2020detecting;bassignana2018hurtlex,juadism,,xenophobia_or_ethnic_slur_cue,"A xenophobia-related or ethnic-offensive lexical cue matched; check whether the meme uses it to attack an immigrant, nationality, ethnic, racial, or religious group.",0.9,juadism,[]
xenophobia_lexicon,xenophobia_lexicon_en.txt,plaza2020detecting;bassignana2018hurtlex,inter-breeding,,xenophobia_or_ethnic_slur_cue,"A xenophobia-related or ethnic-offensive lexical cue matched; check whether the meme uses it to attack an immigrant, nationality, ethnic, racial, or religious group.",0.9,inter-breeding,[]
xenophobia_lexicon,xenophobia_lexicon_en.txt,plaza2020detecting;bassignana2018hurtlex,idiocity,,xenophobia_or_ethnic_slur_cue,"A xenophobia-related or ethnic-offensive lexical cue matched; check whether the meme uses it to attack an immigrant, nationality, ethnic, racial, or religious group.",0.9,idiocity,[]
xenophobia_lexicon,xenophobia_lexicon_en.txt,plaza2020detecting;bassignana2018hurtlex,vagabond,,xenophobia_or_ethnic_slur_cue,"A xenophobia-related or ethnic-offensive lexical cue matched; check whether the meme uses it to attack an immigrant, nationality, ethnic, racial, or religious group.",0.9,vagabond,[]
xenophobia_lexicon,xenophobia_lexicon_en.txt,plaza2020detecting;bassignana2018hurtlex,mammal hybrids,,xenophobia_or_ethnic_slur_cue,"A xenophobia-related or ethnic-offensive lexical cue matched; check whether the meme uses it to attack an immigrant, nationality, ethnic, racial, or religious group.",0.9,mammal hybrids,[]
xenophobia_lexicon,xenophobia_lexicon_en.txt,plaza2020detecting;bassignana2018hurtlex,mestizaje,,xenophobia_or_ethnic_slur_cue,"A xenophobia-related or ethnic-offensive lexical cue matched; check whether the meme uses it to attack an immigrant, nationality, ethnic, racial, or religious group.",0.9,mestizaje,[]
xenophobia_lexicon,xenophobia_lexicon_en.txt,plaza2020detecting;bassignana2018hurtlex,zulus,,xenophobia_or_ethnic_slur_cue,"A xenophobia-related or ethnic-offensive lexical cue matched; check whether the meme uses it to attack an immigrant, nationality, ethnic, racial, or religious group.",0.9,zulus,[]
xenophobia_lexicon,xenophobia_lexicon_en.txt,plaza2020detecting;bassignana2018hurtlex,crosses,,xenophobia_or_ethnic_slur_cue,"A xenophobia-related or ethnic-offensive lexical cue matched; check whether the meme uses it to attack an immigrant, nationality, ethnic, racial, or religious group.",0.9,crosses,[]
xenophobia_lexicon,xenophobia_lexicon_en.txt,plaza2020detecting;bassignana2018hurtlex,judaistic,,xenophobia_or_ethnic_slur_cue,"A xenophobia-related or ethnic-offensive lexical cue matched; check whether the meme uses it to attack an immigrant, nationality, ethnic, racial, or religious group.",0.9,judaistic,[]
xenophobia_lexicon,xenophobia_lexicon_en.txt,plaza2020detecting;bassignana2018hurtlex,dolt,,xenophobia_or_ethnic_slur_cue,"A xenophobia-related or ethnic-offensive lexical cue matched; check whether the meme uses it to attack an immigrant, nationality, ethnic, racial, or religious group.",0.9,dolt,[]
xenophobia_lexicon,xenophobia_lexicon_en.txt,plaza2020detecting;bassignana2018hurtlex,simple,,xenophobia_or_ethnic_slur_cue,"A xenophobia-related or ethnic-offensive lexical cue matched; check whether the meme uses it to attack an immigrant, nationality, ethnic, racial, or religious group.",0.9,simple,[]
xenophobia_lexicon,xenophobia_lexicon_en.txt,plaza2020detecting;bassignana2018hurtlex,vandal,,xenophobia_or_ethnic_slur_cue,"A xenophobia-related or ethnic-offensive lexical cue matched; check whether the meme uses it to attack an immigrant, nationality, ethnic, racial, or religious group.",0.9,vandal,[]
xenophobia_lexicon,xenophobia_lexicon_en.txt,plaza2020detecting;bassignana2018hurtlex,half-caste,,xenophobia_or_ethnic_slur_cue,"A xenophobia-related or ethnic-offensive lexical cue matched; check whether the meme uses it to attack an immigrant, nationality, ethnic, racial, or religious group.",0.9,half-caste,[]
xenophobia_lexicon,xenophobia_lexicon_en.txt,plaza2020detecting;bassignana2018hurtlex,american indian,,xenophobia_or_ethnic_slur_cue,"A xenophobia-related or ethnic-offensive lexical cue matched; check whether the meme uses it to attack an immigrant, nationality, ethnic, racial, or religious group.",0.9,american indian,[]
xenophobia_lexicon,xenophobia_lexicon_en.txt,plaza2020detecting;bassignana2018hurtlex,juden,,xenophobia_or_ethnic_slur_cue,"A xenophobia-related or ethnic-offensive lexical cue matched; check whether the meme uses it to attack an immigrant, nationality, ethnic, racial, or religious group.",0.9,juden,[]
xenophobia_lexicon,xenophobia_lexicon_en.txt,plaza2020detecting;bassignana2018hurtlex,rom,,xenophobia_or_ethnic_slur_cue,"A xenophobia-related or ethnic-offensive lexical cue matched; check whether the meme uses it to attack an immigrant, nationality, ethnic, racial, or religious group.",0.9,rom,[]
xenophobia_lexicon,xenophobia_lexicon_en.txt,plaza2020detecting;bassignana2018hurtlex,vandili,,xenophobia_or_ethnic_slur_cue,"A xenophobia-related or ethnic-offensive lexical cue matched; check whether the meme uses it to attack an immigrant, nationality, ethnic, racial, or religious group.",0.9,vandili,[]
xenophobia_lexicon,xenophobia_lexicon_en.txt,plaza2020detecting;bassignana2018hurtlex,nikker,,xenophobia_or_ethnic_slur_cue,"A xenophobia-related or ethnic-offensive lexical cue matched; check whether the meme uses it to attack an immigrant, nationality, ethnic, racial, or religious group.",0.9,nikker,[]
xenophobia_lexicon,xenophobia_lexicon_en.txt,plaza2020detecting;bassignana2018hurtlex,vandals,,xenophobia_or_ethnic_slur_cue,"A xenophobia-related or ethnic-offensive lexical cue matched; check whether the meme uses it to attack an immigrant, nationality, ethnic, racial, or religious group.",0.9,vandals,[]
xenophobia_lexicon,xenophobia_lexicon_en.txt,plaza2020detecting;bassignana2018hurtlex,romanies,,xenophobia_or_ethnic_slur_cue,"A xenophobia-related or ethnic-offensive lexical cue matched; check whether the meme uses it to attack an immigrant, nationality, ethnic, racial, or religious group.",0.9,romanies,[]
xenophobia_lexicon,xenophobia_lexicon_en.txt,plaza2020detecting;bassignana2018hurtlex,mongols,,xenophobia_or_ethnic_slur_cue,"A xenophobia-related or ethnic-offensive lexical cue matched; check whether the meme uses it to attack an immigrant, nationality, ethnic, racial, or religious group.",0.9,mongols,[]
xenophobia_lexicon,xenophobia_lexicon_en.txt,plaza2020detecting;bassignana2018hurtlex,retard,,xenophobia_or_ethnic_slur_cue,"A xenophobia-related or ethnic-offensive lexical cue matched; check whether the meme uses it to attack an immigrant, nationality, ethnic, racial, or religious group.",0.9,retard,[]
xenophobia_lexicon,xenophobia_lexicon_en.txt,plaza2020detecting;bassignana2018hurtlex,jews,,xenophobia_or_ethnic_slur_cue,"A xenophobia-related or ethnic-offensive lexical cue matched; check whether the meme uses it to attack an immigrant, nationality, ethnic, racial, or religious group.",0.9,jews,[]
xenophobia_lexicon,xenophobia_lexicon_en.txt,plaza2020detecting;bassignana2018hurtlex,judiasm,,xenophobia_or_ethnic_slur_cue,"A xenophobia-related or ethnic-offensive lexical cue matched; check whether the meme uses it to attack an immigrant, nationality, ethnic, racial, or religious group.",0.9,judiasm,[]
xenophobia_lexicon,xenophobia_lexicon_en.txt,plaza2020detecting;bassignana2018hurtlex,niggas,,xenophobia_or_ethnic_slur_cue,"A xenophobia-related or ethnic-offensive lexical cue matched; check whether the meme uses it to attack an immigrant, nationality, ethnic, racial, or religious group.",0.9,niggas,[]
xenophobia_lexicon,xenophobia_lexicon_en.txt,plaza2020detecting;bassignana2018hurtlex,ceorle,,xenophobia_or_ethnic_slur_cue,"A xenophobia-related or ethnic-offensive lexical cue matched; check whether the meme uses it to attack an immigrant, nationality, ethnic, racial, or religious group.",0.9,ceorle,[]
xenophobia_lexicon,xenophobia_lexicon_en.txt,plaza2020detecting;bassignana2018hurtlex,idioticness,,xenophobia_or_ethnic_slur_cue,"A xenophobia-related or ethnic-offensive lexical cue matched; check whether the meme uses it to attack an immigrant, nationality, ethnic, racial, or religious group.",0.9,idioticness,[]
xenophobia_lexicon,xenophobia_lexicon_en.txt,plaza2020detecting;bassignana2018hurtlex,intraspecific hybrids,,xenophobia_or_ethnic_slur_cue,"A xenophobia-related or ethnic-offensive lexical cue matched; check whether the meme uses it to attack an immigrant, nationality, ethnic, racial, or religious group.",0.9,intraspecific hybrids,[]
xenophobia_lexicon,xenophobia_lexicon_en.txt,plaza2020detecting;bassignana2018hurtlex,churls,,xenophobia_or_ethnic_slur_cue,"A xenophobia-related or ethnic-offensive lexical cue matched; check whether the meme uses it to attack an immigrant, nationality, ethnic, racial, or religious group.",0.9,churls,[]
xenophobia_lexicon,xenophobia_lexicon_en.txt,plaza2020detecting;bassignana2018hurtlex,judaically,,xenophobia_or_ethnic_slur_cue,"A xenophobia-related or ethnic-offensive lexical cue matched; check whether the meme uses it to attack an immigrant, nationality, ethnic, racial, or religious group.",0.9,judaically,[]
xenophobia_lexicon,xenophobia_lexicon_en.txt,plaza2020detecting;bassignana2018hurtlex,barbaric,,xenophobia_or_ethnic_slur_cue,"A xenophobia-related or ethnic-offensive lexical cue matched; check whether the meme uses it to attack an immigrant, nationality, ethnic, racial, or religious group.",0.9,barbaric,[]
xenophobia_lexicon,xenophobia_lexicon_en.txt,plaza2020detecting;bassignana2018hurtlex,cingene,,xenophobia_or_ethnic_slur_cue,"A xenophobia-related or ethnic-offensive lexical cue matched; check whether the meme uses it to attack an immigrant, nationality, ethnic, racial, or religious group.",0.9,cingene,[]
xenophobia_lexicon,xenophobia_lexicon_en.txt,plaza2020detecting;bassignana2018hurtlex,ostrogothi,,xenophobia_or_ethnic_slur_cue,"A xenophobia-related or ethnic-offensive lexical cue matched; check whether the meme uses it to attack an immigrant, nationality, ethnic, racial, or religious group.",0.9,ostrogothi,[]
xenophobia_lexicon,xenophobia_lexicon_en.txt,plaza2020detecting;bassignana2018hurtlex,african-negro,,xenophobia_or_ethnic_slur_cue,"A xenophobia-related or ethnic-offensive lexical cue matched; check whether the meme uses it to attack an immigrant, nationality, ethnic, racial, or religious group.",0.9,african-negro,[]
xenophobia_lexicon,xenophobia_lexicon_en.txt,plaza2020detecting;bassignana2018hurtlex,idiotes,,xenophobia_or_ethnic_slur_cue,"A xenophobia-related or ethnic-offensive lexical cue matched; check whether the meme uses it to attack an immigrant, nationality, ethnic, racial, or religious group.",0.9,idiotes,[]
xenophobia_lexicon,xenophobia_lexicon_en.txt,plaza2020detecting;bassignana2018hurtlex,hybridizers,,xenophobia_or_ethnic_slur_cue,"A xenophobia-related or ethnic-offensive lexical cue matched; check whether the meme uses it to attack an immigrant, nationality, ethnic, racial, or religious group.",0.9,hybridizers,[]
xenophobia_lexicon,xenophobia_lexicon_en.txt,plaza2020detecting;bassignana2018hurtlex,valagothi,,xenophobia_or_ethnic_slur_cue,"A xenophobia-related or ethnic-offensive lexical cue matched; check whether the meme uses it to attack an immigrant, nationality, ethnic, racial, or religious group.",0.9,valagothi,[]
xenophobia_lexicon,xenophobia_lexicon_en.txt,plaza2020detecting;bassignana2018hurtlex,crossbreeds,,xenophobia_or_ethnic_slur_cue,"A xenophobia-related or ethnic-offensive lexical cue matched; check whether the meme uses it to attack an immigrant, nationality, ethnic, racial, or religious group.",0.9,crossbreeds,[]
xenophobia_lexicon,xenophobia_lexicon_en.txt,plaza2020detecting;bassignana2018hurtlex,tzyhany,,xenophobia_or_ethnic_slur_cue,"A xenophobia-related or ethnic-offensive lexical cue matched; check whether the meme uses it to attack an immigrant, nationality, ethnic, racial, or religious group.",0.9,tzyhany,[]
xenophobia_lexicon,xenophobia_lexicon_en.txt,plaza2020detecting;bassignana2018hurtlex,halfbreed,,xenophobia_or_ethnic_slur_cue,"A xenophobia-related or ethnic-offensive lexical cue matched; check whether the meme uses it to attack an immigrant, nationality, ethnic, racial, or religious group.",0.9,halfbreed,[]
xenophobia_lexicon,xenophobia_lexicon_en.txt,plaza2020detecting;bassignana2018hurtlex,krauts,,xenophobia_or_ethnic_slur_cue,"A xenophobia-related or ethnic-offensive lexical cue matched; check whether the meme uses it to attack an immigrant, nationality, ethnic, racial, or religious group.",0.9,krauts,[]
xenophobia_lexicon,xenophobia_lexicon_en.txt,plaza2020detecting;bassignana2018hurtlex,pinhead,,xenophobia_or_ethnic_slur_cue,"A xenophobia-related or ethnic-offensive lexical cue matched; check whether the meme uses it to attack an immigrant, nationality, ethnic, racial, or religious group.",0.9,pinhead,[]
xenophobia_lexicon,xenophobia_lexicon_en.txt,plaza2020detecting;bassignana2018hurtlex,idiotism,,xenophobia_or_ethnic_slur_cue,"A xenophobia-related or ethnic-offensive lexical cue matched; check whether the meme uses it to attack an immigrant, nationality, ethnic, racial, or religious group.",0.9,idiotism,[]
xenophobia_lexicon,xenophobia_lexicon_en.txt,plaza2020detecting;bassignana2018hurtlex,ostrogotes,,xenophobia_or_ethnic_slur_cue,"A xenophobia-related or ethnic-offensive lexical cue matched; check whether the meme uses it to attack an immigrant, nationality, ethnic, racial, or religious group.",0.9,ostrogotes,[]
xenophobia_lexicon,xenophobia_lexicon_en.txt,plaza2020detecting;bassignana2018hurtlex,barberian,,xenophobia_or_ethnic_slur_cue,"A xenophobia-related or ethnic-offensive lexical cue matched; check whether the meme uses it to attack an immigrant, nationality, ethnic, racial, or religious group.",0.9,barberian,[]
xenophobia_lexicon,xenophobia_lexicon_en.txt,plaza2020detecting;bassignana2018hurtlex,half breeds,,xenophobia_or_ethnic_slur_cue,"A xenophobia-related or ethnic-offensive lexical cue matched; check whether the meme uses it to attack an immigrant, nationality, ethnic, racial, or religious group.",0.9,half breeds,[]
xenophobia_lexicon,xenophobia_lexicon_en.txt,plaza2020detecting;bassignana2018hurtlex,mesticos,,xenophobia_or_ethnic_slur_cue,"A xenophobia-related or ethnic-offensive lexical cue matched; check whether the meme uses it to attack an immigrant, nationality, ethnic, racial, or religious group.",0.9,mesticos,[]
xenophobia_lexicon,xenophobia_lexicon_en.txt,plaza2020detecting;bassignana2018hurtlex,crossed,,xenophobia_or_ethnic_slur_cue,"A xenophobia-related or ethnic-offensive lexical cue matched; check whether the meme uses it to attack an immigrant, nationality, ethnic, racial, or religious group.",0.9,crossed,[]
xenophobia_lexicon,xenophobia_lexicon_en.txt,plaza2020detecting;bassignana2018hurtlex,yid,,xenophobia_or_ethnic_slur_cue,"A xenophobia-related or ethnic-offensive lexical cue matched; check whether the meme uses it to attack an immigrant, nationality, ethnic, racial, or religious group.",0.9,yid,[]
xenophobia_lexicon,xenophobia_lexicon_en.txt,plaza2020detecting;bassignana2018hurtlex,fool,,xenophobia_or_ethnic_slur_cue,"A xenophobia-related or ethnic-offensive lexical cue matched; check whether the meme uses it to attack an immigrant, nationality, ethnic, racial, or religious group.",0.9,fool,[]
xenophobia_lexicon,xenophobia_lexicon_en.txt,plaza2020detecting;bassignana2018hurtlex,niggish,,xenophobia_or_ethnic_slur_cue,"A xenophobia-related or ethnic-offensive lexical cue matched; check whether the meme uses it to attack an immigrant, nationality, ethnic, racial, or religious group.",0.9,niggish,[]
xenophobia_lexicon,xenophobia_lexicon_en.txt,plaza2020detecting;bassignana2018hurtlex,jew,,xenophobia_or_ethnic_slur_cue,"A xenophobia-related or ethnic-offensive lexical cue matched; check whether the meme uses it to attack an immigrant, nationality, ethnic, racial, or religious group.",0.9,jew,[]
xenophobia_lexicon,xenophobia_lexicon_en.txt,plaza2020detecting;bassignana2018hurtlex,nigger-lover,,xenophobia_or_ethnic_slur_cue,"A xenophobia-related or ethnic-offensive lexical cue matched; check whether the meme uses it to attack an immigrant, nationality, ethnic, racial, or religious group.",0.9,nigger-lover,[]
xenophobia_lexicon,xenophobia_lexicon_en.txt,plaza2020detecting;bassignana2018hurtlex,bedouins,,xenophobia_or_ethnic_slur_cue,"A xenophobia-related or ethnic-offensive lexical cue matched; check whether the meme uses it to attack an immigrant, nationality, ethnic, racial, or religious group.",0.9,bedouins,[]
xenophobia_lexicon,xenophobia_lexicon_en.txt,plaza2020detecting;bassignana2018hurtlex,black-africans,,xenophobia_or_ethnic_slur_cue,"A xenophobia-related or ethnic-offensive lexical cue matched; check whether the meme uses it to attack an immigrant, nationality, ethnic, racial, or religious group.",0.9,black-africans,[]
xenophobia_lexicon,xenophobia_lexicon_en.txt,plaza2020detecting;bassignana2018hurtlex,intra-specific hybrids,,xenophobia_or_ethnic_slur_cue,"A xenophobia-related or ethnic-offensive lexical cue matched; check whether the meme uses it to attack an immigrant, nationality, ethnic, racial, or religious group.",0.9,intra-specific hybrids,[]
xenophobia_lexicon,xenophobia_lexicon_en.txt,plaza2020detecting;bassignana2018hurtlex,cooyon,,xenophobia_or_ethnic_slur_cue,"A xenophobia-related or ethnic-offensive lexical cue matched; check whether the meme uses it to attack an immigrant, nationality, ethnic, racial, or religious group.",0.9,cooyon,[]
xenophobia_lexicon,xenophobia_lexicon_en.txt,plaza2020detecting;bassignana2018hurtlex,dunder heads,,xenophobia_or_ethnic_slur_cue,"A xenophobia-related or ethnic-offensive lexical cue matched; check whether the meme uses it to attack an immigrant, nationality, ethnic, racial, or religious group.",0.9,dunder heads,[]
xenophobia_lexicon,xenophobia_lexicon_en.txt,plaza2020detecting;bassignana2018hurtlex,mongloid,,xenophobia_or_ethnic_slur_cue,"A xenophobia-related or ethnic-offensive lexical cue matched; check whether the meme uses it to attack an immigrant, nationality, ethnic, racial, or religious group.",0.9,mongloid,[]
xenophobia_lexicon,xenophobia_lexicon_en.txt,plaza2020detecting;bassignana2018hurtlex,jewism,,xenophobia_or_ethnic_slur_cue,"A xenophobia-related or ethnic-offensive lexical cue matched; check whether the meme uses it to attack an immigrant, nationality, ethnic, racial, or religious group.",0.9,jewism,[]
xenophobia_lexicon,xenophobia_lexicon_en.txt,plaza2020detecting;bassignana2018hurtlex,vagrant,,xenophobia_or_ethnic_slur_cue,"A xenophobia-related or ethnic-offensive lexical cue matched; check whether the meme uses it to attack an immigrant, nationality, ethnic, racial, or religious group.",0.9,vagrant,[]
xenophobia_lexicon,xenophobia_lexicon_en.txt,plaza2020detecting;bassignana2018hurtlex,half breed,,xenophobia_or_ethnic_slur_cue,"A xenophobia-related or ethnic-offensive lexical cue matched; check whether the meme uses it to attack an immigrant, nationality, ethnic, racial, or religious group.",0.9,half breed,[]
xenophobia_lexicon,xenophobia_lexicon_en.txt,plaza2020detecting;bassignana2018hurtlex,ladino,,xenophobia_or_ethnic_slur_cue,"A xenophobia-related or ethnic-offensive lexical cue matched; check whether the meme uses it to attack an immigrant, nationality, ethnic, racial, or religious group.",0.9,ladino,[]
xenophobia_lexicon,xenophobia_lexicon_en.txt,plaza2020detecting;bassignana2018hurtlex,american indians,,xenophobia_or_ethnic_slur_cue,"A xenophobia-related or ethnic-offensive lexical cue matched; check whether the meme uses it to attack an immigrant, nationality, ethnic, racial, or religious group.",0.9,american indians,[]
xenophobia_lexicon,xenophobia_lexicon_en.txt,plaza2020detecting;bassignana2018hurtlex,tyke,,xenophobia_or_ethnic_slur_cue,"A xenophobia-related or ethnic-offensive lexical cue matched; check whether the meme uses it to attack an immigrant, nationality, ethnic, racial, or religious group.",0.9,tyke,[]
xenophobia_lexicon,xenophobia_lexicon_en.txt,plaza2020detecting;bassignana2018hurtlex,romastan,,xenophobia_or_ethnic_slur_cue,"A xenophobia-related or ethnic-offensive lexical cue matched; check whether the meme uses it to attack an immigrant, nationality, ethnic, racial, or religious group.",0.9,romastan,[]
xenophobia_lexicon,xenophobia_lexicon_en.txt,plaza2020detecting;bassignana2018hurtlex,stupidhead,,xenophobia_or_ethnic_slur_cue,"A xenophobia-related or ethnic-offensive lexical cue matched; check whether the meme uses it to attack an immigrant, nationality, ethnic, racial, or religious group.",0.9,stupidhead,[]
xenophobia_lexicon,xenophobia_lexicon_en.txt,plaza2020detecting;bassignana2018hurtlex,barbarian,,xenophobia_or_ethnic_slur_cue,"A xenophobia-related or ethnic-offensive lexical cue matched; check whether the meme uses it to attack an immigrant, nationality, ethnic, racial, or religious group.",0.9,barbarian,[]
xenophobia_lexicon,xenophobia_lexicon_en.txt,plaza2020detecting;bassignana2018hurtlex,negro-africans,,xenophobia_or_ethnic_slur_cue,"A xenophobia-related or ethnic-offensive lexical cue matched; check whether the meme uses it to attack an immigrant, nationality, ethnic, racial, or religious group.",0.9,negro-africans,[]
xenophobia_lexicon,xenophobia_lexicon_en.txt,plaza2020detecting;bassignana2018hurtlex,stumblebum,,xenophobia_or_ethnic_slur_cue,"A xenophobia-related or ethnic-offensive lexical cue matched; check whether the meme uses it to attack an immigrant, nationality, ethnic, racial, or religious group.",0.9,stumblebum,[]
xenophobia_lexicon,xenophobia_lexicon_en.txt,plaza2020detecting;bassignana2018hurtlex,moronic,,xenophobia_or_ethnic_slur_cue,"A xenophobia-related or ethnic-offensive lexical cue matched; check whether the meme uses it to attack an immigrant, nationality, ethnic, racial, or religious group.",0.9,moronic,[]
xenophobia_lexicon,xenophobia_lexicon_en.txt,plaza2020detecting;bassignana2018hurtlex,southern mongolians,,xenophobia_or_ethnic_slur_cue,"A xenophobia-related or ethnic-offensive lexical cue matched; check whether the meme uses it to attack an immigrant, nationality, ethnic, racial, or religious group.",0.9,southern mongolians,[]
xenophobia_lexicon,xenophobia_lexicon_en.txt,plaza2020detecting;bassignana2018hurtlex,bulgarians,,xenophobia_or_ethnic_slur_cue,"A xenophobia-related or ethnic-offensive lexical cue matched; check whether the meme uses it to attack an immigrant, nationality, ethnic, racial, or religious group.",0.9,bulgarians,[]
xenophobia_lexicon,xenophobia_lexicon_en.txt,plaza2020detecting;bassignana2018hurtlex,plant breeders,,xenophobia_or_ethnic_slur_cue,"A xenophobia-related or ethnic-offensive lexical cue matched; check whether the meme uses it to attack an immigrant, nationality, ethnic, racial, or religious group.",0.9,plant breeders,[]
xenophobia_lexicon,xenophobia_lexicon_en.txt,plaza2020detecting;bassignana2018hurtlex,halfcast,,xenophobia_or_ethnic_slur_cue,"A xenophobia-related or ethnic-offensive lexical cue matched; check whether the meme uses it to attack an immigrant, nationality, ethnic, racial, or religious group.",0.9,halfcast,[]
xenophobia_lexicon,xenophobia_lexicon_en.txt,plaza2020detecting;bassignana2018hurtlex,gawk,,xenophobia_or_ethnic_slur_cue,"A xenophobia-related or ethnic-offensive lexical cue matched; check whether the meme uses it to attack an immigrant, nationality, ethnic, racial, or religious group.",0.9,gawk,[]
xenophobia_lexicon,xenophobia_lexicon_en.txt,plaza2020detecting;bassignana2018hurtlex,interspecific hybrids,,xenophobia_or_ethnic_slur_cue,"A xenophobia-related or ethnic-offensive lexical cue matched; check whether the meme uses it to attack an immigrant, nationality, ethnic, racial, or religious group.",0.9,interspecific hybrids,[]
xenophobia_lexicon,xenophobia_lexicon_en.txt,plaza2020detecting;bassignana2018hurtlex,hybrid,,xenophobia_or_ethnic_slur_cue,"A xenophobia-related or ethnic-offensive lexical cue matched; check whether the meme uses it to attack an immigrant, nationality, ethnic, racial, or religious group.",0.9,hybrid,[]
xenophobia_lexicon,xenophobia_lexicon_en.txt,plaza2020detecting;bassignana2018hurtlex,gascon,,xenophobia_or_ethnic_slur_cue,"A xenophobia-related or ethnic-offensive lexical cue matched; check whether the meme uses it to attack an immigrant, nationality, ethnic, racial, or religious group.",0.9,gascon,[]
xenophobia_lexicon,xenophobia_lexicon_en.txt,plaza2020detecting;bassignana2018hurtlex,negrids,,xenophobia_or_ethnic_slur_cue,"A xenophobia-related or ethnic-offensive lexical cue matched; check whether the meme uses it to attack an immigrant, nationality, ethnic, racial, or religious group.",0.9,negrids,[]
xenophobia_lexicon,xenophobia_lexicon_en.txt,plaza2020detecting;bassignana2018hurtlex,jewishm,,xenophobia_or_ethnic_slur_cue,"A xenophobia-related or ethnic-offensive lexical cue matched; check whether the meme uses it to attack an immigrant, nationality, ethnic, racial, or religious group.",0.9,jewishm,[]
xenophobia_lexicon,xenophobia_lexicon_en.txt,plaza2020detecting;bassignana2018hurtlex,amazulu,,xenophobia_or_ethnic_slur_cue,"A xenophobia-related or ethnic-offensive lexical cue matched; check whether the meme uses it to attack an immigrant, nationality, ethnic, racial, or religious group.",0.9,amazulu,[]
xenophobia_lexicon,xenophobia_lexicon_en.txt,plaza2020detecting;bassignana2018hurtlex,unfortunate,,xenophobia_or_ethnic_slur_cue,"A xenophobia-related or ethnic-offensive lexical cue matched; check whether the meme uses it to attack an immigrant, nationality, ethnic, racial, or religious group.",0.9,unfortunate,[]
xenophobia_lexicon,xenophobia_lexicon_en.txt,plaza2020detecting;bassignana2018hurtlex,rommany,,xenophobia_or_ethnic_slur_cue,"A xenophobia-related or ethnic-offensive lexical cue matched; check whether the meme uses it to attack an immigrant, nationality, ethnic, racial, or religious group.",0.9,rommany,[]
xenophobia_lexicon,xenophobia_lexicon_en.txt,plaza2020detecting;bassignana2018hurtlex,judismo,,xenophobia_or_ethnic_slur_cue,"A xenophobia-related or ethnic-offensive lexical cue matched; check whether the meme uses it to attack an immigrant, nationality, ethnic, racial, or religious group.",0.9,judismo,[]
xenophobia_lexicon,xenophobia_lexicon_en.txt,plaza2020detecting;bassignana2018hurtlex,gipsy,,xenophobia_or_ethnic_slur_cue,"A xenophobia-related or ethnic-offensive lexical cue matched; check whether the meme uses it to attack an immigrant, nationality, ethnic, racial, or religious group.",0.9,gipsy,[]
xenophobia_lexicon,xenophobia_lexicon_en.txt,plaza2020detecting;bassignana2018hurtlex,blackness,,xenophobia_or_ethnic_slur_cue,"A xenophobia-related or ethnic-offensive lexical cue matched; check whether the meme uses it to attack an immigrant, nationality, ethnic, racial, or religious group.",0.9,blackness,[]
xenophobia_lexicon,xenophobia_lexicon_en.txt,plaza2020detecting;bassignana2018hurtlex,galoot,,xenophobia_or_ethnic_slur_cue,"A xenophobia-related or ethnic-offensive lexical cue matched; check whether the meme uses it to attack an immigrant, nationality, ethnic, racial, or religious group.",0.9,galoot,[]
xenophobia_lexicon,xenophobia_lexicon_en.txt,plaza2020detecting;bassignana2018hurtlex,congoid,,xenophobia_or_ethnic_slur_cue,"A xenophobia-related or ethnic-offensive lexical cue matched; check whether the meme uses it to attack an immigrant, nationality, ethnic, racial, or religious group.",0.9,congoid,[]
xenophobia_lexicon,xenophobia_lexicon_en.txt,plaza2020detecting;bassignana2018hurtlex,nigger,,xenophobia_or_ethnic_slur_cue,"A xenophobia-related or ethnic-offensive lexical cue matched; check whether the meme uses it to attack an immigrant, nationality, ethnic, racial, or religious group.",0.9,nigger,[]
xenophobia_lexicon,xenophobia_lexicon_en.txt,plaza2020detecting;bassignana2018hurtlex,jews',,xenophobia_or_ethnic_slur_cue,"A xenophobia-related or ethnic-offensive lexical cue matched; check whether the meme uses it to attack an immigrant, nationality, ethnic, racial, or religious group.",0.9,jews',[]
xenophobia_lexicon,xenophobia_lexicon_en.txt,plaza2020detecting;bassignana2018hurtlex,black-african,,xenophobia_or_ethnic_slur_cue,"A xenophobia-related or ethnic-offensive lexical cue matched; check whether the meme uses it to attack an immigrant, nationality, ethnic, racial, or religious group.",0.9,black-african,[]
xenophobia_lexicon,xenophobia_lexicon_en.txt,plaza2020detecting;bassignana2018hurtlex,hybridiser,,xenophobia_or_ethnic_slur_cue,"A xenophobia-related or ethnic-offensive lexical cue matched; check whether the meme uses it to attack an immigrant, nationality, ethnic, racial, or religious group.",0.9,hybridiser,[]
xenophobia_lexicon,xenophobia_lexicon_en.txt,plaza2020detecting;bassignana2018hurtlex,mestizos,,xenophobia_or_ethnic_slur_cue,"A xenophobia-related or ethnic-offensive lexical cue matched; check whether the meme uses it to attack an immigrant, nationality, ethnic, racial, or religious group.",0.9,mestizos,[]
xenophobia_lexicon,xenophobia_lexicon_en.txt,plaza2020detecting;bassignana2018hurtlex,lubber,,xenophobia_or_ethnic_slur_cue,"A xenophobia-related or ethnic-offensive lexical cue matched; check whether the meme uses it to attack an immigrant, nationality, ethnic, racial, or religious group.",0.9,lubber,[]
xenophobia_lexicon,xenophobia_lexicon_en.txt,plaza2020detecting;bassignana2018hurtlex,churl,,xenophobia_or_ethnic_slur_cue,"A xenophobia-related or ethnic-offensive lexical cue matched; check whether the meme uses it to attack an immigrant, nationality, ethnic, racial, or religious group.",0.9,churl,[]
xenophobia_lexicon,xenophobia_lexicon_en.txt,plaza2020detecting;bassignana2018hurtlex,chinese,,xenophobia_or_ethnic_slur_cue,"A xenophobia-related or ethnic-offensive lexical cue matched; check whether the meme uses it to attack an immigrant, nationality, ethnic, racial, or religious group.",0.9,chinese,[]
xenophobia_lexicon,xenophobia_lexicon_en.txt,plaza2020detecting;bassignana2018hurtlex,ultimately dark,,xenophobia_or_ethnic_slur_cue,"A xenophobia-related or ethnic-offensive lexical cue matched; check whether the meme uses it to attack an immigrant, nationality, ethnic, racial, or religious group.",0.9,ultimately dark,[]
xenophobia_lexicon,xenophobia_lexicon_en.txt,plaza2020detecting;bassignana2018hurtlex,iberian kale,,xenophobia_or_ethnic_slur_cue,"A xenophobia-related or ethnic-offensive lexical cue matched; check whether the meme uses it to attack an immigrant, nationality, ethnic, racial, or religious group.",0.9,iberian kale,[]
xenophobia_lexicon,xenophobia_lexicon_en.txt,plaza2020detecting;bassignana2018hurtlex,hybridizer,,xenophobia_or_ethnic_slur_cue,"A xenophobia-related or ethnic-offensive lexical cue matched; check whether the meme uses it to attack an immigrant, nationality, ethnic, racial, or religious group.",0.9,hybridizer,[]
xenophobia_lexicon,xenophobia_lexicon_en.txt,plaza2020detecting;bassignana2018hurtlex,judaists,,xenophobia_or_ethnic_slur_cue,"A xenophobia-related or ethnic-offensive lexical cue matched; check whether the meme uses it to attack an immigrant, nationality, ethnic, racial, or religious group.",0.9,judaists,[]
xenophobia_lexicon,xenophobia_lexicon_en.txt,plaza2020detecting;bassignana2018hurtlex,buljasi,,xenophobia_or_ethnic_slur_cue,"A xenophobia-related or ethnic-offensive lexical cue matched; check whether the meme uses it to attack an immigrant, nationality, ethnic, racial, or religious group.",0.9,buljasi,[]
xenophobia_lexicon,xenophobia_lexicon_en.txt,plaza2020detecting;bassignana2018hurtlex,pacific islander,,xenophobia_or_ethnic_slur_cue,"A xenophobia-related or ethnic-offensive lexical cue matched; check whether the meme uses it to attack an immigrant, nationality, ethnic, racial, or religious group.",0.9,pacific islander,[]
xenophobia_lexicon,xenophobia_lexicon_en.txt,plaza2020detecting;bassignana2018hurtlex,asiaticus luridus,,xenophobia_or_ethnic_slur_cue,"A xenophobia-related or ethnic-offensive lexical cue matched; check whether the meme uses it to attack an immigrant, nationality, ethnic, racial, or religious group.",0.9,asiaticus luridus,[]
xenophobia_lexicon,xenophobia_lexicon_en.txt,plaza2020detecting;bassignana2018hurtlex,simpleton,,xenophobia_or_ethnic_slur_cue,"A xenophobia-related or ethnic-offensive lexical cue matched; check whether the meme uses it to attack an immigrant, nationality, ethnic, racial, or religious group.",0.9,simpleton,[]
xenophobia_lexicon,xenophobia_lexicon_en.txt,plaza2020detecting;bassignana2018hurtlex,halfbreeds,,xenophobia_or_ethnic_slur_cue,"A xenophobia-related or ethnic-offensive lexical cue matched; check whether the meme uses it to attack an immigrant, nationality, ethnic, racial, or religious group.",0.9,halfbreeds,[]
xenophobia_lexicon,xenophobia_lexicon_en.txt,plaza2020detecting;bassignana2018hurtlex,mongol,,xenophobia_or_ethnic_slur_cue,"A xenophobia-related or ethnic-offensive lexical cue matched; check whether the meme uses it to attack an immigrant, nationality, ethnic, racial, or religious group.",0.9,mongol,[]
xenophobia_lexicon,xenophobia_lexicon_en.txt,plaza2020detecting;bassignana2018hurtlex,african blacks,,xenophobia_or_ethnic_slur_cue,"A xenophobia-related or ethnic-offensive lexical cue matched; check whether the meme uses it to attack an immigrant, nationality, ethnic, racial, or religious group.",0.9,african blacks,[]
xenophobia_lexicon,xenophobia_lexicon_en.txt,plaza2020detecting;bassignana2018hurtlex,savage,,xenophobia_or_ethnic_slur_cue,"A xenophobia-related or ethnic-offensive lexical cue matched; check whether the meme uses it to attack an immigrant, nationality, ethnic, racial, or religious group.",0.9,savage,[]
xenophobia_lexicon,xenophobia_lexicon_en.txt,plaza2020detecting;bassignana2018hurtlex,native american,,xenophobia_or_ethnic_slur_cue,"A xenophobia-related or ethnic-offensive lexical cue matched; check whether the meme uses it to attack an immigrant, nationality, ethnic, racial, or religious group.",0.9,native american,[]
xenophobia_lexicon,xenophobia_lexicon_en.txt,plaza2020detecting;bassignana2018hurtlex,niggaz,,xenophobia_or_ethnic_slur_cue,"A xenophobia-related or ethnic-offensive lexical cue matched; check whether the meme uses it to attack an immigrant, nationality, ethnic, racial, or religious group.",0.9,niggaz,[]
xenophobia_lexicon,xenophobia_lexicon_en.txt,plaza2020detecting;bassignana2018hurtlex,hun,,xenophobia_or_ethnic_slur_cue,"A xenophobia-related or ethnic-offensive lexical cue matched; check whether the meme uses it to attack an immigrant, nationality, ethnic, racial, or religious group.",0.9,hun,[]
xenophobia_lexicon,xenophobia_lexicon_en.txt,plaza2020detecting;bassignana2018hurtlex,gypsy,,xenophobia_or_ethnic_slur_cue,"A xenophobia-related or ethnic-offensive lexical cue matched; check whether the meme uses it to attack an immigrant, nationality, ethnic, racial, or religious group.",0.9,gypsy,[]
xenophobia_lexicon,xenophobia_lexicon_en.txt,plaza2020detecting;bassignana2018hurtlex,metics,,xenophobia_or_ethnic_slur_cue,"A xenophobia-related or ethnic-offensive lexical cue matched; check whether the meme uses it to attack an immigrant, nationality, ethnic, racial, or religious group.",0.9,metics,[]
xenophobia_lexicon,xenophobia_lexicon_en.txt,plaza2020detecting;bassignana2018hurtlex,xenikon telos,,xenophobia_or_ethnic_slur_cue,"A xenophobia-related or ethnic-offensive lexical cue matched; check whether the meme uses it to attack an immigrant, nationality, ethnic, racial, or religious group.",0.9,xenikon telos,[]
xenophobia_lexicon,xenophobia_lexicon_en.txt,plaza2020detecting;bassignana2018hurtlex,negroid,,xenophobia_or_ethnic_slur_cue,"A xenophobia-related or ethnic-offensive lexical cue matched; check whether the meme uses it to attack an immigrant, nationality, ethnic, racial, or religious group.",0.9,negroid,[]
xenophobia_lexicon,xenophobia_lexicon_en.txt,plaza2020detecting;bassignana2018hurtlex,dope,,xenophobia_or_ethnic_slur_cue,"A xenophobia-related or ethnic-offensive lexical cue matched; check whether the meme uses it to attack an immigrant, nationality, ethnic, racial, or religious group.",0.9,dope,[]
xenophobia_lexicon,xenophobia_lexicon_en.txt,plaza2020detecting;bassignana2018hurtlex,mestico,,xenophobia_or_ethnic_slur_cue,"A xenophobia-related or ethnic-offensive lexical cue matched; check whether the meme uses it to attack an immigrant, nationality, ethnic, racial, or religious group.",0.9,mestico,[]
xenophobia_lexicon,xenophobia_lexicon_en.txt,plaza2020detecting;bassignana2018hurtlex,sub-saharan africans,,xenophobia_or_ethnic_slur_cue,"A xenophobia-related or ethnic-offensive lexical cue matched; check whether the meme uses it to attack an immigrant, nationality, ethnic, racial, or religious group.",0.9,sub-saharan africans,[]
xenophobia_lexicon,xenophobia_lexicon_en.txt,plaza2020detecting;bassignana2018hurtlex,idiocies,,xenophobia_or_ethnic_slur_cue,"A xenophobia-related or ethnic-offensive lexical cue matched; check whether the meme uses it to attack an immigrant, nationality, ethnic, racial, or religious group.",0.9,idiocies,[]
xenophobia_lexicon,xenophobia_lexicon_en.txt,plaza2020detecting;bassignana2018hurtlex,africoid,,xenophobia_or_ethnic_slur_cue,"A xenophobia-related or ethnic-offensive lexical cue matched; check whether the meme uses it to attack an immigrant, nationality, ethnic, racial, or religious group.",0.9,africoid,[]
xenophobia_lexicon,xenophobia_lexicon_en.txt,plaza2020detecting;bassignana2018hurtlex,niggah,,xenophobia_or_ethnic_slur_cue,"A xenophobia-related or ethnic-offensive lexical cue matched; check whether the meme uses it to attack an immigrant, nationality, ethnic, racial, or religious group.",0.9,niggah,[]
xenophobia_lexicon,xenophobia_lexicon_en.txt,plaza2020detecting;bassignana2018hurtlex,niggre,,xenophobia_or_ethnic_slur_cue,"A xenophobia-related or ethnic-offensive lexical cue matched; check whether the meme uses it to attack an immigrant, nationality, ethnic, racial, or religious group.",0.9,niggre,[]
xenophobia_lexicon,xenophobia_lexicon_en.txt,plaza2020detecting;bassignana2018hurtlex,romane,,xenophobia_or_ethnic_slur_cue,"A xenophobia-related or ethnic-offensive lexical cue matched; check whether the meme uses it to attack an immigrant, nationality, ethnic, racial, or religious group.",0.9,romane,[]
xenophobia_lexicon,xenophobia_lexicon_en.txt,plaza2020detecting;bassignana2018hurtlex,african-american,,xenophobia_or_ethnic_slur_cue,"A xenophobia-related or ethnic-offensive lexical cue matched; check whether the meme uses it to attack an immigrant, nationality, ethnic, racial, or religious group.",0.9,african-american,[]
xenophobia_lexicon,xenophobia_lexicon_en.txt,plaza2020detecting;bassignana2018hurtlex,sinoid,,xenophobia_or_ethnic_slur_cue,"A xenophobia-related or ethnic-offensive lexical cue matched; check whether the meme uses it to attack an immigrant, nationality, ethnic, racial, or religious group.",0.9,sinoid,[]
xenophobia_lexicon,xenophobia_lexicon_en.txt,plaza2020detecting;bassignana2018hurtlex,rrom,,xenophobia_or_ethnic_slur_cue,"A xenophobia-related or ethnic-offensive lexical cue matched; check whether the meme uses it to attack an immigrant, nationality, ethnic, racial, or religious group.",0.9,rrom,[]
xenophobia_lexicon,xenophobia_lexicon_en.txt,plaza2020detecting;bassignana2018hurtlex,darkie,,xenophobia_or_ethnic_slur_cue,"A xenophobia-related or ethnic-offensive lexical cue matched; check whether the meme uses it to attack an immigrant, nationality, ethnic, racial, or religious group.",0.9,darkie,[]
xenophobia_lexicon,xenophobia_lexicon_en.txt,plaza2020detecting;bassignana2018hurtlex,pikie,,xenophobia_or_ethnic_slur_cue,"A xenophobia-related or ethnic-offensive lexical cue matched; check whether the meme uses it to attack an immigrant, nationality, ethnic, racial, or religious group.",0.9,pikie,[]
xenophobia_lexicon,xenophobia_lexicon_en.txt,plaza2020detecting;bassignana2018hurtlex,jewesses,,xenophobia_or_ethnic_slur_cue,"A xenophobia-related or ethnic-offensive lexical cue matched; check whether the meme uses it to attack an immigrant, nationality, ethnic, racial, or religious group.",0.9,jewesses,[]
xenophobia_lexicon,xenophobia_lexicon_en.txt,plaza2020detecting;bassignana2018hurtlex,interspecies reproduction,,xenophobia_or_ethnic_slur_cue,"A xenophobia-related or ethnic-offensive lexical cue matched; check whether the meme uses it to attack an immigrant, nationality, ethnic, racial, or religious group.",0.9,interspecies reproduction,[]
xenophobia_lexicon,xenophobia_lexicon_en.txt,plaza2020detecting;bassignana2018hurtlex,idoit,,xenophobia_or_ethnic_slur_cue,"A xenophobia-related or ethnic-offensive lexical cue matched; check whether the meme uses it to attack an immigrant, nationality, ethnic, racial, or religious group.",0.9,idoit,[]
xenophobia_lexicon,xenophobia_lexicon_en.txt,plaza2020detecting;bassignana2018hurtlex,darky,,xenophobia_or_ethnic_slur_cue,"A xenophobia-related or ethnic-offensive lexical cue matched; check whether the meme uses it to attack an immigrant, nationality, ethnic, racial, or religious group.",0.9,darky,[]
xenophobia_lexicon,xenophobia_lexicon_en.txt,plaza2020detecting;bassignana2018hurtlex,clod,,xenophobia_or_ethnic_slur_cue,"A xenophobia-related or ethnic-offensive lexical cue matched; check whether the meme uses it to attack an immigrant, nationality, ethnic, racial, or religious group.",0.9,clod,[]
xenophobia_lexicon,xenophobia_lexicon_en.txt,plaza2020detecting;bassignana2018hurtlex,coon,,xenophobia_or_ethnic_slur_cue,"A xenophobia-related or ethnic-offensive lexical cue matched; check whether the meme uses it to attack an immigrant, nationality, ethnic, racial, or religious group.",0.9,coon,[]
xenophobia_lexicon,xenophobia_lexicon_en.txt,plaza2020detecting;bassignana2018hurtlex,juifs,,xenophobia_or_ethnic_slur_cue,"A xenophobia-related or ethnic-offensive lexical cue matched; check whether the meme uses it to attack an immigrant, nationality, ethnic, racial, or religious group.",0.9,juifs,[]
xenophobia_lexicon,xenophobia_lexicon_en.txt,plaza2020detecting;bassignana2018hurtlex,patsy,,xenophobia_or_ethnic_slur_cue,"A xenophobia-related or ethnic-offensive lexical cue matched; check whether the meme uses it to attack an immigrant, nationality, ethnic, racial, or religious group.",0.9,patsy,[]
xenophobia_lexicon,xenophobia_lexicon_en.txt,plaza2020detecting;bassignana2018hurtlex,boob,,xenophobia_or_ethnic_slur_cue,"A xenophobia-related or ethnic-offensive lexical cue matched; check whether the meme uses it to attack an immigrant, nationality, ethnic, racial, or religious group.",0.9,boob,[]
xenophobia_lexicon,xenophobia_lexicon_en.txt,plaza2020detecting;bassignana2018hurtlex,blackly,,xenophobia_or_ethnic_slur_cue,"A xenophobia-related or ethnic-offensive lexical cue matched; check whether the meme uses it to attack an immigrant, nationality, ethnic, racial, or religious group.",0.9,blackly,[]
xenophobia_lexicon,xenophobia_lexicon_en.txt,plaza2020detecting;bassignana2018hurtlex,african descent,,xenophobia_or_ethnic_slur_cue,"A xenophobia-related or ethnic-offensive lexical cue matched; check whether the meme uses it to attack an immigrant, nationality, ethnic, racial, or religious group.",0.9,african descent,[]
xenophobia_lexicon,xenophobia_lexicon_en.txt,plaza2020detecting;bassignana2018hurtlex,the karls,,xenophobia_or_ethnic_slur_cue,"A xenophobia-related or ethnic-offensive lexical cue matched; check whether the meme uses it to attack an immigrant, nationality, ethnic, racial, or religious group.",0.9,the karls,[]
xenophobia_lexicon,xenophobia_lexicon_en.txt,plaza2020detecting;bassignana2018hurtlex,hebraism,,xenophobia_or_ethnic_slur_cue,"A xenophobia-related or ethnic-offensive lexical cue matched; check whether the meme uses it to attack an immigrant, nationality, ethnic, racial, or religious group.",0.9,hebraism,[]
xenophobia_lexicon,xenophobia_lexicon_en.txt,plaza2020detecting;bassignana2018hurtlex,judism,,xenophobia_or_ethnic_slur_cue,"A xenophobia-related or ethnic-offensive lexical cue matched; check whether the meme uses it to attack an immigrant, nationality, ethnic, racial, or religious group.",0.9,judism,[]
xenophobia_lexicon,xenophobia_lexicon_en.txt,plaza2020detecting;bassignana2018hurtlex,jewdaism,,xenophobia_or_ethnic_slur_cue,"A xenophobia-related or ethnic-offensive lexical cue matched; check whether the meme uses it to attack an immigrant, nationality, ethnic, racial, or religious group.",0.9,jewdaism,[]
xenophobia_lexicon,xenophobia_lexicon_en.txt,plaza2020detecting;bassignana2018hurtlex,ostragoth,,xenophobia_or_ethnic_slur_cue,"A xenophobia-related or ethnic-offensive lexical cue matched; check whether the meme uses it to attack an immigrant, nationality, ethnic, racial, or religious group.",0.9,ostragoth,[]
xenophobia_lexicon,xenophobia_lexicon_en.txt,plaza2020detecting;bassignana2018hurtlex,cross-bred,,xenophobia_or_ethnic_slur_cue,"A xenophobia-related or ethnic-offensive lexical cue matched; check whether the meme uses it to attack an immigrant, nationality, ethnic, racial, or religious group.",0.9,cross-bred,[]
xenophobia_lexicon,xenophobia_lexicon_en.txt,plaza2020detecting;bassignana2018hurtlex,inter-species mating,,xenophobia_or_ethnic_slur_cue,"A xenophobia-related or ethnic-offensive lexical cue matched; check whether the meme uses it to attack an immigrant, nationality, ethnic, racial, or religious group.",0.9,inter-species mating,[]
xenophobia_lexicon,xenophobia_lexicon_en.txt,plaza2020detecting;bassignana2018hurtlex,vndal,,xenophobia_or_ethnic_slur_cue,"A xenophobia-related or ethnic-offensive lexical cue matched; check whether the meme uses it to attack an immigrant, nationality, ethnic, racial, or religious group.",0.9,vndal,[]
xenophobia_lexicon,xenophobia_lexicon_en.txt,plaza2020detecting;bassignana2018hurtlex,destroyer,,xenophobia_or_ethnic_slur_cue,"A xenophobia-related or ethnic-offensive lexical cue matched; check whether the meme uses it to attack an immigrant, nationality, ethnic, racial, or religious group.",0.9,destroyer,[]
xenophobia_lexicon,xenophobia_lexicon_en.txt,plaza2020detecting;bassignana2018hurtlex,drifter,,xenophobia_or_ethnic_slur_cue,"A xenophobia-related or ethnic-offensive lexical cue matched; check whether the meme uses it to attack an immigrant, nationality, ethnic, racial, or religious group.",0.9,drifter,[]
xenophobia_lexicon,xenophobia_lexicon_en.txt,plaza2020detecting;bassignana2018hurtlex,spade,,xenophobia_or_ethnic_slur_cue,"A xenophobia-related or ethnic-offensive lexical cue matched; check whether the meme uses it to attack an immigrant, nationality, ethnic, racial, or religious group.",0.9,spade,[]
xenophobia_lexicon,xenophobia_lexicon_en.txt,plaza2020detecting;bassignana2018hurtlex,negroes,,xenophobia_or_ethnic_slur_cue,"A xenophobia-related or ethnic-offensive lexical cue matched; check whether the meme uses it to attack an immigrant, nationality, ethnic, racial, or religious group.",0.9,negroes,[]
xenophobia_lexicon,xenophobia_lexicon_en.txt,plaza2020detecting;bassignana2018hurtlex,mongolian,,xenophobia_or_ethnic_slur_cue,"A xenophobia-related or ethnic-offensive lexical cue matched; check whether the meme uses it to attack an immigrant, nationality, ethnic, racial, or religious group.",0.9,mongolian,[]
xenophobia_lexicon,xenophobia_lexicon_en.txt,plaza2020detecting;bassignana2018hurtlex,prostates,,xenophobia_or_ethnic_slur_cue,"A xenophobia-related or ethnic-offensive lexical cue matched; check whether the meme uses it to attack an immigrant, nationality, ethnic, racial, or religious group.",0.9,prostates,[]
xenophobia_lexicon,xenophobia_lexicon_en.txt,plaza2020detecting;bassignana2018hurtlex,hymie,,xenophobia_or_ethnic_slur_cue,"A xenophobia-related or ethnic-offensive lexical cue matched; check whether the meme uses it to attack an immigrant, nationality, ethnic, racial, or religious group.",0.9,hymie,[]
xenophobia_lexicon,xenophobia_lexicon_en.txt,plaza2020detecting;bassignana2018hurtlex,kraut,,xenophobia_or_ethnic_slur_cue,"A xenophobia-related or ethnic-offensive lexical cue matched; check whether the meme uses it to attack an immigrant, nationality, ethnic, racial, or religious group.",0.9,kraut,[]
xenophobia_lexicon,xenophobia_lexicon_en.txt,plaza2020detecting;bassignana2018hurtlex,negro-african,,xenophobia_or_ethnic_slur_cue,"A xenophobia-related or ethnic-offensive lexical cue matched; check whether the meme uses it to attack an immigrant, nationality, ethnic, racial, or religious group.",0.9,negro-african,[]
xenophobia_lexicon,xenophobia_lexicon_en.txt,plaza2020detecting;bassignana2018hurtlex,blackest,,xenophobia_or_ethnic_slur_cue,"A xenophobia-related or ethnic-offensive lexical cue matched; check whether the meme uses it to attack an immigrant, nationality, ethnic, racial, or religious group.",0.9,blackest,[]
xenophobia_lexicon,xenophobia_lexicon_en.txt,plaza2020detecting;bassignana2018hurtlex,chump,,xenophobia_or_ethnic_slur_cue,"A xenophobia-related or ethnic-offensive lexical cue matched; check whether the meme uses it to attack an immigrant, nationality, ethnic, racial, or religious group.",0.9,chump,[]
xenophobia_lexicon,xenophobia_lexicon_en.txt,plaza2020detecting;bassignana2018hurtlex,doofus,,xenophobia_or_ethnic_slur_cue,"A xenophobia-related or ethnic-offensive lexical cue matched; check whether the meme uses it to attack an immigrant, nationality, ethnic, racial, or religious group.",0.9,doofus,[]
xenophobia_lexicon,xenophobia_lexicon_en.txt,plaza2020detecting;bassignana2018hurtlex,plant breeder,,xenophobia_or_ethnic_slur_cue,"A xenophobia-related or ethnic-offensive lexical cue matched; check whether the meme uses it to attack an immigrant, nationality, ethnic, racial, or religious group.",0.9,plant breeder,[]
xenophobia_lexicon,xenophobia_lexicon_en.txt,plaza2020detecting;bassignana2018hurtlex,jewity,,xenophobia_or_ethnic_slur_cue,"A xenophobia-related or ethnic-offensive lexical cue matched; check whether the meme uses it to attack an immigrant, nationality, ethnic, racial, or religious group.",0.9,jewity,[]
xenophobia_lexicon,xenophobia_lexicon_en.txt,plaza2020detecting;bassignana2018hurtlex,blk ppl,,xenophobia_or_ethnic_slur_cue,"A xenophobia-related or ethnic-offensive lexical cue matched; check whether the meme uses it to attack an immigrant, nationality, ethnic, racial, or religious group.",0.9,blk ppl,[]
xenophobia_lexicon,xenophobia_lexicon_en.txt,plaza2020detecting;bassignana2018hurtlex,the n-word,,xenophobia_or_ethnic_slur_cue,"A xenophobia-related or ethnic-offensive lexical cue matched; check whether the meme uses it to attack an immigrant, nationality, ethnic, racial, or religious group.",0.9,the n-word,[]
immigrant_lexicon,immigrant_lexicon_en.txt,plaza2020detecting;bassignana2018hurtlex,african,,immigration_or_nationality_cue,"An immigration, nationality, or foreignness-related term matched; check whether the meme frames immigrants or national groups as a threat or inferior.",0.65,african,[]
immigrant_lexicon,immigrant_lexicon_en.txt,plaza2020detecting;bassignana2018hurtlex,arabic,,immigration_or_nationality_cue,"An immigration, nationality, or foreignness-related term matched; check whether the meme frames immigrants or national groups as a threat or inferior.",0.65,arabic,[]
immigrant_lexicon,immigrant_lexicon_en.txt,plaza2020detecting;bassignana2018hurtlex,clandestine,,immigration_or_nationality_cue,"An immigration, nationality, or foreignness-related term matched; check whether the meme frames immigrants or national groups as a threat or inferior.",0.65,clandestine,[]
immigrant_lexicon,immigrant_lexicon_en.txt,plaza2020detecting;bassignana2018hurtlex,deport him,,immigration_or_nationality_cue,"An immigration, nationality, or foreignness-related term matched; check whether the meme frames immigrants or national groups as a threat or inferior.",0.65,deport him,[]
immigrant_lexicon,immigrant_lexicon_en.txt,plaza2020detecting;bassignana2018hurtlex,deport,,immigration_or_nationality_cue,"An immigration, nationality, or foreignness-related term matched; check whether the meme frames immigrants or national groups as a threat or inferior.",0.65,deport,[]
immigrant_lexicon,immigrant_lexicon_en.txt,plaza2020detecting;bassignana2018hurtlex,emigrant,,immigration_or_nationality_cue,"An immigration, nationality, or foreignness-related term matched; check whether the meme frames immigrants or national groups as a threat or inferior.",0.65,emigrant,[]
immigrant_lexicon,immigrant_lexicon_en.txt,plaza2020detecting;bassignana2018hurtlex,spanish,,immigration_or_nationality_cue,"An immigration, nationality, or foreignness-related term matched; check whether the meme frames immigrants or national groups as a threat or inferior.",0.65,spanish,[]
immigrant_lexicon,immigrant_lexicon_en.txt,plaza2020detecting;bassignana2018hurtlex,french,,immigration_or_nationality_cue,"An immigration, nationality, or foreignness-related term matched; check whether the meme frames immigrants or national groups as a threat or inferior.",0.65,french,[]
immigrant_lexicon,immigrant_lexicon_en.txt,plaza2020detecting;bassignana2018hurtlex,gallic,,immigration_or_nationality_cue,"An immigration, nationality, or foreignness-related term matched; check whether the meme frames immigrants or national groups as a threat or inferior.",0.65,gallic,[]
immigrant_lexicon,immigrant_lexicon_en.txt,plaza2020detecting;bassignana2018hurtlex,foreign,,immigration_or_nationality_cue,"An immigration, nationality, or foreignness-related term matched; check whether the meme frames immigrants or national groups as a threat or inferior.",0.65,foreign,[]
immigrant_lexicon,immigrant_lexicon_en.txt,plaza2020detecting;bassignana2018hurtlex,illegal,,immigration_or_nationality_cue,"An immigration, nationality, or foreignness-related term matched; check whether the meme frames immigrants or national groups as a threat or inferior.",0.65,illegal,[]
immigrant_lexicon,immigrant_lexicon_en.txt,plaza2020detecting;bassignana2018hurtlex,undocumented,,immigration_or_nationality_cue,"An immigration, nationality, or foreignness-related term matched; check whether the meme frames immigrants or national groups as a threat or inferior.",0.65,undocumented,[]
immigrant_lexicon,immigrant_lexicon_en.txt,plaza2020detecting;bassignana2018hurtlex,immigrant,,immigration_or_nationality_cue,"An immigration, nationality, or foreignness-related term matched; check whether the meme frames immigrants or national groups as a threat or inferior.",0.65,immigrant,[]
immigrant_lexicon,immigrant_lexicon_en.txt,plaza2020detecting;bassignana2018hurtlex,immigrants,,immigration_or_nationality_cue,"An immigration, nationality, or foreignness-related term matched; check whether the meme frames immigrants or national groups as a threat or inferior.",0.65,immigrants,[]
immigrant_lexicon,immigrant_lexicon_en.txt,plaza2020detecting;bassignana2018hurtlex,migrant,,immigration_or_nationality_cue,"An immigration, nationality, or foreignness-related term matched; check whether the meme frames immigrants or national groups as a threat or inferior.",0.65,migrant,[]
immigrant_lexicon,immigrant_lexicon_en.txt,plaza2020detecting;bassignana2018hurtlex,migrants,,immigration_or_nationality_cue,"An immigration, nationality, or foreignness-related term matched; check whether the meme frames immigrants or national groups as a threat or inferior.",0.65,migrants,[]
immigrant_lexicon,immigrant_lexicon_en.txt,plaza2020detecting;bassignana2018hurtlex,jewish,,immigration_or_nationality_cue,"An immigration, nationality, or foreignness-related term matched; check whether the meme frames immigrants or national groups as a threat or inferior.",0.65,jewish,[]
immigrant_lexicon,immigrant_lexicon_en.txt,plaza2020detecting;bassignana2018hurtlex,jew,,immigration_or_nationality_cue,"An immigration, nationality, or foreignness-related term matched; check whether the meme frames immigrants or national groups as a threat or inferior.",0.65,jew,[]
immigrant_lexicon,immigrant_lexicon_en.txt,plaza2020detecting;bassignana2018hurtlex,lithuanian,,immigration_or_nationality_cue,"An immigration, nationality, or foreignness-related term matched; check whether the meme frames immigrants or national groups as a threat or inferior.",0.65,lithuanian,[]
immigrant_lexicon,immigrant_lexicon_en.txt,plaza2020detecting;bassignana2018hurtlex,migratory,,immigration_or_nationality_cue,"An immigration, nationality, or foreignness-related term matched; check whether the meme frames immigrants or national groups as a threat or inferior.",0.65,migratory,[]
immigrant_lexicon,immigrant_lexicon_en.txt,plaza2020detecting;bassignana2018hurtlex,muslim,,immigration_or_nationality_cue,"An immigration, nationality, or foreignness-related term matched; check whether the meme frames immigrants or national groups as a threat or inferior.",0.65,muslim,[]
immigrant_lexicon,immigrant_lexicon_en.txt,plaza2020detecting;bassignana2018hurtlex,half blood,,immigration_or_nationality_cue,"An immigration, nationality, or foreignness-related term matched; check whether the meme frames immigrants or national groups as a threat or inferior.",0.65,half blood,[]
immigrant_lexicon,immigrant_lexicon_en.txt,plaza2020detecting;bassignana2018hurtlex,honduran,,immigration_or_nationality_cue,"An immigration, nationality, or foreignness-related term matched; check whether the meme frames immigrants or national groups as a threat or inferior.",0.65,honduran,[]
immigrant_lexicon,immigrant_lexicon_en.txt,plaza2020detecting;bassignana2018hurtlex,latin,,immigration_or_nationality_cue,"An immigration, nationality, or foreignness-related term matched; check whether the meme frames immigrants or national groups as a threat or inferior.",0.65,latin,[]
immigrant_lexicon,immigrant_lexicon_en.txt,plaza2020detecting;bassignana2018hurtlex,baboon,,immigration_or_nationality_cue,"An immigration, nationality, or foreignness-related term matched; check whether the meme frames immigrants or national groups as a threat or inferior.",0.65,baboon,[]
immigrant_lexicon,immigrant_lexicon_en.txt,plaza2020detecting;bassignana2018hurtlex,transmigrant,,immigration_or_nationality_cue,"An immigration, nationality, or foreignness-related term matched; check whether the meme frames immigrants or national groups as a threat or inferior.",0.65,transmigrant,[]
immigrant_lexicon,immigrant_lexicon_en.txt,plaza2020detecting;bassignana2018hurtlex,expatriate,,immigration_or_nationality_cue,"An immigration, nationality, or foreignness-related term matched; check whether the meme frames immigrants or national groups as a threat or inferior.",0.65,expatriate,[]
immigrant_lexicon,immigrant_lexicon_en.txt,plaza2020detecting;bassignana2018hurtlex,refugee,,immigration_or_nationality_cue,"An immigration, nationality, or foreignness-related term matched; check whether the meme frames immigrants or national groups as a threat or inferior.",0.65,refugee,[]
immigrant_lexicon,immigrant_lexicon_en.txt,plaza2020detecting;bassignana2018hurtlex,central american,,immigration_or_nationality_cue,"An immigration, nationality, or foreignness-related term matched; check whether the meme frames immigrants or national groups as a threat or inferior.",0.65,central american,[]
immigrant_lexicon,immigrant_lexicon_en.txt,plaza2020detecting;bassignana2018hurtlex,gringo,,immigration_or_nationality_cue,"An immigration, nationality, or foreignness-related term matched; check whether the meme frames immigrants or national groups as a threat or inferior.",0.65,gringo,[]
immigrant_lexicon,immigrant_lexicon_en.txt,plaza2020detecting;bassignana2018hurtlex,yankee,,immigration_or_nationality_cue,"An immigration, nationality, or foreignness-related term matched; check whether the meme frames immigrants or national groups as a threat or inferior.",0.65,yankee,[]
immigrant_lexicon,immigrant_lexicon_en.txt,plaza2020detecting;bassignana2018hurtlex,brazilian,,immigration_or_nationality_cue,"An immigration, nationality, or foreignness-related term matched; check whether the meme frames immigrants or national groups as a threat or inferior.",0.65,brazilian,[]
immigrant_lexicon,immigrant_lexicon_en.txt,plaza2020detecting;bassignana2018hurtlex,chilean,,immigration_or_nationality_cue,"An immigration, nationality, or foreignness-related term matched; check whether the meme frames immigrants or national groups as a threat or inferior.",0.65,chilean,[]
immigrant_lexicon,immigrant_lexicon_en.txt,plaza2020detecting;bassignana2018hurtlex,ecuadorian,,immigration_or_nationality_cue,"An immigration, nationality, or foreignness-related term matched; check whether the meme frames immigrants or national groups as a threat or inferior.",0.65,ecuadorian,[]
immigrant_lexicon,immigrant_lexicon_en.txt,plaza2020detecting;bassignana2018hurtlex,paraguayan,,immigration_or_nationality_cue,"An immigration, nationality, or foreignness-related term matched; check whether the meme frames immigrants or national groups as a threat or inferior.",0.65,paraguayan,[]
immigrant_lexicon,immigrant_lexicon_en.txt,plaza2020detecting;bassignana2018hurtlex,peruvian,,immigration_or_nationality_cue,"An immigration, nationality, or foreignness-related term matched; check whether the meme frames immigrants or national groups as a threat or inferior.",0.65,peruvian,[]
immigrant_lexicon,immigrant_lexicon_en.txt,plaza2020detecting;bassignana2018hurtlex,uruguayan,,immigration_or_nationality_cue,"An immigration, nationality, or foreignness-related term matched; check whether the meme frames immigrants or national groups as a threat or inferior.",0.65,uruguayan,[]
immigrant_lexicon,immigrant_lexicon_en.txt,plaza2020detecting;bassignana2018hurtlex,venezuelan,,immigration_or_nationality_cue,"An immigration, nationality, or foreignness-related term matched; check whether the meme frames immigrants or national groups as a threat or inferior.",0.65,venezuelan,[]
immigrant_lexicon,immigrant_lexicon_en.txt,plaza2020detecting;bassignana2018hurtlex,argentine,,immigration_or_nationality_cue,"An immigration, nationality, or foreignness-related term matched; check whether the meme frames immigrants or national groups as a threat or inferior.",0.65,argentine,[]
immigrant_lexicon,immigrant_lexicon_en.txt,plaza2020detecting;bassignana2018hurtlex,bolivian,,immigration_or_nationality_cue,"An immigration, nationality, or foreignness-related term matched; check whether the meme frames immigrants or national groups as a threat or inferior.",0.65,bolivian,[]
immigrant_lexicon,immigrant_lexicon_en.txt,plaza2020detecting;bassignana2018hurtlex,guayanese,,immigration_or_nationality_cue,"An immigration, nationality, or foreignness-related term matched; check whether the meme frames immigrants or national groups as a threat or inferior.",0.65,guayanese,[]
immigrant_lexicon,immigrant_lexicon_en.txt,plaza2020detecting;bassignana2018hurtlex,chinese,,immigration_or_nationality_cue,"An immigration, nationality, or foreignness-related term matched; check whether the meme frames immigrants or national groups as a threat or inferior.",0.65,chinese,[]
immigrant_lexicon,immigrant_lexicon_en.txt,plaza2020detecting;bassignana2018hurtlex,barbaric,,immigration_or_nationality_cue,"An immigration, nationality, or foreignness-related term matched; check whether the meme frames immigrants or national groups as a threat or inferior.",0.65,barbaric,[]
immigrant_lexicon,immigrant_lexicon_en.txt,plaza2020detecting;bassignana2018hurtlex,birin,,immigration_or_nationality_cue,"An immigration, nationality, or foreignness-related term matched; check whether the meme frames immigrants or national groups as a threat or inferior.",0.65,birin,[]
immigrant_lexicon,immigrant_lexicon_en.txt,plaza2020detecting;bassignana2018hurtlex,barbarously,,immigration_or_nationality_cue,"An immigration, nationality, or foreignness-related term matched; check whether the meme frames immigrants or national groups as a threat or inferior.",0.65,barbarously,[]
immigrant_lexicon,immigrant_lexicon_en.txt,plaza2020detecting;bassignana2018hurtlex,tike,,immigration_or_nationality_cue,"An immigration, nationality, or foreignness-related term matched; check whether the meme frames immigrants or national groups as a threat or inferior.",0.65,tike,[]
immigrant_lexicon,immigrant_lexicon_en.txt,plaza2020detecting;bassignana2018hurtlex,tyke,,immigration_or_nationality_cue,"An immigration, nationality, or foreignness-related term matched; check whether the meme frames immigrants or national groups as a threat or inferior.",0.65,tyke,[]
immigrant_lexicon,immigrant_lexicon_en.txt,plaza2020detecting;bassignana2018hurtlex,ceorle,,immigration_or_nationality_cue,"An immigration, nationality, or foreignness-related term matched; check whether the meme frames immigrants or national groups as a threat or inferior.",0.65,ceorle,[]
immigrant_lexicon,immigrant_lexicon_en.txt,plaza2020detecting;bassignana2018hurtlex,barbarousness,,immigration_or_nationality_cue,"An immigration, nationality, or foreignness-related term matched; check whether the meme frames immigrants or national groups as a threat or inferior.",0.65,barbarousness,[]
immigrant_lexicon,immigrant_lexicon_en.txt,plaza2020detecting;bassignana2018hurtlex,churls,,immigration_or_nationality_cue,"An immigration, nationality, or foreignness-related term matched; check whether the meme frames immigrants or national groups as a threat or inferior.",0.65,churls,[]
immigrant_lexicon,immigrant_lexicon_en.txt,plaza2020detecting;bassignana2018hurtlex,goth,,immigration_or_nationality_cue,"An immigration, nationality, or foreignness-related term matched; check whether the meme frames immigrants or national groups as a threat or inferior.",0.65,goth,[]
immigrant_lexicon,immigrant_lexicon_en.txt,plaza2020detecting;bassignana2018hurtlex,barbarian,,immigration_or_nationality_cue,"An immigration, nationality, or foreignness-related term matched; check whether the meme frames immigrants or national groups as a threat or inferior.",0.65,barbarian,[]
immigrant_lexicon,immigrant_lexicon_en.txt,plaza2020detecting;bassignana2018hurtlex,barberian,,immigration_or_nationality_cue,"An immigration, nationality, or foreignness-related term matched; check whether the meme frames immigrants or national groups as a threat or inferior.",0.65,barberian,[]
immigrant_lexicon,immigrant_lexicon_en.txt,plaza2020detecting;bassignana2018hurtlex,the karls,,immigration_or_nationality_cue,"An immigration, nationality, or foreignness-related term matched; check whether the meme frames immigrants or national groups as a threat or inferior.",0.65,the karls,[]
immigrant_lexicon,immigrant_lexicon_en.txt,plaza2020detecting;bassignana2018hurtlex,barbarous,,immigration_or_nationality_cue,"An immigration, nationality, or foreignness-related term matched; check whether the meme frames immigrants or national groups as a threat or inferior.",0.65,barbarous,[]
immigrant_lexicon,immigrant_lexicon_en.txt,plaza2020detecting;bassignana2018hurtlex,genoese,,immigration_or_nationality_cue,"An immigration, nationality, or foreignness-related term matched; check whether the meme frames immigrants or national groups as a threat or inferior.",0.65,genoese,[]
immigrant_lexicon,immigrant_lexicon_en.txt,plaza2020detecting;bassignana2018hurtlex,churl,,immigration_or_nationality_cue,"An immigration, nationality, or foreignness-related term matched; check whether the meme frames immigrants or national groups as a threat or inferior.",0.65,churl,[]
immigrant_lexicon,immigrant_lexicon_en.txt,plaza2020detecting;bassignana2018hurtlex,savage,,immigration_or_nationality_cue,"An immigration, nationality, or foreignness-related term matched; check whether the meme frames immigrants or national groups as a threat or inferior.",0.65,savage,[]
immigrant_lexicon,immigrant_lexicon_en.txt,plaza2020detecting;bassignana2018hurtlex,peasant,,immigration_or_nationality_cue,"An immigration, nationality, or foreignness-related term matched; check whether the meme frames immigrants or national groups as a threat or inferior.",0.65,peasant,[]
immigrant_lexicon,immigrant_lexicon_en.txt,plaza2020detecting;bassignana2018hurtlex,barbarically,,immigration_or_nationality_cue,"An immigration, nationality, or foreignness-related term matched; check whether the meme frames immigrants or national groups as a threat or inferior.",0.65,barbarically,[]
immigrant_lexicon,immigrant_lexicon_en.txt,plaza2020detecting;bassignana2018hurtlex,barbarians,,immigration_or_nationality_cue,"An immigration, nationality, or foreignness-related term matched; check whether the meme frames immigrants or national groups as a threat or inferior.",0.65,barbarians,[]
immigrant_lexicon,immigrant_lexicon_en.txt,plaza2020detecting;bassignana2018hurtlex,boor,,immigration_or_nationality_cue,"An immigration, nationality, or foreignness-related term matched; check whether the meme frames immigrants or national groups as a threat or inferior.",0.65,boor,[]
immigrant_lexicon,immigrant_lexicon_en.txt,plaza2020detecting;bassignana2018hurtlex,guatemalan,,immigration_or_nationality_cue,"An immigration, nationality, or foreignness-related term matched; check whether the meme frames immigrants or national groups as a threat or inferior.",0.65,guatemalan,[]
immigrant_lexicon,immigrant_lexicon_en.txt,plaza2020detecting;bassignana2018hurtlex,mexican,,immigration_or_nationality_cue,"An immigration, nationality, or foreignness-related term matched; check whether the meme frames immigrants or national groups as a threat or inferior.",0.65,mexican,[]
immigrant_lexicon,immigrant_lexicon_en.txt,plaza2020detecting;bassignana2018hurtlex,salvadorean,,immigration_or_nationality_cue,"An immigration, nationality, or foreignness-related term matched; check whether the meme frames immigrants or national groups as a threat or inferior.",0.65,salvadorean,[]
immigrant_lexicon,immigrant_lexicon_en.txt,plaza2020detecting;bassignana2018hurtlex,nicaraguan,,immigration_or_nationality_cue,"An immigration, nationality, or foreignness-related term matched; check whether the meme frames immigrants or national groups as a threat or inferior.",0.65,nicaraguan,[]
immigrant_lexicon,immigrant_lexicon_en.txt,plaza2020detecting;bassignana2018hurtlex,cuban,,immigration_or_nationality_cue,"An immigration, nationality, or foreignness-related term matched; check whether the meme frames immigrants or national groups as a threat or inferior.",0.65,cuban,[]
immigrant_lexicon,immigrant_lexicon_en.txt,plaza2020detecting;bassignana2018hurtlex,alien,,immigration_or_nationality_cue,"An immigration, nationality, or foreignness-related term matched; check whether the meme frames immigrants or national groups as a threat or inferior.",0.65,alien,[]
insults_lexicon,insults_lexicon_en.txt,plaza2020detecting;bassignana2018hurtlex,lummox,,general_insult_cue,A general insult or derogatory cue matched; check whether it is directed at a protected or social group rather than used as a generic insult.,0.7,lummox,[]
insults_lexicon,insults_lexicon_en.txt,plaza2020detecting;bassignana2018hurtlex,cross-breed,,general_insult_cue,A general insult or derogatory cue matched; check whether it is directed at a protected or social group rather than used as a generic insult.,0.7,cross-breed,[]
insults_lexicon,insults_lexicon_en.txt,plaza2020detecting;bassignana2018hurtlex,dumbbell,,general_insult_cue,A general insult or derogatory cue matched; check whether it is directed at a protected or social group rather than used as a generic insult.,0.7,dumbbell,[]
insults_lexicon,insults_lexicon_en.txt,plaza2020detecting;bassignana2018hurtlex,bum,,general_insult_cue,A general insult or derogatory cue matched; check whether it is directed at a protected or social group rather than used as a generic insult.,0.7,bum,[]
insults_lexicon,insults_lexicon_en.txt,plaza2020detecting;bassignana2018hurtlex,vagrant,,general_insult_cue,A general insult or derogatory cue matched; check whether it is directed at a protected or social group rather than used as a generic insult.,0.7,vagrant,[]
insults_lexicon,insults_lexicon_en.txt,plaza2020detecting;bassignana2018hurtlex,rentboy,,general_insult_cue,A general insult or derogatory cue matched; check whether it is directed at a protected or social group rather than used as a generic insult.,0.7,rentboy,[]
insults_lexicon,insults_lexicon_en.txt,plaza2020detecting;bassignana2018hurtlex,rent-boy,,general_insult_cue,A general insult or derogatory cue matched; check whether it is directed at a protected or social group rather than used as a generic insult.,0.7,rent-boy,[]
insults_lexicon,insults_lexicon_en.txt,plaza2020detecting;bassignana2018hurtlex,sonuvabitch,,general_insult_cue,A general insult or derogatory cue matched; check whether it is directed at a protected or social group rather than used as a generic insult.,0.7,sonuvabitch,[]
insults_lexicon,insults_lexicon_en.txt,plaza2020detecting;bassignana2018hurtlex,rats,,general_insult_cue,A general insult or derogatory cue matched; check whether it is directed at a protected or social group rather than used as a generic insult.,0.7,rats,[]
insults_lexicon,insults_lexicon_en.txt,plaza2020detecting;bassignana2018hurtlex,sons of bitches,,general_insult_cue,A general insult or derogatory cue matched; check whether it is directed at a protected or social group rather than used as a generic insult.,0.7,sons of bitches,[]
insults_lexicon,insults_lexicon_en.txt,plaza2020detecting;bassignana2018hurtlex,hustler,,general_insult_cue,A general insult or derogatory cue matched; check whether it is directed at a protected or social group rather than used as a generic insult.,0.7,hustler,[]
insults_lexicon,insults_lexicon_en.txt,plaza2020detecting;bassignana2018hurtlex,man-whore,,general_insult_cue,A general insult or derogatory cue matched; check whether it is directed at a protected or social group rather than used as a generic insult.,0.7,man-whore,[]
insults_lexicon,insults_lexicon_en.txt,plaza2020detecting;bassignana2018hurtlex,sonamabitch,,general_insult_cue,A general insult or derogatory cue matched; check whether it is directed at a protected or social group rather than used as a generic insult.,0.7,sonamabitch,[]
insults_lexicon,insults_lexicon_en.txt,plaza2020detecting;bassignana2018hurtlex,jigolo,,general_insult_cue,A general insult or derogatory cue matched; check whether it is directed at a protected or social group rather than used as a generic insult.,0.7,jigolo,[]
insults_lexicon,insults_lexicon_en.txt,plaza2020detecting;bassignana2018hurtlex,man-whores,,general_insult_cue,A general insult or derogatory cue matched; check whether it is directed at a protected or social group rather than used as a generic insult.,0.7,man-whores,[]
insults_lexicon,insults_lexicon_en.txt,plaza2020detecting;bassignana2018hurtlex,stupidhead,,general_insult_cue,A general insult or derogatory cue matched; check whether it is directed at a protected or social group rather than used as a generic insult.,0.7,stupidhead,[]
insults_lexicon,insults_lexicon_en.txt,plaza2020detecting;bassignana2018hurtlex,patsy,,general_insult_cue,A general insult or derogatory cue matched; check whether it is directed at a protected or social group rather than used as a generic insult.,0.7,patsy,[]
insults_lexicon,insults_lexicon_en.txt,plaza2020detecting;bassignana2018hurtlex,idiot,,general_insult_cue,A general insult or derogatory cue matched; check whether it is directed at a protected or social group rather than used as a generic insult.,0.7,idiot,[]
insults_lexicon,insults_lexicon_en.txt,plaza2020detecting;bassignana2018hurtlex,idiocy,,general_insult_cue,A general insult or derogatory cue matched; check whether it is directed at a protected or social group rather than used as a generic insult.,0.7,idiocy,[]
insults_lexicon,insults_lexicon_en.txt,plaza2020detecting;bassignana2018hurtlex,fuckhead,,general_insult_cue,A general insult or derogatory cue matched; check whether it is directed at a protected or social group rather than used as a generic insult.,0.7,fuckhead,[]
insults_lexicon,insults_lexicon_en.txt,plaza2020detecting;bassignana2018hurtlex,sucker,,general_insult_cue,A general insult or derogatory cue matched; check whether it is directed at a protected or social group rather than used as a generic insult.,0.7,sucker,[]
insults_lexicon,insults_lexicon_en.txt,plaza2020detecting;bassignana2018hurtlex,simple,,general_insult_cue,A general insult or derogatory cue matched; check whether it is directed at a protected or social group rather than used as a generic insult.,0.7,simple,[]
insults_lexicon,insults_lexicon_en.txt,plaza2020detecting;bassignana2018hurtlex,saphead,,general_insult_cue,A general insult or derogatory cue matched; check whether it is directed at a protected or social group rather than used as a generic insult.,0.7,saphead,[]
insults_lexicon,insults_lexicon_en.txt,plaza2020detecting;bassignana2018hurtlex,putz,,general_insult_cue,A general insult or derogatory cue matched; check whether it is directed at a protected or social group rather than used as a generic insult.,0.7,putz,[]
insults_lexicon,insults_lexicon_en.txt,plaza2020detecting;bassignana2018hurtlex,mark,,general_insult_cue,A general insult or derogatory cue matched; check whether it is directed at a protected or social group rather than used as a generic insult.,0.7,mark,[]
insults_lexicon,insults_lexicon_en.txt,plaza2020detecting;bassignana2018hurtlex,blockhead,,general_insult_cue,A general insult or derogatory cue matched; check whether it is directed at a protected or social group rather than used as a generic insult.,0.7,blockhead,[]
insults_lexicon,insults_lexicon_en.txt,plaza2020detecting;bassignana2018hurtlex,idiotes,,general_insult_cue,A general insult or derogatory cue matched; check whether it is directed at a protected or social group rather than used as a generic insult.,0.7,idiotes,[]
insults_lexicon,insults_lexicon_en.txt,plaza2020detecting;bassignana2018hurtlex,numskull,,general_insult_cue,A general insult or derogatory cue matched; check whether it is directed at a protected or social group rather than used as a generic insult.,0.7,numskull,[]
insults_lexicon,insults_lexicon_en.txt,plaza2020detecting;bassignana2018hurtlex,nitwit,,general_insult_cue,A general insult or derogatory cue matched; check whether it is directed at a protected or social group rather than used as a generic insult.,0.7,nitwit,[]
insults_lexicon,insults_lexicon_en.txt,plaza2020detecting;bassignana2018hurtlex,fall guy,,general_insult_cue,A general insult or derogatory cue matched; check whether it is directed at a protected or social group rather than used as a generic insult.,0.7,fall guy,[]
insults_lexicon,insults_lexicon_en.txt,plaza2020detecting;bassignana2018hurtlex,loggerhead,,general_insult_cue,A general insult or derogatory cue matched; check whether it is directed at a protected or social group rather than used as a generic insult.,0.7,loggerhead,[]
insults_lexicon,insults_lexicon_en.txt,plaza2020detecting;bassignana2018hurtlex,moronism,,general_insult_cue,A general insult or derogatory cue matched; check whether it is directed at a protected or social group rather than used as a generic insult.,0.7,moronism,[]
insults_lexicon,insults_lexicon_en.txt,plaza2020detecting;bassignana2018hurtlex,fool,,general_insult_cue,A general insult or derogatory cue matched; check whether it is directed at a protected or social group rather than used as a generic insult.,0.7,fool,[]
insults_lexicon,insults_lexicon_en.txt,plaza2020detecting;bassignana2018hurtlex,bonehead,,general_insult_cue,A general insult or derogatory cue matched; check whether it is directed at a protected or social group rather than used as a generic insult.,0.7,bonehead,[]
insults_lexicon,insults_lexicon_en.txt,plaza2020detecting;bassignana2018hurtlex,retard,,general_insult_cue,A general insult or derogatory cue matched; check whether it is directed at a protected or social group rather than used as a generic insult.,0.7,retard,[]
insults_lexicon,insults_lexicon_en.txt,plaza2020detecting;bassignana2018hurtlex,shithead,,general_insult_cue,A general insult or derogatory cue matched; check whether it is directed at a protected or social group rather than used as a generic insult.,0.7,shithead,[]
insults_lexicon,insults_lexicon_en.txt,plaza2020detecting;bassignana2018hurtlex,imbecile,,general_insult_cue,A general insult or derogatory cue matched; check whether it is directed at a protected or social group rather than used as a generic insult.,0.7,imbecile,[]
insults_lexicon,insults_lexicon_en.txt,plaza2020detecting;bassignana2018hurtlex,knucklehead,,general_insult_cue,A general insult or derogatory cue matched; check whether it is directed at a protected or social group rather than used as a generic insult.,0.7,knucklehead,[]
insults_lexicon,insults_lexicon_en.txt,plaza2020detecting;bassignana2018hurtlex,pinhead,,general_insult_cue,A general insult or derogatory cue matched; check whether it is directed at a protected or social group rather than used as a generic insult.,0.7,pinhead,[]
insults_lexicon,insults_lexicon_en.txt,plaza2020detecting;bassignana2018hurtlex,dumbass,,general_insult_cue,A general insult or derogatory cue matched; check whether it is directed at a protected or social group rather than used as a generic insult.,0.7,dumbass,[]
insults_lexicon,insults_lexicon_en.txt,plaza2020detecting;bassignana2018hurtlex,dummy,,general_insult_cue,A general insult or derogatory cue matched; check whether it is directed at a protected or social group rather than used as a generic insult.,0.7,dummy,[]
insults_lexicon,insults_lexicon_en.txt,plaza2020detecting;bassignana2018hurtlex,idiots,,general_insult_cue,A general insult or derogatory cue matched; check whether it is directed at a protected or social group rather than used as a generic insult.,0.7,idiots,[]
insults_lexicon,insults_lexicon_en.txt,plaza2020detecting;bassignana2018hurtlex,simpleton,,general_insult_cue,A general insult or derogatory cue matched; check whether it is directed at a protected or social group rather than used as a generic insult.,0.7,simpleton,[]
insults_lexicon,insults_lexicon_en.txt,plaza2020detecting;bassignana2018hurtlex,cretin,,general_insult_cue,A general insult or derogatory cue matched; check whether it is directed at a protected or social group rather than used as a generic insult.,0.7,cretin,[]
insults_lexicon,insults_lexicon_en.txt,plaza2020detecting;bassignana2018hurtlex,slimy,,general_insult_cue,A general insult or derogatory cue matched; check whether it is directed at a protected or social group rather than used as a generic insult.,0.7,slimy,[]
insults_lexicon,insults_lexicon_en.txt,plaza2020detecting;bassignana2018hurtlex,differently-abled,,general_insult_cue,A general insult or derogatory cue matched; check whether it is directed at a protected or social group rather than used as a generic insult.,0.7,differently-abled,[]
insults_lexicon,insults_lexicon_en.txt,plaza2020detecting;bassignana2018hurtlex,handycapped,,general_insult_cue,A general insult or derogatory cue matched; check whether it is directed at a protected or social group rather than used as a generic insult.,0.7,handycapped,[]
insults_lexicon,insults_lexicon_en.txt,plaza2020detecting;bassignana2018hurtlex,unworthy,,general_insult_cue,A general insult or derogatory cue matched; check whether it is directed at a protected or social group rather than used as a generic insult.,0.7,unworthy,[]
insults_lexicon,insults_lexicon_en.txt,plaza2020detecting;bassignana2018hurtlex,malformed,,general_insult_cue,A general insult or derogatory cue matched; check whether it is directed at a protected or social group rather than used as a generic insult.,0.7,malformed,[]
insults_lexicon,insults_lexicon_en.txt,plaza2020detecting;bassignana2018hurtlex,crippled,,general_insult_cue,A general insult or derogatory cue matched; check whether it is directed at a protected or social group rather than used as a generic insult.,0.7,crippled,[]
insults_lexicon,insults_lexicon_en.txt,plaza2020detecting;bassignana2018hurtlex,differently abled,,general_insult_cue,A general insult or derogatory cue matched; check whether it is directed at a protected or social group rather than used as a generic insult.,0.7,differently abled,[]
insults_lexicon,insults_lexicon_en.txt,plaza2020detecting;bassignana2018hurtlex,wretched,,general_insult_cue,A general insult or derogatory cue matched; check whether it is directed at a protected or social group rather than used as a generic insult.,0.7,wretched,[]
insults_lexicon,insults_lexicon_en.txt,plaza2020detecting;bassignana2018hurtlex,halting,,general_insult_cue,A general insult or derogatory cue matched; check whether it is directed at a protected or social group rather than used as a generic insult.,0.7,halting,[]
insults_lexicon,insults_lexicon_en.txt,plaza2020detecting;bassignana2018hurtlex,monocular,,general_insult_cue,A general insult or derogatory cue matched; check whether it is directed at a protected or social group rather than used as a generic insult.,0.7,monocular,[]
insults_lexicon,insults_lexicon_en.txt,plaza2020detecting;bassignana2018hurtlex,nanus,,general_insult_cue,A general insult or derogatory cue matched; check whether it is directed at a protected or social group rather than used as a generic insult.,0.7,nanus,[]
insults_lexicon,insults_lexicon_en.txt,plaza2020detecting;bassignana2018hurtlex,crookback,,general_insult_cue,A general insult or derogatory cue matched; check whether it is directed at a protected or social group rather than used as a generic insult.,0.7,crookback,[]
insults_lexicon,insults_lexicon_en.txt,plaza2020detecting;bassignana2018hurtlex,humpback,,general_insult_cue,A general insult or derogatory cue matched; check whether it is directed at a protected or social group rather than used as a generic insult.,0.7,humpback,[]
insults_lexicon,insults_lexicon_en.txt,plaza2020detecting;bassignana2018hurtlex,ugliness,,general_insult_cue,A general insult or derogatory cue matched; check whether it is directed at a protected or social group rather than used as a generic insult.,0.7,ugliness,[]
insults_lexicon,insults_lexicon_en.txt,plaza2020detecting;bassignana2018hurtlex,unsightly,,general_insult_cue,A general insult or derogatory cue matched; check whether it is directed at a protected or social group rather than used as a generic insult.,0.7,unsightly,[]
insults_lexicon,insults_lexicon_en.txt,plaza2020detecting;bassignana2018hurtlex,shrimp,,general_insult_cue,A general insult or derogatory cue matched; check whether it is directed at a protected or social group rather than used as a generic insult.,0.7,shrimp,[]
insults_lexicon,insults_lexicon_en.txt,plaza2020detecting;bassignana2018hurtlex,ill-shapen,,general_insult_cue,A general insult or derogatory cue matched; check whether it is directed at a protected or social group rather than used as a generic insult.,0.7,ill-shapen,[]
insults_lexicon,insults_lexicon_en.txt,plaza2020detecting;bassignana2018hurtlex,physically challenged,,general_insult_cue,A general insult or derogatory cue matched; check whether it is directed at a protected or social group rather than used as a generic insult.,0.7,physically challenged,[]
insults_lexicon,insults_lexicon_en.txt,plaza2020detecting;bassignana2018hurtlex,flea-ridden,,general_insult_cue,A general insult or derogatory cue matched; check whether it is directed at a protected or social group rather than used as a generic insult.,0.7,flea-ridden,[]
insults_lexicon,insults_lexicon_en.txt,plaza2020detecting;bassignana2018hurtlex,able-bodied,,general_insult_cue,A general insult or derogatory cue matched; check whether it is directed at a protected or social group rather than used as a generic insult.,0.7,able-bodied,[]
insults_lexicon,insults_lexicon_en.txt,plaza2020detecting;bassignana2018hurtlex,dwarf,,general_insult_cue,A general insult or derogatory cue matched; check whether it is directed at a protected or social group rather than used as a generic insult.,0.7,dwarf,[]
insults_lexicon,insults_lexicon_en.txt,plaza2020detecting;bassignana2018hurtlex,deformed,,general_insult_cue,A general insult or derogatory cue matched; check whether it is directed at a protected or social group rather than used as a generic insult.,0.7,deformed,[]
insults_lexicon,insults_lexicon_en.txt,plaza2020detecting;bassignana2018hurtlex,ugly,,general_insult_cue,A general insult or derogatory cue matched; check whether it is directed at a protected or social group rather than used as a generic insult.,0.7,ugly,[]
insults_lexicon,insults_lexicon_en.txt,plaza2020detecting;bassignana2018hurtlex,handicapable,,general_insult_cue,A general insult or derogatory cue matched; check whether it is directed at a protected or social group rather than used as a generic insult.,0.7,handicapable,[]
insults_lexicon,insults_lexicon_en.txt,plaza2020detecting;bassignana2018hurtlex,unsighted,,general_insult_cue,A general insult or derogatory cue matched; check whether it is directed at a protected or social group rather than used as a generic insult.,0.7,unsighted,[]
insults_lexicon,insults_lexicon_en.txt,plaza2020detecting;bassignana2018hurtlex,runt,,general_insult_cue,A general insult or derogatory cue matched; check whether it is directed at a protected or social group rather than used as a generic insult.,0.7,runt,[]
insults_lexicon,insults_lexicon_en.txt,plaza2020detecting;bassignana2018hurtlex,vile,,general_insult_cue,A general insult or derogatory cue matched; check whether it is directed at a protected or social group rather than used as a generic insult.,0.7,vile,[]
insults_lexicon,insults_lexicon_en.txt,plaza2020detecting;bassignana2018hurtlex,peewee,,general_insult_cue,A general insult or derogatory cue matched; check whether it is directed at a protected or social group rather than used as a generic insult.,0.7,peewee,[]
insults_lexicon,insults_lexicon_en.txt,plaza2020detecting;bassignana2018hurtlex,halt,,general_insult_cue,A general insult or derogatory cue matched; check whether it is directed at a protected or social group rather than used as a generic insult.,0.7,halt,[]
insults_lexicon,insults_lexicon_en.txt,plaza2020detecting;bassignana2018hurtlex,hunchback,,general_insult_cue,A general insult or derogatory cue matched; check whether it is directed at a protected or social group rather than used as a generic insult.,0.7,hunchback,[]
insults_lexicon,insults_lexicon_en.txt,plaza2020detecting;bassignana2018hurtlex,cripple,,general_insult_cue,A general insult or derogatory cue matched; check whether it is directed at a protected or social group rather than used as a generic insult.,0.7,cripple,[]
insults_lexicon,insults_lexicon_en.txt,plaza2020detecting;bassignana2018hurtlex,half-pint,,general_insult_cue,A general insult or derogatory cue matched; check whether it is directed at a protected or social group rather than used as a generic insult.,0.7,half-pint,[]
insults_lexicon,insults_lexicon_en.txt,plaza2020detecting;bassignana2018hurtlex,midget,,general_insult_cue,A general insult or derogatory cue matched; check whether it is directed at a protected or social group rather than used as a generic insult.,0.7,midget,[]
insults_lexicon,insults_lexicon_en.txt,plaza2020detecting;bassignana2018hurtlex,gimpy,,general_insult_cue,A general insult or derogatory cue matched; check whether it is directed at a protected or social group rather than used as a generic insult.,0.7,gimpy,[]
insults_lexicon,insults_lexicon_en.txt,plaza2020detecting;bassignana2018hurtlex,lame,,general_insult_cue,A general insult or derogatory cue matched; check whether it is directed at a protected or social group rather than used as a generic insult.,0.7,lame,[]
insults_lexicon,insults_lexicon_en.txt,plaza2020detecting;bassignana2018hurtlex,despicable,,general_insult_cue,A general insult or derogatory cue matched; check whether it is directed at a protected or social group rather than used as a generic insult.,0.7,despicable,[]
insults_lexicon,insults_lexicon_en.txt,plaza2020detecting;bassignana2018hurtlex,worthless,,general_insult_cue,A general insult or derogatory cue matched; check whether it is directed at a protected or social group rather than used as a generic insult.,0.7,worthless,[]
insults_lexicon,insults_lexicon_en.txt,plaza2020detecting;bassignana2018hurtlex,disability,,general_insult_cue,A general insult or derogatory cue matched; check whether it is directed at a protected or social group rather than used as a generic insult.,0.7,disability,[]
insults_lexicon,insults_lexicon_en.txt,plaza2020detecting;bassignana2018hurtlex,one-eyed,,general_insult_cue,A general insult or derogatory cue matched; check whether it is directed at a protected or social group rather than used as a generic insult.,0.7,one-eyed,[]
insults_lexicon,insults_lexicon_en.txt,plaza2020detecting;bassignana2018hurtlex,incapable,,general_insult_cue,A general insult or derogatory cue matched; check whether it is directed at a protected or social group rather than used as a generic insult.,0.7,incapable,[]
insults_lexicon,insults_lexicon_en.txt,plaza2020detecting;bassignana2018hurtlex,brutish,,general_insult_cue,A general insult or derogatory cue matched; check whether it is directed at a protected or social group rather than used as a generic insult.,0.7,brutish,[]
insults_lexicon,insults_lexicon_en.txt,plaza2020detecting;bassignana2018hurtlex,montambanco,,general_insult_cue,A general insult or derogatory cue matched; check whether it is directed at a protected or social group rather than used as a generic insult.,0.7,montambanco,[]
insults_lexicon,insults_lexicon_en.txt,plaza2020detecting;bassignana2018hurtlex,rabble,,general_insult_cue,A general insult or derogatory cue matched; check whether it is directed at a protected or social group rather than used as a generic insult.,0.7,rabble,[]
insults_lexicon,insults_lexicon_en.txt,plaza2020detecting;bassignana2018hurtlex,chatterbox,,general_insult_cue,A general insult or derogatory cue matched; check whether it is directed at a protected or social group rather than used as a generic insult.,0.7,chatterbox,[]
insults_lexicon,insults_lexicon_en.txt,plaza2020detecting;bassignana2018hurtlex,stultify,,general_insult_cue,A general insult or derogatory cue matched; check whether it is directed at a protected or social group rather than used as a generic insult.,0.7,stultify,[]
insults_lexicon,insults_lexicon_en.txt,plaza2020detecting;bassignana2018hurtlex,coo yon,,general_insult_cue,A general insult or derogatory cue matched; check whether it is directed at a protected or social group rather than used as a generic insult.,0.7,coo yon,[]
insults_lexicon,insults_lexicon_en.txt,plaza2020detecting;bassignana2018hurtlex,savage,,general_insult_cue,A general insult or derogatory cue matched; check whether it is directed at a protected or social group rather than used as a generic insult.,0.7,savage,[]
insults_lexicon,insults_lexicon_en.txt,plaza2020detecting;bassignana2018hurtlex,anamalia,,general_insult_cue,A general insult or derogatory cue matched; check whether it is directed at a protected or social group rather than used as a generic insult.,0.7,anamalia,[]
insults_lexicon,insults_lexicon_en.txt,plaza2020detecting;bassignana2018hurtlex,mutha fucka,,general_insult_cue,A general insult or derogatory cue matched; check whether it is directed at a protected or social group rather than used as a generic insult.,0.7,mutha fucka,[]
insults_lexicon,insults_lexicon_en.txt,plaza2020detecting;bassignana2018hurtlex,twaddler,,general_insult_cue,A general insult or derogatory cue matched; check whether it is directed at a protected or social group rather than used as a generic insult.,0.7,twaddler,[]
insults_lexicon,insults_lexicon_en.txt,plaza2020detecting;bassignana2018hurtlex,half-wit,,general_insult_cue,A general insult or derogatory cue matched; check whether it is directed at a protected or social group rather than used as a generic insult.,0.7,half-wit,[]
insults_lexicon,insults_lexicon_en.txt,plaza2020detecting;bassignana2018hurtlex,ashole,,general_insult_cue,A general insult or derogatory cue matched; check whether it is directed at a protected or social group rather than used as a generic insult.,0.7,ashole,[]
insults_lexicon,insults_lexicon_en.txt,plaza2020detecting;bassignana2018hurtlex,muthafucker,,general_insult_cue,A general insult or derogatory cue matched; check whether it is directed at a protected or social group rather than used as a generic insult.,0.7,muthafucker,[]
insults_lexicon,insults_lexicon_en.txt,plaza2020detecting;bassignana2018hurtlex,asshat,,general_insult_cue,A general insult or derogatory cue matched; check whether it is directed at a protected or social group rather than used as a generic insult.,0.7,asshat,[]
insults_lexicon,insults_lexicon_en.txt,plaza2020detecting;bassignana2018hurtlex,non-sensical,,general_insult_cue,A general insult or derogatory cue matched; check whether it is directed at a protected or social group rather than used as a generic insult.,0.7,non-sensical,[]
insults_lexicon,insults_lexicon_en.txt,plaza2020detecting;bassignana2018hurtlex,stupidness,,general_insult_cue,A general insult or derogatory cue matched; check whether it is directed at a protected or social group rather than used as a generic insult.,0.7,stupidness,[]
insults_lexicon,insults_lexicon_en.txt,plaza2020detecting;bassignana2018hurtlex,non-sense,,general_insult_cue,A general insult or derogatory cue matched; check whether it is directed at a protected or social group rather than used as a generic insult.,0.7,non-sense,[]
insults_lexicon,insults_lexicon_en.txt,plaza2020detecting;bassignana2018hurtlex,dimwit,,general_insult_cue,A general insult or derogatory cue matched; check whether it is directed at a protected or social group rather than used as a generic insult.,0.7,dimwit,[]
insults_lexicon,insults_lexicon_en.txt,plaza2020detecting;bassignana2018hurtlex,unlearned,,general_insult_cue,A general insult or derogatory cue matched; check whether it is directed at a protected or social group rather than used as a generic insult.,0.7,unlearned,[]
insults_lexicon,insults_lexicon_en.txt,plaza2020detecting;bassignana2018hurtlex,dunderheads,,general_insult_cue,A general insult or derogatory cue matched; check whether it is directed at a protected or social group rather than used as a generic insult.,0.7,dunderheads,[]
insults_lexicon,insults_lexicon_en.txt,plaza2020detecting;bassignana2018hurtlex,galoot,,general_insult_cue,A general insult or derogatory cue matched; check whether it is directed at a protected or social group rather than used as a generic insult.,0.7,galoot,[]
insults_lexicon,insults_lexicon_en.txt,plaza2020detecting;bassignana2018hurtlex,folly,,general_insult_cue,A general insult or derogatory cue matched; check whether it is directed at a protected or social group rather than used as a generic insult.,0.7,folly,[]
insults_lexicon,insults_lexicon_en.txt,plaza2020detecting;bassignana2018hurtlex,microcephalous,,general_insult_cue,A general insult or derogatory cue matched; check whether it is directed at a protected or social group rather than used as a generic insult.,0.7,microcephalous,[]
insults_lexicon,insults_lexicon_en.txt,plaza2020detecting;bassignana2018hurtlex,incompetent,,general_insult_cue,A general insult or derogatory cue matched; check whether it is directed at a protected or social group rather than used as a generic insult.,0.7,incompetent,[]
insults_lexicon,insults_lexicon_en.txt,plaza2020detecting;bassignana2018hurtlex,headless,,general_insult_cue,A general insult or derogatory cue matched; check whether it is directed at a protected or social group rather than used as a generic insult.,0.7,headless,[]
insults_lexicon,insults_lexicon_en.txt,plaza2020detecting;bassignana2018hurtlex,stupid,,general_insult_cue,A general insult or derogatory cue matched; check whether it is directed at a protected or social group rather than used as a generic insult.,0.7,stupid,[]
insults_lexicon,insults_lexicon_en.txt,plaza2020detecting;bassignana2018hurtlex,retarded,,general_insult_cue,A general insult or derogatory cue matched; check whether it is directed at a protected or social group rather than used as a generic insult.,0.7,retarded,[]
insults_lexicon,insults_lexicon_en.txt,plaza2020detecting;bassignana2018hurtlex,lower intelligence,,general_insult_cue,A general insult or derogatory cue matched; check whether it is directed at a protected or social group rather than used as a generic insult.,0.7,lower intelligence,[]
insults_lexicon,insults_lexicon_en.txt,plaza2020detecting;bassignana2018hurtlex,childish,,general_insult_cue,A general insult or derogatory cue matched; check whether it is directed at a protected or social group rather than used as a generic insult.,0.7,childish,[]
insults_lexicon,insults_lexicon_en.txt,plaza2020detecting;bassignana2018hurtlex,prattler,,general_insult_cue,A general insult or derogatory cue matched; check whether it is directed at a protected or social group rather than used as a generic insult.,0.7,prattler,[]
insults_lexicon,insults_lexicon_en.txt,plaza2020detecting;bassignana2018hurtlex,gossipmonger,,general_insult_cue,A general insult or derogatory cue matched; check whether it is directed at a protected or social group rather than used as a generic insult.,0.7,gossipmonger,[]
insults_lexicon,insults_lexicon_en.txt,plaza2020detecting;bassignana2018hurtlex,barbarians,,general_insult_cue,A general insult or derogatory cue matched; check whether it is directed at a protected or social group rather than used as a generic insult.,0.7,barbarians,[]
insults_lexicon,insults_lexicon_en.txt,plaza2020detecting;bassignana2018hurtlex,quackeries,,general_insult_cue,A general insult or derogatory cue matched; check whether it is directed at a protected or social group rather than used as a generic insult.,0.7,quackeries,[]
insults_lexicon,insults_lexicon_en.txt,plaza2020detecting;bassignana2018hurtlex,ferociousness,,general_insult_cue,A general insult or derogatory cue matched; check whether it is directed at a protected or social group rather than used as a generic insult.,0.7,ferociousness,[]
insults_lexicon,insults_lexicon_en.txt,plaza2020detecting;bassignana2018hurtlex,ninny,,general_insult_cue,A general insult or derogatory cue matched; check whether it is directed at a protected or social group rather than used as a generic insult.,0.7,ninny,[]
insults_lexicon,insults_lexicon_en.txt,plaza2020detecting;bassignana2018hurtlex,unable,,general_insult_cue,A general insult or derogatory cue matched; check whether it is directed at a protected or social group rather than used as a generic insult.,0.7,unable,[]
insults_lexicon,insults_lexicon_en.txt,plaza2020detecting;bassignana2018hurtlex,folderol,,general_insult_cue,A general insult or derogatory cue matched; check whether it is directed at a protected or social group rather than used as a generic insult.,0.7,folderol,[]
insults_lexicon,insults_lexicon_en.txt,plaza2020detecting;bassignana2018hurtlex,mental deficiency,,general_insult_cue,A general insult or derogatory cue matched; check whether it is directed at a protected or social group rather than used as a generic insult.,0.7,mental deficiency,[]
insults_lexicon,insults_lexicon_en.txt,plaza2020detecting;bassignana2018hurtlex,unwiseness,,general_insult_cue,A general insult or derogatory cue matched; check whether it is directed at a protected or social group rather than used as a generic insult.,0.7,unwiseness,[]
insults_lexicon,insults_lexicon_en.txt,plaza2020detecting;bassignana2018hurtlex,stronzo,,general_insult_cue,A general insult or derogatory cue matched; check whether it is directed at a protected or social group rather than used as a generic insult.,0.7,stronzo,[]
insults_lexicon,insults_lexicon_en.txt,plaza2020detecting;bassignana2018hurtlex,unlettered,,general_insult_cue,A general insult or derogatory cue matched; check whether it is directed at a protected or social group rather than used as a generic insult.,0.7,unlettered,[]
insults_lexicon,insults_lexicon_en.txt,plaza2020detecting;bassignana2018hurtlex,beastly,,general_insult_cue,A general insult or derogatory cue matched; check whether it is directed at a protected or social group rather than used as a generic insult.,0.7,beastly,[]
insults_lexicon,insults_lexicon_en.txt,plaza2020detecting;bassignana2018hurtlex,puerile,,general_insult_cue,A general insult or derogatory cue matched; check whether it is directed at a protected or social group rather than used as a generic insult.,0.7,puerile,[]
insults_lexicon,insults_lexicon_en.txt,plaza2020detecting;bassignana2018hurtlex,illiterate,,general_insult_cue,A general insult or derogatory cue matched; check whether it is directed at a protected or social group rather than used as a generic insult.,0.7,illiterate,[]
insults_lexicon,insults_lexicon_en.txt,plaza2020detecting;bassignana2018hurtlex,dumb,,general_insult_cue,A general insult or derogatory cue matched; check whether it is directed at a protected or social group rather than used as a generic insult.,0.7,dumb,[]
insults_lexicon,insults_lexicon_en.txt,plaza2020detecting;bassignana2018hurtlex,moron,,general_insult_cue,A general insult or derogatory cue matched; check whether it is directed at a protected or social group rather than used as a generic insult.,0.7,moron,[]
insults_lexicon,insults_lexicon_en.txt,plaza2020detecting;bassignana2018hurtlex,bozo,,general_insult_cue,A general insult or derogatory cue matched; check whether it is directed at a protected or social group rather than used as a generic insult.,0.7,bozo,[]
insults_lexicon,insults_lexicon_en.txt,plaza2020detecting;bassignana2018hurtlex,muggins,,general_insult_cue,A general insult or derogatory cue matched; check whether it is directed at a protected or social group rather than used as a generic insult.,0.7,muggins,[]
insults_lexicon,insults_lexicon_en.txt,plaza2020detecting;bassignana2018hurtlex,rubbish,,general_insult_cue,A general insult or derogatory cue matched; check whether it is directed at a protected or social group rather than used as a generic insult.,0.7,rubbish,[]
insults_lexicon,insults_lexicon_en.txt,plaza2020detecting;bassignana2018hurtlex,dunderheaded,,general_insult_cue,A general insult or derogatory cue matched; check whether it is directed at a protected or social group rather than used as a generic insult.,0.7,dunderheaded,[]
insults_lexicon,insults_lexicon_en.txt,plaza2020detecting;bassignana2018hurtlex,dope,,general_insult_cue,A general insult or derogatory cue matched; check whether it is directed at a protected or social group rather than used as a generic insult.,0.7,dope,[]
insults_lexicon,insults_lexicon_en.txt,plaza2020detecting;bassignana2018hurtlex,foolishness,,general_insult_cue,A general insult or derogatory cue matched; check whether it is directed at a protected or social group rather than used as a generic insult.,0.7,foolishness,[]
insults_lexicon,insults_lexicon_en.txt,plaza2020detecting;bassignana2018hurtlex,katerfelts,,general_insult_cue,A general insult or derogatory cue matched; check whether it is directed at a protected or social group rather than used as a generic insult.,0.7,katerfelts,[]
insults_lexicon,insults_lexicon_en.txt,plaza2020detecting;bassignana2018hurtlex,animals,,general_insult_cue,A general insult or derogatory cue matched; check whether it is directed at a protected or social group rather than used as a generic insult.,0.7,animals,[]
insults_lexicon,insults_lexicon_en.txt,plaza2020detecting;bassignana2018hurtlex,subnormal,,general_insult_cue,A general insult or derogatory cue matched; check whether it is directed at a protected or social group rather than used as a generic insult.,0.7,subnormal,[]
insults_lexicon,insults_lexicon_en.txt,plaza2020detecting;bassignana2018hurtlex,stupidity,,general_insult_cue,A general insult or derogatory cue matched; check whether it is directed at a protected or social group rather than used as a generic insult.,0.7,stupidity,[]
insults_lexicon,insults_lexicon_en.txt,plaza2020detecting;bassignana2018hurtlex,mother-fucker,,general_insult_cue,A general insult or derogatory cue matched; check whether it is directed at a protected or social group rather than used as a generic insult.,0.7,mother-fucker,[]
insults_lexicon,insults_lexicon_en.txt,plaza2020detecting;bassignana2018hurtlex,nonsensal,,general_insult_cue,A general insult or derogatory cue matched; check whether it is directed at a protected or social group rather than used as a generic insult.,0.7,nonsensal,[]
insults_lexicon,insults_lexicon_en.txt,plaza2020detecting;bassignana2018hurtlex,federal inmate,,general_insult_cue,A general insult or derogatory cue matched; check whether it is directed at a protected or social group rather than used as a generic insult.,0.7,federal inmate,[]
insults_lexicon,insults_lexicon_en.txt,plaza2020detecting;bassignana2018hurtlex,churl,,general_insult_cue,A general insult or derogatory cue matched; check whether it is directed at a protected or social group rather than used as a generic insult.,0.7,churl,[]
insults_lexicon,insults_lexicon_en.txt,plaza2020detecting;bassignana2018hurtlex,idiocity,,general_insult_cue,A general insult or derogatory cue matched; check whether it is directed at a protected or social group rather than used as a generic insult.,0.7,idiocity,[]
insults_lexicon,insults_lexicon_en.txt,plaza2020detecting;bassignana2018hurtlex,lubber,,general_insult_cue,A general insult or derogatory cue matched; check whether it is directed at a protected or social group rather than used as a generic insult.,0.7,lubber,[]
insults_lexicon,insults_lexicon_en.txt,plaza2020detecting;bassignana2018hurtlex,stupe,,general_insult_cue,A general insult or derogatory cue matched; check whether it is directed at a protected or social group rather than used as a generic insult.,0.7,stupe,[]
insults_lexicon,insults_lexicon_en.txt,plaza2020detecting;bassignana2018hurtlex,trash,,general_insult_cue,A general insult or derogatory cue matched; check whether it is directed at a protected or social group rather than used as a generic insult.,0.7,trash,[]
insults_lexicon,insults_lexicon_en.txt,plaza2020detecting;bassignana2018hurtlex,tattler,,general_insult_cue,A general insult or derogatory cue matched; check whether it is directed at a protected or social group rather than used as a generic insult.,0.7,tattler,[]
insults_lexicon,insults_lexicon_en.txt,plaza2020detecting;bassignana2018hurtlex,jejune,,general_insult_cue,A general insult or derogatory cue matched; check whether it is directed at a protected or social group rather than used as a generic insult.,0.7,jejune,[]
insults_lexicon,insults_lexicon_en.txt,plaza2020detecting;bassignana2018hurtlex,chatterer,,general_insult_cue,A general insult or derogatory cue matched; check whether it is directed at a protected or social group rather than used as a generic insult.,0.7,chatterer,[]
insults_lexicon,insults_lexicon_en.txt,plaza2020detecting;bassignana2018hurtlex,gullible,,general_insult_cue,A general insult or derogatory cue matched; check whether it is directed at a protected or social group rather than used as a generic insult.,0.7,gullible,[]
insults_lexicon,insults_lexicon_en.txt,plaza2020detecting;bassignana2018hurtlex,arse-hole,,general_insult_cue,A general insult or derogatory cue matched; check whether it is directed at a protected or social group rather than used as a generic insult.,0.7,arse-hole,[]
insults_lexicon,insults_lexicon_en.txt,plaza2020detecting;bassignana2018hurtlex,microcephalic,,general_insult_cue,A general insult or derogatory cue matched; check whether it is directed at a protected or social group rather than used as a generic insult.,0.7,microcephalic,[]
insults_lexicon,insults_lexicon_en.txt,plaza2020detecting;bassignana2018hurtlex,idioticness,,general_insult_cue,A general insult or derogatory cue matched; check whether it is directed at a protected or social group rather than used as a generic insult.,0.7,idioticness,[]
insults_lexicon,insults_lexicon_en.txt,plaza2020detecting;bassignana2018hurtlex,slow,,general_insult_cue,A general insult or derogatory cue matched; check whether it is directed at a protected or social group rather than used as a generic insult.,0.7,slow,[]
insults_lexicon,insults_lexicon_en.txt,plaza2020detecting;bassignana2018hurtlex,nonsensically,,general_insult_cue,A general insult or derogatory cue matched; check whether it is directed at a protected or social group rather than used as a generic insult.,0.7,nonsensically,[]
insults_lexicon,insults_lexicon_en.txt,plaza2020detecting;bassignana2018hurtlex,arsehole,,general_insult_cue,A general insult or derogatory cue matched; check whether it is directed at a protected or social group rather than used as a generic insult.,0.7,arsehole,[]
insults_lexicon,insults_lexicon_en.txt,plaza2020detecting;bassignana2018hurtlex,cryptofauna,,general_insult_cue,A general insult or derogatory cue matched; check whether it is directed at a protected or social group rather than used as a generic insult.,0.7,cryptofauna,[]
insults_lexicon,insults_lexicon_en.txt,plaza2020detecting;bassignana2018hurtlex,bungler,,general_insult_cue,A general insult or derogatory cue matched; check whether it is directed at a protected or social group rather than used as a generic insult.,0.7,bungler,[]
insults_lexicon,insults_lexicon_en.txt,plaza2020detecting;bassignana2018hurtlex,eejit,,general_insult_cue,A general insult or derogatory cue matched; check whether it is directed at a protected or social group rather than used as a generic insult.,0.7,eejit,[]
insults_lexicon,insults_lexicon_en.txt,plaza2020detecting;bassignana2018hurtlex,a'hole,,general_insult_cue,A general insult or derogatory cue matched; check whether it is directed at a protected or social group rather than used as a generic insult.,0.7,a'hole,[]
insults_lexicon,insults_lexicon_en.txt,plaza2020detecting;bassignana2018hurtlex,meaninglessness,,general_insult_cue,A general insult or derogatory cue matched; check whether it is directed at a protected or social group rather than used as a generic insult.,0.7,meaninglessness,[]
insults_lexicon,insults_lexicon_en.txt,plaza2020detecting;bassignana2018hurtlex,talebearer,,general_insult_cue,A general insult or derogatory cue matched; check whether it is directed at a protected or social group rather than used as a generic insult.,0.7,talebearer,[]
insults_lexicon,insults_lexicon_en.txt,plaza2020detecting;bassignana2018hurtlex,nonsense,,general_insult_cue,A general insult or derogatory cue matched; check whether it is directed at a protected or social group rather than used as a generic insult.,0.7,nonsense,[]
insults_lexicon,insults_lexicon_en.txt,plaza2020detecting;bassignana2018hurtlex,dunderhead,,general_insult_cue,A general insult or derogatory cue matched; check whether it is directed at a protected or social group rather than used as a generic insult.,0.7,dunderhead,[]
insults_lexicon,insults_lexicon_en.txt,plaza2020detecting;bassignana2018hurtlex,lout,,general_insult_cue,A general insult or derogatory cue matched; check whether it is directed at a protected or social group rather than used as a generic insult.,0.7,lout,[]
insults_lexicon,insults_lexicon_en.txt,plaza2020detecting;bassignana2018hurtlex,asspit,,general_insult_cue,A general insult or derogatory cue matched; check whether it is directed at a protected or social group rather than used as a generic insult.,0.7,asspit,[]
insults_lexicon,insults_lexicon_en.txt,plaza2020detecting;bassignana2018hurtlex,botcher,,general_insult_cue,A general insult or derogatory cue matched; check whether it is directed at a protected or social group rather than used as a generic insult.,0.7,botcher,[]
insults_lexicon,insults_lexicon_en.txt,plaza2020detecting;bassignana2018hurtlex,tike,,general_insult_cue,A general insult or derogatory cue matched; check whether it is directed at a protected or social group rather than used as a generic insult.,0.7,tike,[]
insults_lexicon,insults_lexicon_en.txt,plaza2020detecting;bassignana2018hurtlex,barbarism,,general_insult_cue,A general insult or derogatory cue matched; check whether it is directed at a protected or social group rather than used as a generic insult.,0.7,barbarism,[]
insults_lexicon,insults_lexicon_en.txt,plaza2020detecting;bassignana2018hurtlex,muttonhead,,general_insult_cue,A general insult or derogatory cue matched; check whether it is directed at a protected or social group rather than used as a generic insult.,0.7,muttonhead,[]
insults_lexicon,insults_lexicon_en.txt,plaza2020detecting;bassignana2018hurtlex,nanocephalic,,general_insult_cue,A general insult or derogatory cue matched; check whether it is directed at a protected or social group rather than used as a generic insult.,0.7,nanocephalic,[]
insults_lexicon,insults_lexicon_en.txt,plaza2020detecting;bassignana2018hurtlex,mentally challenged,,general_insult_cue,A general insult or derogatory cue matched; check whether it is directed at a protected or social group rather than used as a generic insult.,0.7,mentally challenged,[]
insults_lexicon,insults_lexicon_en.txt,plaza2020detecting;bassignana2018hurtlex,stupes,,general_insult_cue,A general insult or derogatory cue matched; check whether it is directed at a protected or social group rather than used as a generic insult.,0.7,stupes,[]
insults_lexicon,insults_lexicon_en.txt,plaza2020detecting;bassignana2018hurtlex,stupidities,,general_insult_cue,A general insult or derogatory cue matched; check whether it is directed at a protected or social group rather than used as a generic insult.,0.7,stupidities,[]
insults_lexicon,insults_lexicon_en.txt,plaza2020detecting;bassignana2018hurtlex,charlantry,,general_insult_cue,A general insult or derogatory cue matched; check whether it is directed at a protected or social group rather than used as a generic insult.,0.7,charlantry,[]
insults_lexicon,insults_lexicon_en.txt,plaza2020detecting;bassignana2018hurtlex,quack,,general_insult_cue,A general insult or derogatory cue matched; check whether it is directed at a protected or social group rather than used as a generic insult.,0.7,quack,[]
insults_lexicon,insults_lexicon_en.txt,plaza2020detecting;bassignana2018hurtlex,dunder headed,,general_insult_cue,A general insult or derogatory cue matched; check whether it is directed at a protected or social group rather than used as a generic insult.,0.7,dunder headed,[]
insults_lexicon,insults_lexicon_en.txt,plaza2020detecting;bassignana2018hurtlex,oaf,,general_insult_cue,A general insult or derogatory cue matched; check whether it is directed at a protected or social group rather than used as a generic insult.,0.7,oaf,[]
insults_lexicon,insults_lexicon_en.txt,plaza2020detecting;bassignana2018hurtlex,mf'er,,general_insult_cue,A general insult or derogatory cue matched; check whether it is directed at a protected or social group rather than used as a generic insult.,0.7,mf'er,[]
insults_lexicon,insults_lexicon_en.txt,plaza2020detecting;bassignana2018hurtlex,coo-yon,,general_insult_cue,A general insult or derogatory cue matched; check whether it is directed at a protected or social group rather than used as a generic insult.,0.7,coo-yon,[]
insults_lexicon,insults_lexicon_en.txt,plaza2020detecting;bassignana2018hurtlex,twit,,general_insult_cue,A general insult or derogatory cue matched; check whether it is directed at a protected or social group rather than used as a generic insult.,0.7,twit,[]
insults_lexicon,insults_lexicon_en.txt,plaza2020detecting;bassignana2018hurtlex,silly,,general_insult_cue,A general insult or derogatory cue matched; check whether it is directed at a protected or social group rather than used as a generic insult.,0.7,silly,[]
insults_lexicon,insults_lexicon_en.txt,plaza2020detecting;bassignana2018hurtlex,besot,,general_insult_cue,A general insult or derogatory cue matched; check whether it is directed at a protected or social group rather than used as a generic insult.,0.7,besot,[]
insults_lexicon,insults_lexicon_en.txt,plaza2020detecting;bassignana2018hurtlex,quakery,,general_insult_cue,A general insult or derogatory cue matched; check whether it is directed at a protected or social group rather than used as a generic insult.,0.7,quakery,[]
insults_lexicon,insults_lexicon_en.txt,plaza2020detecting;bassignana2018hurtlex,dunder heads,,general_insult_cue,A general insult or derogatory cue matched; check whether it is directed at a protected or social group rather than used as a generic insult.,0.7,dunder heads,[]
insults_lexicon,insults_lexicon_en.txt,plaza2020detecting;bassignana2018hurtlex,infaunal,,general_insult_cue,A general insult or derogatory cue matched; check whether it is directed at a protected or social group rather than used as a generic insult.,0.7,infaunal,[]
insults_lexicon,insults_lexicon_en.txt,plaza2020detecting;bassignana2018hurtlex,tripe,,general_insult_cue,A general insult or derogatory cue matched; check whether it is directed at a protected or social group rather than used as a generic insult.,0.7,tripe,[]
insults_lexicon,insults_lexicon_en.txt,plaza2020detecting;bassignana2018hurtlex,fleeceable,,general_insult_cue,A general insult or derogatory cue matched; check whether it is directed at a protected or social group rather than used as a generic insult.,0.7,fleeceable,[]
insults_lexicon,insults_lexicon_en.txt,plaza2020detecting;bassignana2018hurtlex,wish-wash,,general_insult_cue,A general insult or derogatory cue matched; check whether it is directed at a protected or social group rather than used as a generic insult.,0.7,wish-wash,[]
insults_lexicon,insults_lexicon_en.txt,plaza2020detecting;bassignana2018hurtlex,lump,,general_insult_cue,A general insult or derogatory cue matched; check whether it is directed at a protected or social group rather than used as a generic insult.,0.7,lump,[]
insults_lexicon,insults_lexicon_en.txt,plaza2020detecting;bassignana2018hurtlex,savagery,,general_insult_cue,A general insult or derogatory cue matched; check whether it is directed at a protected or social group rather than used as a generic insult.,0.7,savagery,[]
insults_lexicon,insults_lexicon_en.txt,plaza2020detecting;bassignana2018hurtlex,changeling,,general_insult_cue,A general insult or derogatory cue matched; check whether it is directed at a protected or social group rather than used as a generic insult.,0.7,changeling,[]
insults_lexicon,insults_lexicon_en.txt,plaza2020detecting;bassignana2018hurtlex,viciousness,,general_insult_cue,A general insult or derogatory cue matched; check whether it is directed at a protected or social group rather than used as a generic insult.,0.7,viciousness,[]
insults_lexicon,insults_lexicon_en.txt,plaza2020detecting;bassignana2018hurtlex,barbarically,,general_insult_cue,A general insult or derogatory cue matched; check whether it is directed at a protected or social group rather than used as a generic insult.,0.7,barbarically,[]
insults_lexicon,insults_lexicon_en.txt,plaza2020detecting;bassignana2018hurtlex,cocksucker,,general_insult_cue,A general insult or derogatory cue matched; check whether it is directed at a protected or social group rather than used as a generic insult.,0.7,cocksucker,[]
insults_lexicon,insults_lexicon_en.txt,plaza2020detecting;bassignana2018hurtlex,fatuity,,general_insult_cue,A general insult or derogatory cue matched; check whether it is directed at a protected or social group rather than used as a generic insult.,0.7,fatuity,[]
insults_lexicon,insults_lexicon_en.txt,plaza2020detecting;bassignana2018hurtlex,poppycock,,general_insult_cue,A general insult or derogatory cue matched; check whether it is directed at a protected or social group rather than used as a generic insult.,0.7,poppycock,[]
insults_lexicon,insults_lexicon_en.txt,plaza2020detecting;bassignana2018hurtlex,motherfucking,,general_insult_cue,A general insult or derogatory cue matched; check whether it is directed at a protected or social group rather than used as a generic insult.,0.7,motherfucking,[]
insults_lexicon,insults_lexicon_en.txt,plaza2020detecting;bassignana2018hurtlex,jackass,,general_insult_cue,A general insult or derogatory cue matched; check whether it is directed at a protected or social group rather than used as a generic insult.,0.7,jackass,[]
insults_lexicon,insults_lexicon_en.txt,plaza2020detecting;bassignana2018hurtlex,microencephaly,,general_insult_cue,A general insult or derogatory cue matched; check whether it is directed at a protected or social group rather than used as a generic insult.,0.7,microencephaly,[]
insults_lexicon,insults_lexicon_en.txt,plaza2020detecting;bassignana2018hurtlex,shysters,,general_insult_cue,A general insult or derogatory cue matched; check whether it is directed at a protected or social group rather than used as a generic insult.,0.7,shysters,[]
insults_lexicon,insults_lexicon_en.txt,plaza2020detecting;bassignana2018hurtlex,stultified,,general_insult_cue,A general insult or derogatory cue matched; check whether it is directed at a protected or social group rather than used as a generic insult.,0.7,stultified,[]
insults_lexicon,insults_lexicon_en.txt,plaza2020detecting;bassignana2018hurtlex,stultifiedly,,general_insult_cue,A general insult or derogatory cue matched; check whether it is directed at a protected or social group rather than used as a generic insult.,0.7,stultifiedly,[]
insults_lexicon,insults_lexicon_en.txt,plaza2020detecting;bassignana2018hurtlex,ignorant,,general_insult_cue,A general insult or derogatory cue matched; check whether it is directed at a protected or social group rather than used as a generic insult.,0.7,ignorant,[]
insults_lexicon,insults_lexicon_en.txt,plaza2020detecting;bassignana2018hurtlex,foolish,,general_insult_cue,A general insult or derogatory cue matched; check whether it is directed at a protected or social group rather than used as a generic insult.,0.7,foolish,[]
insults_lexicon,insults_lexicon_en.txt,plaza2020detecting;bassignana2018hurtlex,stultifies,,general_insult_cue,A general insult or derogatory cue matched; check whether it is directed at a protected or social group rather than used as a generic insult.,0.7,stultifies,[]
insults_lexicon,insults_lexicon_en.txt,plaza2020detecting;bassignana2018hurtlex,mountebank,,general_insult_cue,A general insult or derogatory cue matched; check whether it is directed at a protected or social group rather than used as a generic insult.,0.7,mountebank,[]
insults_lexicon,insults_lexicon_en.txt,plaza2020detecting;bassignana2018hurtlex,chump,,general_insult_cue,A general insult or derogatory cue matched; check whether it is directed at a protected or social group rather than used as a generic insult.,0.7,chump,[]
insults_lexicon,insults_lexicon_en.txt,plaza2020detecting;bassignana2018hurtlex,uncultured,,general_insult_cue,A general insult or derogatory cue matched; check whether it is directed at a protected or social group rather than used as a generic insult.,0.7,uncultured,[]
insults_lexicon,insults_lexicon_en.txt,plaza2020detecting;bassignana2018hurtlex,fauna,,general_insult_cue,A general insult or derogatory cue matched; check whether it is directed at a protected or social group rather than used as a generic insult.,0.7,fauna,[]
insults_lexicon,insults_lexicon_en.txt,plaza2020detecting;bassignana2018hurtlex,gossiper,,general_insult_cue,A general insult or derogatory cue matched; check whether it is directed at a protected or social group rather than used as a generic insult.,0.7,gossiper,[]
insults_lexicon,insults_lexicon_en.txt,plaza2020detecting;bassignana2018hurtlex,pudden-head,,general_insult_cue,A general insult or derogatory cue matched; check whether it is directed at a protected or social group rather than used as a generic insult.,0.7,pudden-head,[]
insults_lexicon,insults_lexicon_en.txt,plaza2020detecting;bassignana2018hurtlex,insane,,general_insult_cue,A general insult or derogatory cue matched; check whether it is directed at a protected or social group rather than used as a generic insult.,0.7,insane,[]
insults_lexicon,insults_lexicon_en.txt,plaza2020detecting;bassignana2018hurtlex,artless,,general_insult_cue,A general insult or derogatory cue matched; check whether it is directed at a protected or social group rather than used as a generic insult.,0.7,artless,[]
insults_lexicon,insults_lexicon_en.txt,plaza2020detecting;bassignana2018hurtlex,rumormonger,,general_insult_cue,A general insult or derogatory cue matched; check whether it is directed at a protected or social group rather than used as a generic insult.,0.7,rumormonger,[]
insults_lexicon,insults_lexicon_en.txt,plaza2020detecting;bassignana2018hurtlex,microcephaly,,general_insult_cue,A general insult or derogatory cue matched; check whether it is directed at a protected or social group rather than used as a generic insult.,0.7,microcephaly,[]
insults_lexicon,insults_lexicon_en.txt,plaza2020detecting;bassignana2018hurtlex,stumblebum,,general_insult_cue,A general insult or derogatory cue matched; check whether it is directed at a protected or social group rather than used as a generic insult.,0.7,stumblebum,[]
insults_lexicon,insults_lexicon_en.txt,plaza2020detecting;bassignana2018hurtlex,assmunch,,general_insult_cue,A general insult or derogatory cue matched; check whether it is directed at a protected or social group rather than used as a generic insult.,0.7,assmunch,[]
insults_lexicon,insults_lexicon_en.txt,plaza2020detecting;bassignana2018hurtlex,asshattery,,general_insult_cue,A general insult or derogatory cue matched; check whether it is directed at a protected or social group rather than used as a generic insult.,0.7,asshattery,[]
insults_lexicon,insults_lexicon_en.txt,plaza2020detecting;bassignana2018hurtlex,fumbler,,general_insult_cue,A general insult or derogatory cue matched; check whether it is directed at a protected or social group rather than used as a generic insult.,0.7,fumbler,[]
insults_lexicon,insults_lexicon_en.txt,plaza2020detecting;bassignana2018hurtlex,brain damage,,general_insult_cue,A general insult or derogatory cue matched; check whether it is directed at a protected or social group rather than used as a generic insult.,0.7,brain damage,[]
insults_lexicon,insults_lexicon_en.txt,plaza2020detecting;bassignana2018hurtlex,codswallop,,general_insult_cue,A general insult or derogatory cue matched; check whether it is directed at a protected or social group rather than used as a generic insult.,0.7,codswallop,[]
insults_lexicon,insults_lexicon_en.txt,plaza2020detecting;bassignana2018hurtlex,fatuousness,,general_insult_cue,A general insult or derogatory cue matched; check whether it is directed at a protected or social group rather than used as a generic insult.,0.7,fatuousness,[]
insults_lexicon,insults_lexicon_en.txt,plaza2020detecting;bassignana2018hurtlex,barbaric,,general_insult_cue,A general insult or derogatory cue matched; check whether it is directed at a protected or social group rather than used as a generic insult.,0.7,barbaric,[]
insults_lexicon,insults_lexicon_en.txt,plaza2020detecting;bassignana2018hurtlex,microcephelia,,general_insult_cue,A general insult or derogatory cue matched; check whether it is directed at a protected or social group rather than used as a generic insult.,0.7,microcephelia,[]
insults_lexicon,insults_lexicon_en.txt,plaza2020detecting;bassignana2018hurtlex,squealer,,general_insult_cue,A general insult or derogatory cue matched; check whether it is directed at a protected or social group rather than used as a generic insult.,0.7,squealer,[]
insults_lexicon,insults_lexicon_en.txt,plaza2020detecting;bassignana2018hurtlex,uncultivated,,general_insult_cue,A general insult or derogatory cue matched; check whether it is directed at a protected or social group rather than used as a generic insult.,0.7,uncultivated,[]
insults_lexicon,insults_lexicon_en.txt,plaza2020detecting;bassignana2018hurtlex,mothafucka,,general_insult_cue,A general insult or derogatory cue matched; check whether it is directed at a protected or social group rather than used as a generic insult.,0.7,mothafucka,[]
insults_lexicon,insults_lexicon_en.txt,plaza2020detecting;bassignana2018hurtlex,mammafucker,,general_insult_cue,A general insult or derogatory cue matched; check whether it is directed at a protected or social group rather than used as a generic insult.,0.7,mammafucker,[]
insults_lexicon,insults_lexicon_en.txt,plaza2020detecting;bassignana2018hurtlex,betise,,general_insult_cue,A general insult or derogatory cue matched; check whether it is directed at a protected or social group rather than used as a generic insult.,0.7,betise,[]
insults_lexicon,insults_lexicon_en.txt,plaza2020detecting;bassignana2018hurtlex,unintelligent,,general_insult_cue,A general insult or derogatory cue matched; check whether it is directed at a protected or social group rather than used as a generic insult.,0.7,unintelligent,[]
insults_lexicon,insults_lexicon_en.txt,plaza2020detecting;bassignana2018hurtlex,stultiloquence,,general_insult_cue,A general insult or derogatory cue matched; check whether it is directed at a protected or social group rather than used as a generic insult.,0.7,stultiloquence,[]
insults_lexicon,insults_lexicon_en.txt,plaza2020detecting;bassignana2018hurtlex,wildcat,,general_insult_cue,A general insult or derogatory cue matched; check whether it is directed at a protected or social group rather than used as a generic insult.,0.7,wildcat,[]
insults_lexicon,insults_lexicon_en.txt,plaza2020detecting;bassignana2018hurtlex,curmudgeon,,general_insult_cue,A general insult or derogatory cue matched; check whether it is directed at a protected or social group rather than used as a generic insult.,0.7,curmudgeon,[]
insults_lexicon,insults_lexicon_en.txt,plaza2020detecting;bassignana2018hurtlex,micrencephaly,,general_insult_cue,A general insult or derogatory cue matched; check whether it is directed at a protected or social group rather than used as a generic insult.,0.7,micrencephaly,[]
insults_lexicon,insults_lexicon_en.txt,plaza2020detecting;bassignana2018hurtlex,faunas,,general_insult_cue,A general insult or derogatory cue matched; check whether it is directed at a protected or social group rather than used as a generic insult.,0.7,faunas,[]
insults_lexicon,insults_lexicon_en.txt,plaza2020detecting;bassignana2018hurtlex,butcher,,general_insult_cue,A general insult or derogatory cue matched; check whether it is directed at a protected or social group rather than used as a generic insult.,0.7,butcher,[]
insults_lexicon,insults_lexicon_en.txt,plaza2020detecting;bassignana2018hurtlex,brute,,general_insult_cue,A general insult or derogatory cue matched; check whether it is directed at a protected or social group rather than used as a generic insult.,0.7,brute,[]
insults_lexicon,insults_lexicon_en.txt,plaza2020detecting;bassignana2018hurtlex,quacksalvers,,general_insult_cue,A general insult or derogatory cue matched; check whether it is directed at a protected or social group rather than used as a generic insult.,0.7,quacksalvers,[]
insults_lexicon,insults_lexicon_en.txt,plaza2020detecting;bassignana2018hurtlex,babbler,,general_insult_cue,A general insult or derogatory cue matched; check whether it is directed at a protected or social group rather than used as a generic insult.,0.7,babbler,[]
insults_lexicon,insults_lexicon_en.txt,plaza2020detecting;bassignana2018hurtlex,ignoramus,,general_insult_cue,A general insult or derogatory cue matched; check whether it is directed at a protected or social group rather than used as a generic insult.,0.7,ignoramus,[]
insults_lexicon,insults_lexicon_en.txt,plaza2020detecting;bassignana2018hurtlex,arschloch,,general_insult_cue,A general insult or derogatory cue matched; check whether it is directed at a protected or social group rather than used as a generic insult.,0.7,arschloch,[]
insults_lexicon,insults_lexicon_en.txt,plaza2020detecting;bassignana2018hurtlex,charlatanry,,general_insult_cue,A general insult or derogatory cue matched; check whether it is directed at a protected or social group rather than used as a generic insult.,0.7,charlatanry,[]
insults_lexicon,insults_lexicon_en.txt,plaza2020detecting;bassignana2018hurtlex,shit,,general_insult_cue,A general insult or derogatory cue matched; check whether it is directed at a protected or social group rather than used as a generic insult.,0.7,shit,[]
insults_lexicon,insults_lexicon_en.txt,plaza2020detecting;bassignana2018hurtlex,assholes,,general_insult_cue,A general insult or derogatory cue matched; check whether it is directed at a protected or social group rather than used as a generic insult.,0.7,assholes,[]
insults_lexicon,insults_lexicon_en.txt,plaza2020detecting;bassignana2018hurtlex,dim-witted,,general_insult_cue,A general insult or derogatory cue matched; check whether it is directed at a protected or social group rather than used as a generic insult.,0.7,dim-witted,[]
insults_lexicon,insults_lexicon_en.txt,plaza2020detecting;bassignana2018hurtlex,bestiality,,general_insult_cue,A general insult or derogatory cue matched; check whether it is directed at a protected or social group rather than used as a generic insult.,0.7,bestiality,[]
insults_lexicon,insults_lexicon_en.txt,plaza2020detecting;bassignana2018hurtlex,tommyrot,,general_insult_cue,A general insult or derogatory cue matched; check whether it is directed at a protected or social group rather than used as a generic insult.,0.7,tommyrot,[]
insults_lexicon,insults_lexicon_en.txt,plaza2020detecting;bassignana2018hurtlex,rat,,general_insult_cue,A general insult or derogatory cue matched; check whether it is directed at a protected or social group rather than used as a generic insult.,0.7,rat,[]
insults_lexicon,insults_lexicon_en.txt,plaza2020detecting;bassignana2018hurtlex,motherfuck,,general_insult_cue,A general insult or derogatory cue matched; check whether it is directed at a protected or social group rather than used as a generic insult.,0.7,motherfuck,[]
insults_lexicon,insults_lexicon_en.txt,plaza2020detecting;bassignana2018hurtlex,guest of his majesty,,general_insult_cue,A general insult or derogatory cue matched; check whether it is directed at a protected or social group rather than used as a generic insult.,0.7,guest of his majesty,[]
insults_lexicon,insults_lexicon_en.txt,plaza2020detecting;bassignana2018hurtlex,backwardness,,general_insult_cue,A general insult or derogatory cue matched; check whether it is directed at a protected or social group rather than used as a generic insult.,0.7,backwardness,[]
insults_lexicon,insults_lexicon_en.txt,plaza2020detecting;bassignana2018hurtlex,embecile,,general_insult_cue,A general insult or derogatory cue matched; check whether it is directed at a protected or social group rather than used as a generic insult.,0.7,embecile,[]
insults_lexicon,insults_lexicon_en.txt,plaza2020detecting;bassignana2018hurtlex,idiotism,,general_insult_cue,A general insult or derogatory cue matched; check whether it is directed at a protected or social group rather than used as a generic insult.,0.7,idiotism,[]
insults_lexicon,insults_lexicon_en.txt,plaza2020detecting;bassignana2018hurtlex,gawk,,general_insult_cue,A general insult or derogatory cue matched; check whether it is directed at a protected or social group rather than used as a generic insult.,0.7,gawk,[]
insults_lexicon,insults_lexicon_en.txt,plaza2020detecting;bassignana2018hurtlex,stultifier,,general_insult_cue,A general insult or derogatory cue matched; check whether it is directed at a protected or social group rather than used as a generic insult.,0.7,stultifier,[]
insults_lexicon,insults_lexicon_en.txt,plaza2020detecting;bassignana2018hurtlex,fatuously,,general_insult_cue,A general insult or derogatory cue matched; check whether it is directed at a protected or social group rather than used as a generic insult.,0.7,fatuously,[]
insults_lexicon,insults_lexicon_en.txt,plaza2020detecting;bassignana2018hurtlex,hokum,,general_insult_cue,A general insult or derogatory cue matched; check whether it is directed at a protected or social group rather than used as a generic insult.,0.7,hokum,[]
insults_lexicon,insults_lexicon_en.txt,plaza2020detecting;bassignana2018hurtlex,dim,,general_insult_cue,A general insult or derogatory cue matched; check whether it is directed at a protected or social group rather than used as a generic insult.,0.7,dim,[]
insults_lexicon,insults_lexicon_en.txt,plaza2020detecting;bassignana2018hurtlex,brainless,,general_insult_cue,A general insult or derogatory cue matched; check whether it is directed at a protected or social group rather than used as a generic insult.,0.7,brainless,[]
insults_lexicon,insults_lexicon_en.txt,plaza2020detecting;bassignana2018hurtlex,retardation,,general_insult_cue,A general insult or derogatory cue matched; check whether it is directed at a protected or social group rather than used as a generic insult.,0.7,retardation,[]
insults_lexicon,insults_lexicon_en.txt,plaza2020detecting;bassignana2018hurtlex,fuckup,,general_insult_cue,A general insult or derogatory cue matched; check whether it is directed at a protected or social group rather than used as a generic insult.,0.7,fuckup,[]
insults_lexicon,insults_lexicon_en.txt,plaza2020detecting;bassignana2018hurtlex,stupidety,,general_insult_cue,A general insult or derogatory cue matched; check whether it is directed at a protected or social group rather than used as a generic insult.,0.7,stupidety,[]
insults_lexicon,insults_lexicon_en.txt,plaza2020detecting;bassignana2018hurtlex,dunce,,general_insult_cue,A general insult or derogatory cue matched; check whether it is directed at a protected or social group rather than used as a generic insult.,0.7,dunce,[]
insults_lexicon,insults_lexicon_en.txt,plaza2020detecting;bassignana2018hurtlex,animate being,,general_insult_cue,A general insult or derogatory cue matched; check whether it is directed at a protected or social group rather than used as a generic insult.,0.7,animate being,[]
insults_lexicon,insults_lexicon_en.txt,plaza2020detecting;bassignana2018hurtlex,soft touch,,general_insult_cue,A general insult or derogatory cue matched; check whether it is directed at a protected or social group rather than used as a generic insult.,0.7,soft touch,[]
insults_lexicon,insults_lexicon_en.txt,plaza2020detecting;bassignana2018hurtlex,metazoic,,general_insult_cue,A general insult or derogatory cue matched; check whether it is directed at a protected or social group rather than used as a generic insult.,0.7,metazoic,[]
insults_lexicon,insults_lexicon_en.txt,plaza2020detecting;bassignana2018hurtlex,what an asshole,,general_insult_cue,A general insult or derogatory cue matched; check whether it is directed at a protected or social group rather than used as a generic insult.,0.7,what an asshole,[]
insults_lexicon,insults_lexicon_en.txt,plaza2020detecting;bassignana2018hurtlex,empiricism,,general_insult_cue,A general insult or derogatory cue matched; check whether it is directed at a protected or social group rather than used as a generic insult.,0.7,empiricism,[]
insults_lexicon,insults_lexicon_en.txt,plaza2020detecting;bassignana2018hurtlex,brain shrinkage,,general_insult_cue,A general insult or derogatory cue matched; check whether it is directed at a protected or social group rather than used as a generic insult.,0.7,brain shrinkage,[]
insults_lexicon,insults_lexicon_en.txt,plaza2020detecting;bassignana2018hurtlex,informer,,general_insult_cue,A general insult or derogatory cue matched; check whether it is directed at a protected or social group rather than used as a generic insult.,0.7,informer,[]
insults_lexicon,insults_lexicon_en.txt,plaza2020detecting;bassignana2018hurtlex,nincompoop,,general_insult_cue,A general insult or derogatory cue matched; check whether it is directed at a protected or social group rather than used as a generic insult.,0.7,nincompoop,[]
insults_lexicon,insults_lexicon_en.txt,plaza2020detecting;bassignana2018hurtlex,clod,,general_insult_cue,A general insult or derogatory cue matched; check whether it is directed at a protected or social group rather than used as a generic insult.,0.7,clod,[]
insults_lexicon,insults_lexicon_en.txt,plaza2020detecting;bassignana2018hurtlex,asstard,,general_insult_cue,A general insult or derogatory cue matched; check whether it is directed at a protected or social group rather than used as a generic insult.,0.7,asstard,[]
insults_lexicon,insults_lexicon_en.txt,plaza2020detecting;bassignana2018hurtlex,nanocephaly,,general_insult_cue,A general insult or derogatory cue matched; check whether it is directed at a protected or social group rather than used as a generic insult.,0.7,nanocephaly,[]
insults_lexicon,insults_lexicon_en.txt,plaza2020detecting;bassignana2018hurtlex,tomfool,,general_insult_cue,A general insult or derogatory cue matched; check whether it is directed at a protected or social group rather than used as a generic insult.,0.7,tomfool,[]
insults_lexicon,insults_lexicon_en.txt,plaza2020detecting;bassignana2018hurtlex,microcephalia,,general_insult_cue,A general insult or derogatory cue matched; check whether it is directed at a protected or social group rather than used as a generic insult.,0.7,microcephalia,[]
insults_lexicon,insults_lexicon_en.txt,plaza2020detecting;bassignana2018hurtlex,barbarousness,,general_insult_cue,A general insult or derogatory cue matched; check whether it is directed at a protected or social group rather than used as a generic insult.,0.7,barbarousness,[]
insults_lexicon,insults_lexicon_en.txt,plaza2020detecting;bassignana2018hurtlex,juvenile,,general_insult_cue,A general insult or derogatory cue matched; check whether it is directed at a protected or social group rather than used as a generic insult.,0.7,juvenile,[]
insults_lexicon,insults_lexicon_en.txt,plaza2020detecting;bassignana2018hurtlex,boor,,general_insult_cue,A general insult or derogatory cue matched; check whether it is directed at a protected or social group rather than used as a generic insult.,0.7,boor,[]
insults_lexicon,insults_lexicon_en.txt,plaza2020detecting;bassignana2018hurtlex,gull,,general_insult_cue,A general insult or derogatory cue matched; check whether it is directed at a protected or social group rather than used as a generic insult.,0.7,gull,[]
insults_lexicon,insults_lexicon_en.txt,plaza2020detecting;bassignana2018hurtlex,asshole-ery,,general_insult_cue,A general insult or derogatory cue matched; check whether it is directed at a protected or social group rather than used as a generic insult.,0.7,asshole-ery,[]
insults_lexicon,insults_lexicon_en.txt,plaza2020detecting;bassignana2018hurtlex,the karls,,general_insult_cue,A general insult or derogatory cue matched; check whether it is directed at a protected or social group rather than used as a generic insult.,0.7,the karls,[]
insults_lexicon,insults_lexicon_en.txt,plaza2020detecting;bassignana2018hurtlex,goon,,general_insult_cue,A general insult or derogatory cue matched; check whether it is directed at a protected or social group rather than used as a generic insult.,0.7,goon,[]
insults_lexicon,insults_lexicon_en.txt,plaza2020detecting;bassignana2018hurtlex,charlatan,,general_insult_cue,A general insult or derogatory cue matched; check whether it is directed at a protected or social group rather than used as a generic insult.,0.7,charlatan,[]
insults_lexicon,insults_lexicon_en.txt,plaza2020detecting;bassignana2018hurtlex,imbeciles,,general_insult_cue,A general insult or derogatory cue matched; check whether it is directed at a protected or social group rather than used as a generic insult.,0.7,imbeciles,[]
insults_lexicon,insults_lexicon_en.txt,plaza2020detecting;bassignana2018hurtlex,anumal,,general_insult_cue,A general insult or derogatory cue matched; check whether it is directed at a protected or social group rather than used as a generic insult.,0.7,anumal,[]
insults_lexicon,insults_lexicon_en.txt,plaza2020detecting;bassignana2018hurtlex,cretinous,,general_insult_cue,A general insult or derogatory cue matched; check whether it is directed at a protected or social group rather than used as a generic insult.,0.7,cretinous,[]
insults_lexicon,insults_lexicon_en.txt,plaza2020detecting;bassignana2018hurtlex,motherfucka,,general_insult_cue,A general insult or derogatory cue matched; check whether it is directed at a protected or social group rather than used as a generic insult.,0.7,motherfucka,[]
insults_lexicon,insults_lexicon_en.txt,plaza2020detecting;bassignana2018hurtlex,poop,,general_insult_cue,A general insult or derogatory cue matched; check whether it is directed at a protected or social group rather than used as a generic insult.,0.7,poop,[]
insults_lexicon,insults_lexicon_en.txt,plaza2020detecting;bassignana2018hurtlex,epifaunal,,general_insult_cue,A general insult or derogatory cue matched; check whether it is directed at a protected or social group rather than used as a generic insult.,0.7,epifaunal,[]
insults_lexicon,insults_lexicon_en.txt,plaza2020detecting;bassignana2018hurtlex,dolt,,general_insult_cue,A general insult or derogatory cue matched; check whether it is directed at a protected or social group rather than used as a generic insult.,0.7,dolt,[]
insults_lexicon,insults_lexicon_en.txt,plaza2020detecting;bassignana2018hurtlex,newsmonger,,general_insult_cue,A general insult or derogatory cue matched; check whether it is directed at a protected or social group rather than used as a generic insult.,0.7,newsmonger,[]
insults_lexicon,insults_lexicon_en.txt,plaza2020detecting;bassignana2018hurtlex,adolescent,,general_insult_cue,A general insult or derogatory cue matched; check whether it is directed at a protected or social group rather than used as a generic insult.,0.7,adolescent,[]
insults_lexicon,insults_lexicon_en.txt,plaza2020detecting;bassignana2018hurtlex,prisoner,,general_insult_cue,A general insult or derogatory cue matched; check whether it is directed at a protected or social group rather than used as a generic insult.,0.7,prisoner,[]
insults_lexicon,insults_lexicon_en.txt,plaza2020detecting;bassignana2018hurtlex,hammerhead,,general_insult_cue,A general insult or derogatory cue matched; check whether it is directed at a protected or social group rather than used as a generic insult.,0.7,hammerhead,[]
insults_lexicon,insults_lexicon_en.txt,plaza2020detecting;bassignana2018hurtlex,epifauna,,general_insult_cue,A general insult or derogatory cue matched; check whether it is directed at a protected or social group rather than used as a generic insult.,0.7,epifauna,[]
insults_lexicon,insults_lexicon_en.txt,plaza2020detecting;bassignana2018hurtlex,brutal,,general_insult_cue,A general insult or derogatory cue matched; check whether it is directed at a protected or social group rather than used as a generic insult.,0.7,brutal,[]
insults_lexicon,insults_lexicon_en.txt,plaza2020detecting;bassignana2018hurtlex,blunderer,,general_insult_cue,A general insult or derogatory cue matched; check whether it is directed at a protected or social group rather than used as a generic insult.,0.7,blunderer,[]
insults_lexicon,insults_lexicon_en.txt,plaza2020detecting;bassignana2018hurtlex,blabbermouth,,general_insult_cue,A general insult or derogatory cue matched; check whether it is directed at a protected or social group rather than used as a generic insult.,0.7,blabbermouth,[]
insults_lexicon,insults_lexicon_en.txt,plaza2020detecting;bassignana2018hurtlex,cretinism,,general_insult_cue,A general insult or derogatory cue matched; check whether it is directed at a protected or social group rather than used as a generic insult.,0.7,cretinism,[]
insults_lexicon,insults_lexicon_en.txt,plaza2020detecting;bassignana2018hurtlex,brain damaged,,general_insult_cue,A general insult or derogatory cue matched; check whether it is directed at a protected or social group rather than used as a generic insult.,0.7,brain damaged,[]
insults_lexicon,insults_lexicon_en.txt,plaza2020detecting;bassignana2018hurtlex,nanocephalous,,general_insult_cue,A general insult or derogatory cue matched; check whether it is directed at a protected or social group rather than used as a generic insult.,0.7,nanocephalous,[]
insults_lexicon,insults_lexicon_en.txt,plaza2020detecting;bassignana2018hurtlex,rumourmonger,,general_insult_cue,A general insult or derogatory cue matched; check whether it is directed at a protected or social group rather than used as a generic insult.,0.7,rumourmonger,[]
insults_lexicon,insults_lexicon_en.txt,plaza2020detecting;bassignana2018hurtlex,spouter,,general_insult_cue,A general insult or derogatory cue matched; check whether it is directed at a protected or social group rather than used as a generic insult.,0.7,spouter,[]
insults_lexicon,insults_lexicon_en.txt,plaza2020detecting;bassignana2018hurtlex,mentally-challenged,,general_insult_cue,A general insult or derogatory cue matched; check whether it is directed at a protected or social group rather than used as a generic insult.,0.7,mentally-challenged,[]
insults_lexicon,insults_lexicon_en.txt,plaza2020detecting;bassignana2018hurtlex,nescient,,general_insult_cue,A general insult or derogatory cue matched; check whether it is directed at a protected or social group rather than used as a generic insult.,0.7,nescient,[]
insults_lexicon,insults_lexicon_en.txt,plaza2020detecting;bassignana2018hurtlex,demetrius savelio,,general_insult_cue,A general insult or derogatory cue matched; check whether it is directed at a protected or social group rather than used as a generic insult.,0.7,demetrius savelio,[]
insults_lexicon,insults_lexicon_en.txt,plaza2020detecting;bassignana2018hurtlex,nonreader,,general_insult_cue,A general insult or derogatory cue matched; check whether it is directed at a protected or social group rather than used as a generic insult.,0.7,nonreader,[]
insults_lexicon,insults_lexicon_en.txt,plaza2020detecting;bassignana2018hurtlex,dullard,,general_insult_cue,A general insult or derogatory cue matched; check whether it is directed at a protected or social group rather than used as a generic insult.,0.7,dullard,[]
insults_lexicon,insults_lexicon_en.txt,plaza2020detecting;bassignana2018hurtlex,kingdom animalia,,general_insult_cue,A general insult or derogatory cue matched; check whether it is directed at a protected or social group rather than used as a generic insult.,0.7,kingdom animalia,[]
insults_lexicon,insults_lexicon_en.txt,plaza2020detecting;bassignana2018hurtlex,faunae,,general_insult_cue,A general insult or derogatory cue matched; check whether it is directed at a protected or social group rather than used as a generic insult.,0.7,faunae,[]
insults_lexicon,insults_lexicon_en.txt,plaza2020detecting;bassignana2018hurtlex,amentia,,general_insult_cue,A general insult or derogatory cue matched; check whether it is directed at a protected or social group rather than used as a generic insult.,0.7,amentia,[]
insults_lexicon,insults_lexicon_en.txt,plaza2020detecting;bassignana2018hurtlex,brutality,,general_insult_cue,A general insult or derogatory cue matched; check whether it is directed at a protected or social group rather than used as a generic insult.,0.7,brutality,[]
insults_lexicon,insults_lexicon_en.txt,plaza2020detecting;bassignana2018hurtlex,craziness,,general_insult_cue,A general insult or derogatory cue matched; check whether it is directed at a protected or social group rather than used as a generic insult.,0.7,craziness,[]
insults_lexicon,insults_lexicon_en.txt,plaza2020detecting;bassignana2018hurtlex,muthafucka,,general_insult_cue,A general insult or derogatory cue matched; check whether it is directed at a protected or social group rather than used as a generic insult.,0.7,muthafucka,[]
insults_lexicon,insults_lexicon_en.txt,plaza2020detecting;bassignana2018hurtlex,unwise,,general_insult_cue,A general insult or derogatory cue matched; check whether it is directed at a protected or social group rather than used as a generic insult.,0.7,unwise,[]
insults_lexicon,insults_lexicon_en.txt,plaza2020detecting;bassignana2018hurtlex,obtuse,,general_insult_cue,A general insult or derogatory cue matched; check whether it is directed at a protected or social group rather than used as a generic insult.,0.7,obtuse,[]
insults_lexicon,insults_lexicon_en.txt,plaza2020detecting;bassignana2018hurtlex,motherfuckers,,general_insult_cue,A general insult or derogatory cue matched; check whether it is directed at a protected or social group rather than used as a generic insult.,0.7,motherfuckers,[]
insults_lexicon,insults_lexicon_en.txt,plaza2020detecting;bassignana2018hurtlex,charlatane,,general_insult_cue,A general insult or derogatory cue matched; check whether it is directed at a protected or social group rather than used as a generic insult.,0.7,charlatane,[]
insults_lexicon,insults_lexicon_en.txt,plaza2020detecting;bassignana2018hurtlex,beast,,general_insult_cue,A general insult or derogatory cue matched; check whether it is directed at a protected or social group rather than used as a generic insult.,0.7,beast,[]
insults_lexicon,insults_lexicon_en.txt,plaza2020detecting;bassignana2018hurtlex,gossip,,general_insult_cue,A general insult or derogatory cue matched; check whether it is directed at a protected or social group rather than used as a generic insult.,0.7,gossip,[]
insults_lexicon,insults_lexicon_en.txt,plaza2020detecting;bassignana2018hurtlex,moronic,,general_insult_cue,A general insult or derogatory cue matched; check whether it is directed at a protected or social group rather than used as a generic insult.,0.7,moronic,[]
insults_lexicon,insults_lexicon_en.txt,plaza2020detecting;bassignana2018hurtlex,mob,,general_insult_cue,A general insult or derogatory cue matched; check whether it is directed at a protected or social group rather than used as a generic insult.,0.7,mob,[]
insults_lexicon,insults_lexicon_en.txt,plaza2020detecting;bassignana2018hurtlex,metazoans,,general_insult_cue,A general insult or derogatory cue matched; check whether it is directed at a protected or social group rather than used as a generic insult.,0.7,metazoans,[]
insults_lexicon,insults_lexicon_en.txt,plaza2020detecting;bassignana2018hurtlex,lunkhead,,general_insult_cue,A general insult or derogatory cue matched; check whether it is directed at a protected or social group rather than used as a generic insult.,0.7,lunkhead,[]
insults_lexicon,insults_lexicon_en.txt,plaza2020detecting;bassignana2018hurtlex,nanomalous,,general_insult_cue,A general insult or derogatory cue matched; check whether it is directed at a protected or social group rather than used as a generic insult.,0.7,nanomalous,[]
insults_lexicon,insults_lexicon_en.txt,plaza2020detecting;bassignana2018hurtlex,fooled,,general_insult_cue,A general insult or derogatory cue matched; check whether it is directed at a protected or social group rather than used as a generic insult.,0.7,fooled,[]
insults_lexicon,insults_lexicon_en.txt,plaza2020detecting;bassignana2018hurtlex,churls,,general_insult_cue,A general insult or derogatory cue matched; check whether it is directed at a protected or social group rather than used as a generic insult.,0.7,churls,[]
insults_lexicon,insults_lexicon_en.txt,plaza2020detecting;bassignana2018hurtlex,unacquainted,,general_insult_cue,A general insult or derogatory cue matched; check whether it is directed at a protected or social group rather than used as a generic insult.,0.7,unacquainted,[]
insults_lexicon,insults_lexicon_en.txt,plaza2020detecting;bassignana2018hurtlex,charlatanism,,general_insult_cue,A general insult or derogatory cue matched; check whether it is directed at a protected or social group rather than used as a generic insult.,0.7,charlatanism,[]
insults_lexicon,insults_lexicon_en.txt,plaza2020detecting;bassignana2018hurtlex,applesauce,,general_insult_cue,A general insult or derogatory cue matched; check whether it is directed at a protected or social group rather than used as a generic insult.,0.7,applesauce,[]
insults_lexicon,insults_lexicon_en.txt,plaza2020detecting;bassignana2018hurtlex,twat,,general_insult_cue,A general insult or derogatory cue matched; check whether it is directed at a protected or social group rather than used as a generic insult.,0.7,twat,[]
insults_lexicon,insults_lexicon_en.txt,plaza2020detecting;bassignana2018hurtlex,changelings,,general_insult_cue,A general insult or derogatory cue matched; check whether it is directed at a protected or social group rather than used as a generic insult.,0.7,changelings,[]
insults_lexicon,insults_lexicon_en.txt,plaza2020detecting;bassignana2018hurtlex,mutterficker,,general_insult_cue,A general insult or derogatory cue matched; check whether it is directed at a protected or social group rather than used as a generic insult.,0.7,mutterficker,[]
insults_lexicon,insults_lexicon_en.txt,plaza2020detecting;bassignana2018hurtlex,trumpery,,general_insult_cue,A general insult or derogatory cue matched; check whether it is directed at a protected or social group rather than used as a generic insult.,0.7,trumpery,[]
insults_lexicon,insults_lexicon_en.txt,plaza2020detecting;bassignana2018hurtlex,green,,general_insult_cue,A general insult or derogatory cue matched; check whether it is directed at a protected or social group rather than used as a generic insult.,0.7,green,[]
insults_lexicon,insults_lexicon_en.txt,plaza2020detecting;bassignana2018hurtlex,microcephalics,,general_insult_cue,A general insult or derogatory cue matched; check whether it is directed at a protected or social group rather than used as a generic insult.,0.7,microcephalics,[]
insults_lexicon,insults_lexicon_en.txt,plaza2020detecting;bassignana2018hurtlex,unintelligence,,general_insult_cue,A general insult or derogatory cue matched; check whether it is directed at a protected or social group rather than used as a generic insult.,0.7,unintelligence,[]
insults_lexicon,insults_lexicon_en.txt,plaza2020detecting;bassignana2018hurtlex,kolotripa,,general_insult_cue,A general insult or derogatory cue matched; check whether it is directed at a protected or social group rather than used as a generic insult.,0.7,kolotripa,[]
insults_lexicon,insults_lexicon_en.txt,plaza2020detecting;bassignana2018hurtlex,analphabetic,,general_insult_cue,A general insult or derogatory cue matched; check whether it is directed at a protected or social group rather than used as a generic insult.,0.7,analphabetic,[]
insults_lexicon,insults_lexicon_en.txt,plaza2020detecting;bassignana2018hurtlex,plonker,,general_insult_cue,A general insult or derogatory cue matched; check whether it is directed at a protected or social group rather than used as a generic insult.,0.7,plonker,[]
insults_lexicon,insults_lexicon_en.txt,plaza2020detecting;bassignana2018hurtlex,idiocies,,general_insult_cue,A general insult or derogatory cue matched; check whether it is directed at a protected or social group rather than used as a generic insult.,0.7,idiocies,[]
insults_lexicon,insults_lexicon_en.txt,plaza2020detecting;bassignana2018hurtlex,bumbler,,general_insult_cue,A general insult or derogatory cue matched; check whether it is directed at a protected or social group rather than used as a generic insult.,0.7,bumbler,[]
insults_lexicon,insults_lexicon_en.txt,plaza2020detecting;bassignana2018hurtlex,witless,,general_insult_cue,A general insult or derogatory cue matched; check whether it is directed at a protected or social group rather than used as a generic insult.,0.7,witless,[]
insults_lexicon,insults_lexicon_en.txt,plaza2020detecting;bassignana2018hurtlex,idoit,,general_insult_cue,A general insult or derogatory cue matched; check whether it is directed at a protected or social group rather than used as a generic insult.,0.7,idoit,[]
insults_lexicon,insults_lexicon_en.txt,plaza2020detecting;bassignana2018hurtlex,whoreson,,general_insult_cue,A general insult or derogatory cue matched; check whether it is directed at a protected or social group rather than used as a generic insult.,0.7,whoreson,[]
insults_lexicon,insults_lexicon_en.txt,plaza2020detecting;bassignana2018hurtlex,mesofauna,,general_insult_cue,A general insult or derogatory cue matched; check whether it is directed at a protected or social group rather than used as a generic insult.,0.7,mesofauna,[]
insults_lexicon,insults_lexicon_en.txt,plaza2020detecting;bassignana2018hurtlex,sap,,general_insult_cue,A general insult or derogatory cue matched; check whether it is directed at a protected or social group rather than used as a generic insult.,0.7,sap,[]
insults_lexicon,insults_lexicon_en.txt,plaza2020detecting;bassignana2018hurtlex,goofball,,general_insult_cue,A general insult or derogatory cue matched; check whether it is directed at a protected or social group rather than used as a generic insult.,0.7,goofball,[]
insults_lexicon,insults_lexicon_en.txt,plaza2020detecting;bassignana2018hurtlex,kingdomanimalia,,general_insult_cue,A general insult or derogatory cue matched; check whether it is directed at a protected or social group rather than used as a generic insult.,0.7,kingdomanimalia,[]
insults_lexicon,insults_lexicon_en.txt,plaza2020detecting;bassignana2018hurtlex,stultifications,,general_insult_cue,A general insult or derogatory cue matched; check whether it is directed at a protected or social group rather than used as a generic insult.,0.7,stultifications,[]
insults_lexicon,insults_lexicon_en.txt,plaza2020detecting;bassignana2018hurtlex,bestial,,general_insult_cue,A general insult or derogatory cue matched; check whether it is directed at a protected or social group rather than used as a generic insult.,0.7,bestial,[]
insults_lexicon,insults_lexicon_en.txt,plaza2020detecting;bassignana2018hurtlex,imbecility,,general_insult_cue,A general insult or derogatory cue matched; check whether it is directed at a protected or social group rather than used as a generic insult.,0.7,imbecility,[]
insults_lexicon,insults_lexicon_en.txt,plaza2020detecting;bassignana2018hurtlex,retards,,general_insult_cue,A general insult or derogatory cue matched; check whether it is directed at a protected or social group rather than used as a generic insult.,0.7,retards,[]
insults_lexicon,insults_lexicon_en.txt,plaza2020detecting;bassignana2018hurtlex,zooerasty,,general_insult_cue,A general insult or derogatory cue matched; check whether it is directed at a protected or social group rather than used as a generic insult.,0.7,zooerasty,[]
insults_lexicon,insults_lexicon_en.txt,plaza2020detecting;bassignana2018hurtlex,creature,,general_insult_cue,A general insult or derogatory cue matched; check whether it is directed at a protected or social group rather than used as a generic insult.,0.7,creature,[]
insults_lexicon,insults_lexicon_en.txt,plaza2020detecting;bassignana2018hurtlex,captive,,general_insult_cue,A general insult or derogatory cue matched; check whether it is directed at a protected or social group rather than used as a generic insult.,0.7,captive,[]
insults_lexicon,insults_lexicon_en.txt,plaza2020detecting;bassignana2018hurtlex,barbarian,,general_insult_cue,A general insult or derogatory cue matched; check whether it is directed at a protected or social group rather than used as a generic insult.,0.7,barbarian,[]
insults_lexicon,insults_lexicon_en.txt,plaza2020detecting;bassignana2018hurtlex,peasant,,general_insult_cue,A general insult or derogatory cue matched; check whether it is directed at a protected or social group rather than used as a generic insult.,0.7,peasant,[]
insults_lexicon,insults_lexicon_en.txt,plaza2020detecting;bassignana2018hurtlex,cretins,,general_insult_cue,A general insult or derogatory cue matched; check whether it is directed at a protected or social group rather than used as a generic insult.,0.7,cretins,[]
insults_lexicon,insults_lexicon_en.txt,plaza2020detecting;bassignana2018hurtlex,magpie,,general_insult_cue,A general insult or derogatory cue matched; check whether it is directed at a protected or social group rather than used as a generic insult.,0.7,magpie,[]
insults_lexicon,insults_lexicon_en.txt,plaza2020detecting;bassignana2018hurtlex,ceorle,,general_insult_cue,A general insult or derogatory cue matched; check whether it is directed at a protected or social group rather than used as a generic insult.,0.7,ceorle,[]
insults_lexicon,insults_lexicon_en.txt,plaza2020detecting;bassignana2018hurtlex,telltale,,general_insult_cue,A general insult or derogatory cue matched; check whether it is directed at a protected or social group rather than used as a generic insult.,0.7,telltale,[]
insults_lexicon,insults_lexicon_en.txt,plaza2020detecting;bassignana2018hurtlex,ahole,,general_insult_cue,A general insult or derogatory cue matched; check whether it is directed at a protected or social group rather than used as a generic insult.,0.7,ahole,[]
insults_lexicon,insults_lexicon_en.txt,plaza2020detecting;bassignana2018hurtlex,cooyon,,general_insult_cue,A general insult or derogatory cue matched; check whether it is directed at a protected or social group rather than used as a generic insult.,0.7,cooyon,[]
insults_lexicon,insults_lexicon_en.txt,plaza2020detecting;bassignana2018hurtlex,barberian,,general_insult_cue,A general insult or derogatory cue matched; check whether it is directed at a protected or social group rather than used as a generic insult.,0.7,barberian,[]
insults_lexicon,insults_lexicon_en.txt,plaza2020detecting;bassignana2018hurtlex,prisoners,,general_insult_cue,A general insult or derogatory cue matched; check whether it is directed at a protected or social group rather than used as a generic insult.,0.7,prisoners,[]
insults_lexicon,insults_lexicon_en.txt,plaza2020detecting;bassignana2018hurtlex,riffraff,,general_insult_cue,A general insult or derogatory cue matched; check whether it is directed at a protected or social group rather than used as a generic insult.,0.7,riffraff,[]
insults_lexicon,insults_lexicon_en.txt,plaza2020detecting;bassignana2018hurtlex,mazafaka,,general_insult_cue,A general insult or derogatory cue matched; check whether it is directed at a protected or social group rather than used as a generic insult.,0.7,mazafaka,[]
insults_lexicon,insults_lexicon_en.txt,plaza2020detecting;bassignana2018hurtlex,mother fucka,,general_insult_cue,A general insult or derogatory cue matched; check whether it is directed at a protected or social group rather than used as a generic insult.,0.7,mother fucka,[]
insults_lexicon,insults_lexicon_en.txt,plaza2020detecting;bassignana2018hurtlex,ragtag,,general_insult_cue,A general insult or derogatory cue matched; check whether it is directed at a protected or social group rather than used as a generic insult.,0.7,ragtag,[]
insults_lexicon,insults_lexicon_en.txt,plaza2020detecting;bassignana2018hurtlex,macrocephalic,,general_insult_cue,A general insult or derogatory cue matched; check whether it is directed at a protected or social group rather than used as a generic insult.,0.7,macrocephalic,[]
insults_lexicon,insults_lexicon_en.txt,plaza2020detecting;bassignana2018hurtlex,hooey,,general_insult_cue,A general insult or derogatory cue matched; check whether it is directed at a protected or social group rather than used as a generic insult.,0.7,hooey,[]
insults_lexicon,insults_lexicon_en.txt,plaza2020detecting;bassignana2018hurtlex,betrayer,,general_insult_cue,A general insult or derogatory cue matched; check whether it is directed at a protected or social group rather than used as a generic insult.,0.7,betrayer,[]
insults_lexicon,insults_lexicon_en.txt,plaza2020detecting;bassignana2018hurtlex,nonsents,,general_insult_cue,A general insult or derogatory cue matched; check whether it is directed at a protected or social group rather than used as a generic insult.,0.7,nonsents,[]
insults_lexicon,insults_lexicon_en.txt,plaza2020detecting;bassignana2018hurtlex,twerp,,general_insult_cue,A general insult or derogatory cue matched; check whether it is directed at a protected or social group rather than used as a generic insult.,0.7,twerp,[]
insults_lexicon,insults_lexicon_en.txt,plaza2020detecting;bassignana2018hurtlex,dickhead,,general_insult_cue,A general insult or derogatory cue matched; check whether it is directed at a protected or social group rather than used as a generic insult.,0.7,dickhead,[]
insults_lexicon,insults_lexicon_en.txt,plaza2020detecting;bassignana2018hurtlex,tattletale,,general_insult_cue,A general insult or derogatory cue matched; check whether it is directed at a protected or social group rather than used as a generic insult.,0.7,tattletale,[]
insults_lexicon,insults_lexicon_en.txt,plaza2020detecting;bassignana2018hurtlex,stultifyingly,,general_insult_cue,A general insult or derogatory cue matched; check whether it is directed at a protected or social group rather than used as a generic insult.,0.7,stultifyingly,[]
insults_lexicon,insults_lexicon_en.txt,plaza2020detecting;bassignana2018hurtlex,barbarous,,general_insult_cue,A general insult or derogatory cue matched; check whether it is directed at a protected or social group rather than used as a generic insult.,0.7,barbarous,[]
insults_lexicon,insults_lexicon_en.txt,plaza2020detecting;bassignana2018hurtlex,idiotic,,general_insult_cue,A general insult or derogatory cue matched; check whether it is directed at a protected or social group rather than used as a generic insult.,0.7,idiotic,[]
insults_lexicon,insults_lexicon_en.txt,plaza2020detecting;bassignana2018hurtlex,booby,,general_insult_cue,A general insult or derogatory cue matched; check whether it is directed at a protected or social group rather than used as a generic insult.,0.7,booby,[]
insults_lexicon,insults_lexicon_en.txt,plaza2020detecting;bassignana2018hurtlex,quacks,,general_insult_cue,A general insult or derogatory cue matched; check whether it is directed at a protected or social group rather than used as a generic insult.,0.7,quacks,[]
insults_lexicon,insults_lexicon_en.txt,plaza2020detecting;bassignana2018hurtlex,asshole,,general_insult_cue,A general insult or derogatory cue matched; check whether it is directed at a protected or social group rather than used as a generic insult.,0.7,asshole,[]
insults_lexicon,insults_lexicon_en.txt,plaza2020detecting;bassignana2018hurtlex,pillock,,general_insult_cue,A general insult or derogatory cue matched; check whether it is directed at a protected or social group rather than used as a generic insult.,0.7,pillock,[]
insults_lexicon,insults_lexicon_en.txt,plaza2020detecting;bassignana2018hurtlex,taleteller,,general_insult_cue,A general insult or derogatory cue matched; check whether it is directed at a protected or social group rather than used as a generic insult.,0.7,taleteller,[]
insults_lexicon,insults_lexicon_en.txt,plaza2020detecting;bassignana2018hurtlex,nonsensical,,general_insult_cue,A general insult or derogatory cue matched; check whether it is directed at a protected or social group rather than used as a generic insult.,0.7,nonsensical,[]
insults_lexicon,insults_lexicon_en.txt,plaza2020detecting;bassignana2018hurtlex,mother fucker,,general_insult_cue,A general insult or derogatory cue matched; check whether it is directed at a protected or social group rather than used as a generic insult.,0.7,mother fucker,[]
insults_lexicon,insults_lexicon_en.txt,plaza2020detecting;bassignana2018hurtlex,metazoan evolution,,general_insult_cue,A general insult or derogatory cue matched; check whether it is directed at a protected or social group rather than used as a generic insult.,0.7,metazoan evolution,[]
insults_lexicon,insults_lexicon_en.txt,plaza2020detecting;bassignana2018hurtlex,stupider,,general_insult_cue,A general insult or derogatory cue matched; check whether it is directed at a protected or social group rather than used as a generic insult.,0.7,stupider,[]
insults_lexicon,insults_lexicon_en.txt,plaza2020detecting;bassignana2018hurtlex,stupefy,,general_insult_cue,A general insult or derogatory cue matched; check whether it is directed at a protected or social group rather than used as a generic insult.,0.7,stupefy,[]
insults_lexicon,insults_lexicon_en.txt,plaza2020detecting;bassignana2018hurtlex,sob,,general_insult_cue,A general insult or derogatory cue matched; check whether it is directed at a protected or social group rather than used as a generic insult.,0.7,sob,[]
insults_lexicon,insults_lexicon_en.txt,plaza2020detecting;bassignana2018hurtlex,mug,,general_insult_cue,A general insult or derogatory cue matched; check whether it is directed at a protected or social group rather than used as a generic insult.,0.7,mug,[]
insults_lexicon,insults_lexicon_en.txt,plaza2020detecting;bassignana2018hurtlex,pseudomedicine,,general_insult_cue,A general insult or derogatory cue matched; check whether it is directed at a protected or social group rather than used as a generic insult.,0.7,pseudomedicine,[]
insults_lexicon,insults_lexicon_en.txt,plaza2020detecting;bassignana2018hurtlex,infauna,,general_insult_cue,A general insult or derogatory cue matched; check whether it is directed at a protected or social group rather than used as a generic insult.,0.7,infauna,[]
insults_lexicon,insults_lexicon_en.txt,plaza2020detecting;bassignana2018hurtlex,brain-damage,,general_insult_cue,A general insult or derogatory cue matched; check whether it is directed at a protected or social group rather than used as a generic insult.,0.7,brain-damage,[]
insults_lexicon,insults_lexicon_en.txt,plaza2020detecting;bassignana2018hurtlex,zooerastia,,general_insult_cue,A general insult or derogatory cue matched; check whether it is directed at a protected or social group rather than used as a generic insult.,0.7,zooerastia,[]
insults_lexicon,insults_lexicon_en.txt,plaza2020detecting;bassignana2018hurtlex,brain-damaged,,general_insult_cue,A general insult or derogatory cue matched; check whether it is directed at a protected or social group rather than used as a generic insult.,0.7,brain-damaged,[]
insults_lexicon,insults_lexicon_en.txt,plaza2020detecting;bassignana2018hurtlex,stultifiers,,general_insult_cue,A general insult or derogatory cue matched; check whether it is directed at a protected or social group rather than used as a generic insult.,0.7,stultifiers,[]
insults_lexicon,insults_lexicon_en.txt,plaza2020detecting;bassignana2018hurtlex,dense,,general_insult_cue,A general insult or derogatory cue matched; check whether it is directed at a protected or social group rather than used as a generic insult.,0.7,dense,[]
insults_lexicon,insults_lexicon_en.txt,plaza2020detecting;bassignana2018hurtlex,cretinisim,,general_insult_cue,A general insult or derogatory cue matched; check whether it is directed at a protected or social group rather than used as a generic insult.,0.7,cretinisim,[]
insults_lexicon,insults_lexicon_en.txt,plaza2020detecting;bassignana2018hurtlex,prater,,general_insult_cue,A general insult or derogatory cue matched; check whether it is directed at a protected or social group rather than used as a generic insult.,0.7,prater,[]
insults_lexicon,insults_lexicon_en.txt,plaza2020detecting;bassignana2018hurtlex,twirp,,general_insult_cue,A general insult or derogatory cue matched; check whether it is directed at a protected or social group rather than used as a generic insult.,0.7,twirp,[]
insults_lexicon,insults_lexicon_en.txt,plaza2020detecting;bassignana2018hurtlex,uneducated person,,general_insult_cue,A general insult or derogatory cue matched; check whether it is directed at a protected or social group rather than used as a generic insult.,0.7,uneducated person,[]
insults_lexicon,insults_lexicon_en.txt,plaza2020detecting;bassignana2018hurtlex,barbarously,,general_insult_cue,A general insult or derogatory cue matched; check whether it is directed at a protected or social group rather than used as a generic insult.,0.7,barbarously,[]
insults_lexicon,insults_lexicon_en.txt,plaza2020detecting;bassignana2018hurtlex,shit-for-brains,,general_insult_cue,A general insult or derogatory cue matched; check whether it is directed at a protected or social group rather than used as a generic insult.,0.7,shit-for-brains,[]
insults_lexicon,insults_lexicon_en.txt,plaza2020detecting;bassignana2018hurtlex,boob,,general_insult_cue,A general insult or derogatory cue matched; check whether it is directed at a protected or social group rather than used as a generic insult.,0.7,boob,[]
insults_lexicon,insults_lexicon_en.txt,plaza2020detecting;bassignana2018hurtlex,subnormality,,general_insult_cue,A general insult or derogatory cue matched; check whether it is directed at a protected or social group rather than used as a generic insult.,0.7,subnormality,[]
insults_lexicon,insults_lexicon_en.txt,plaza2020detecting;bassignana2018hurtlex,quacksalver,,general_insult_cue,A general insult or derogatory cue matched; check whether it is directed at a protected or social group rather than used as a generic insult.,0.7,quacksalver,[]
insults_lexicon,insults_lexicon_en.txt,plaza2020detecting;bassignana2018hurtlex,stupidest,,general_insult_cue,A general insult or derogatory cue matched; check whether it is directed at a protected or social group rather than used as a generic insult.,0.7,stupidest,[]
insults_lexicon,insults_lexicon_en.txt,plaza2020detecting;bassignana2018hurtlex,prince adam,,general_insult_cue,A general insult or derogatory cue matched; check whether it is directed at a protected or social group rather than used as a generic insult.,0.7,prince adam,[]
insults_lexicon,insults_lexicon_en.txt,plaza2020detecting;bassignana2018hurtlex,cuckoo,,general_insult_cue,A general insult or derogatory cue matched; check whether it is directed at a protected or social group rather than used as a generic insult.,0.7,cuckoo,[]
insults_lexicon,insults_lexicon_en.txt,plaza2020detecting;bassignana2018hurtlex,macrocephalous,,general_insult_cue,A general insult or derogatory cue matched; check whether it is directed at a protected or social group rather than used as a generic insult.,0.7,macrocephalous,[]
insults_lexicon,insults_lexicon_en.txt,plaza2020detecting;bassignana2018hurtlex,nonesense,,general_insult_cue,A general insult or derogatory cue matched; check whether it is directed at a protected or social group rather than used as a generic insult.,0.7,nonesense,[]
insults_lexicon,insults_lexicon_en.txt,plaza2020detecting;bassignana2018hurtlex,metazoon,,general_insult_cue,A general insult or derogatory cue matched; check whether it is directed at a protected or social group rather than used as a generic insult.,0.7,metazoon,[]
insults_lexicon,insults_lexicon_en.txt,plaza2020detecting;bassignana2018hurtlex,blabber,,general_insult_cue,A general insult or derogatory cue matched; check whether it is directed at a protected or social group rather than used as a generic insult.,0.7,blabber,[]
insults_lexicon,insults_lexicon_en.txt,plaza2020detecting;bassignana2018hurtlex,dupe,,general_insult_cue,A general insult or derogatory cue matched; check whether it is directed at a protected or social group rather than used as a generic insult.,0.7,dupe,[]
insults_lexicon,insults_lexicon_en.txt,plaza2020detecting;bassignana2018hurtlex,ditzy,,general_insult_cue,A general insult or derogatory cue matched; check whether it is directed at a protected or social group rather than used as a generic insult.,0.7,ditzy,[]
insults_lexicon,insults_lexicon_en.txt,plaza2020detecting;bassignana2018hurtlex,infantile,,general_insult_cue,A general insult or derogatory cue matched; check whether it is directed at a protected or social group rather than used as a generic insult.,0.7,infantile,[]
insults_lexicon,insults_lexicon_en.txt,plaza2020detecting;bassignana2018hurtlex,mentally deficient,,general_insult_cue,A general insult or derogatory cue matched; check whether it is directed at a protected or social group rather than used as a generic insult.,0.7,mentally deficient,[]
insults_lexicon,insults_lexicon_en.txt,plaza2020detecting;bassignana2018hurtlex,medicaster,,general_insult_cue,A general insult or derogatory cue matched; check whether it is directed at a protected or social group rather than used as a generic insult.,0.7,medicaster,[]
insults_lexicon,insults_lexicon_en.txt,plaza2020detecting;bassignana2018hurtlex,zany,,general_insult_cue,A general insult or derogatory cue matched; check whether it is directed at a protected or social group rather than used as a generic insult.,0.7,zany,[]
insults_lexicon,insults_lexicon_en.txt,plaza2020detecting;bassignana2018hurtlex,tasteless,,general_insult_cue,A general insult or derogatory cue matched; check whether it is directed at a protected or social group rather than used as a generic insult.,0.7,tasteless,[]
insults_lexicon,insults_lexicon_en.txt,plaza2020detecting;bassignana2018hurtlex,stumbler,,general_insult_cue,A general insult or derogatory cue matched; check whether it is directed at a protected or social group rather than used as a generic insult.,0.7,stumbler,[]
insults_lexicon,insults_lexicon_en.txt,plaza2020detecting;bassignana2018hurtlex,goof,,general_insult_cue,A general insult or derogatory cue matched; check whether it is directed at a protected or social group rather than used as a generic insult.,0.7,goof,[]
insults_lexicon,insults_lexicon_en.txt,plaza2020detecting;bassignana2018hurtlex,doofus,,general_insult_cue,A general insult or derogatory cue matched; check whether it is directed at a protected or social group rather than used as a generic insult.,0.7,doofus,[]
insults_lexicon,insults_lexicon_en.txt,plaza2020detecting;bassignana2018hurtlex,tyke,,general_insult_cue,A general insult or derogatory cue matched; check whether it is directed at a protected or social group rather than used as a generic insult.,0.7,tyke,[]
insults_lexicon,insults_lexicon_en.txt,plaza2020detecting;bassignana2018hurtlex,dull,,general_insult_cue,A general insult or derogatory cue matched; check whether it is directed at a protected or social group rather than used as a generic insult.,0.7,dull,[]
insults_lexicon,insults_lexicon_en.txt,plaza2020detecting;bassignana2018hurtlex,guest of her majesty,,general_insult_cue,A general insult or derogatory cue matched; check whether it is directed at a protected or social group rather than used as a generic insult.,0.7,guest of her majesty,[]
insults_lexicon,insults_lexicon_en.txt,plaza2020detecting;bassignana2018hurtlex,analphabet,,general_insult_cue,A general insult or derogatory cue matched; check whether it is directed at a protected or social group rather than used as a generic insult.,0.7,analphabet,[]
insults_lexicon,insults_lexicon_en.txt,plaza2020detecting;bassignana2018hurtlex,fathead,,general_insult_cue,A general insult or derogatory cue matched; check whether it is directed at a protected or social group rather than used as a generic insult.,0.7,fathead,[]
insults_lexicon,insults_lexicon_en.txt,plaza2020detecting;bassignana2018hurtlex,microcephalus,,general_insult_cue,A general insult or derogatory cue matched; check whether it is directed at a protected or social group rather than used as a generic insult.,0.7,microcephalus,[]
insults_lexicon,insults_lexicon_en.txt,plaza2020detecting;bassignana2018hurtlex,barbarity,,general_insult_cue,A general insult or derogatory cue matched; check whether it is directed at a protected or social group rather than used as a generic insult.,0.7,barbarity,[]
insults_lexicon,insults_lexicon_en.txt,plaza2020detecting;bassignana2018hurtlex,bastard,,general_insult_cue,A general insult or derogatory cue matched; check whether it is directed at a protected or social group rather than used as a generic insult.,0.7,bastard,[]
insults_lexicon,insults_lexicon_en.txt,plaza2020detecting;bassignana2018hurtlex,quackery,,general_insult_cue,A general insult or derogatory cue matched; check whether it is directed at a protected or social group rather than used as a generic insult.,0.7,quackery,[]
insults_lexicon,insults_lexicon_en.txt,plaza2020detecting;bassignana2018hurtlex,motherfucker,,general_insult_cue,A general insult or derogatory cue matched; check whether it is directed at a protected or social group rather than used as a generic insult.,0.7,motherfucker,[]
insults_lexicon,insults_lexicon_en.txt,plaza2020detecting;bassignana2018hurtlex,arse,,general_insult_cue,A general insult or derogatory cue matched; check whether it is directed at a protected or social group rather than used as a generic insult.,0.7,arse,[]
insults_lexicon,insults_lexicon_en.txt,plaza2020detecting;bassignana2018hurtlex,charlitain,,general_insult_cue,A general insult or derogatory cue matched; check whether it is directed at a protected or social group rather than used as a generic insult.,0.7,charlitain,[]
insults_lexicon,insults_lexicon_en.txt,plaza2020detecting;bassignana2018hurtlex,assmole,,general_insult_cue,A general insult or derogatory cue matched; check whether it is directed at a protected or social group rather than used as a generic insult.,0.7,assmole,[]
insults_lexicon,insults_lexicon_en.txt,plaza2020detecting;bassignana2018hurtlex,animal,,general_insult_cue,A general insult or derogatory cue matched; check whether it is directed at a protected or social group rather than used as a generic insult.,0.7,animal,[]
insults_lexicon,insults_lexicon_en.txt,plaza2020detecting;bassignana2018hurtlex,mongool,,general_insult_cue,A general insult or derogatory cue matched; check whether it is directed at a protected or social group rather than used as a generic insult.,0.7,mongool,[]
insults_lexicon,insults_lexicon_en.txt,plaza2020detecting;bassignana2018hurtlex,prick,,general_insult_cue,A general insult or derogatory cue matched; check whether it is directed at a protected or social group rather than used as a generic insult.,0.7,prick,[]
insults_lexicon,insults_lexicon_en.txt,plaza2020detecting;bassignana2018hurtlex,wolf,,general_insult_cue,A general insult or derogatory cue matched; check whether it is directed at a protected or social group rather than used as a generic insult.,0.7,wolf,[]
insults_lexicon,insults_lexicon_en.txt,plaza2020detecting;bassignana2018hurtlex,moronity,,general_insult_cue,A general insult or derogatory cue matched; check whether it is directed at a protected or social group rather than used as a generic insult.,0.7,moronity,[]
insults_lexicon,insults_lexicon_en.txt,plaza2020detecting;bassignana2018hurtlex,birin,,general_insult_cue,A general insult or derogatory cue matched; check whether it is directed at a protected or social group rather than used as a generic insult.,0.7,birin,[]
insults_lexicon,insults_lexicon_en.txt,plaza2020detecting;bassignana2018hurtlex,bunghole,,general_insult_cue,A general insult or derogatory cue matched; check whether it is directed at a protected or social group rather than used as a generic insult.,0.7,bunghole,[]
insults_lexicon,insults_lexicon_en.txt,plaza2020detecting;bassignana2018hurtlex,motherfather,,general_insult_cue,A general insult or derogatory cue matched; check whether it is directed at a protected or social group rather than used as a generic insult.,0.7,motherfather,[]
insults_lexicon,insults_lexicon_en.txt,plaza2020detecting;bassignana2018hurtlex,doltish,,general_insult_cue,A general insult or derogatory cue matched; check whether it is directed at a protected or social group rather than used as a generic insult.,0.7,doltish,[]
insults_lexicon,insults_lexicon_en.txt,plaza2020detecting;bassignana2018hurtlex,assclown,,general_insult_cue,A general insult or derogatory cue matched; check whether it is directed at a protected or social group rather than used as a generic insult.,0.7,assclown,[]
insults_lexicon,insults_lexicon_en.txt,plaza2020detecting;bassignana2018hurtlex,fatuous,,general_insult_cue,A general insult or derogatory cue matched; check whether it is directed at a protected or social group rather than used as a generic insult.,0.7,fatuous,[]
insults_lexicon,insults_lexicon_en.txt,plaza2020detecting;bassignana2018hurtlex,ass-hole,,general_insult_cue,A general insult or derogatory cue matched; check whether it is directed at a protected or social group rather than used as a generic insult.,0.7,ass-hole,[]
misogyny_lexicon,misogyny_lexicon_en.txt,plaza2020detecting;bassignana2018hurtlex,courtisanerie,,misogyny_or_gendered_offense_cue,"A misogyny-related or gendered offensive lexical cue matched; check whether the meme targets women or gender identity through objectification, inferiority, or sexualized insult.",0.9,courtisanerie,[]
misogyny_lexicon,misogyny_lexicon_en.txt,plaza2020detecting;bassignana2018hurtlex,beyotch,,misogyny_or_gendered_offense_cue,"A misogyny-related or gendered offensive lexical cue matched; check whether the meme targets women or gender identity through objectification, inferiority, or sexualized insult.",0.9,beyotch,[]
misogyny_lexicon,misogyny_lexicon_en.txt,plaza2020detecting;bassignana2018hurtlex,sluttish,,misogyny_or_gendered_offense_cue,"A misogyny-related or gendered offensive lexical cue matched; check whether the meme targets women or gender identity through objectification, inferiority, or sexualized insult.",0.9,sluttish,[]
misogyny_lexicon,misogyny_lexicon_en.txt,plaza2020detecting;bassignana2018hurtlex,female sex workers,,misogyny_or_gendered_offense_cue,"A misogyny-related or gendered offensive lexical cue matched; check whether the meme targets women or gender identity through objectification, inferiority, or sexualized insult.",0.9,female sex workers,[]
misogyny_lexicon,misogyny_lexicon_en.txt,plaza2020detecting;bassignana2018hurtlex,prostitude,,misogyny_or_gendered_offense_cue,"A misogyny-related or gendered offensive lexical cue matched; check whether the meme targets women or gender identity through objectification, inferiority, or sexualized insult.",0.9,prostitude,[]
misogyny_lexicon,misogyny_lexicon_en.txt,plaza2020detecting;bassignana2018hurtlex,whoremongers,,misogyny_or_gendered_offense_cue,"A misogyny-related or gendered offensive lexical cue matched; check whether the meme targets women or gender identity through objectification, inferiority, or sexualized insult.",0.9,whoremongers,[]
misogyny_lexicon,misogyny_lexicon_en.txt,plaza2020detecting;bassignana2018hurtlex,loose woman,,misogyny_or_gendered_offense_cue,"A misogyny-related or gendered offensive lexical cue matched; check whether the meme targets women or gender identity through objectification, inferiority, or sexualized insult.",0.9,loose woman,[]
misogyny_lexicon,misogyny_lexicon_en.txt,plaza2020detecting;bassignana2018hurtlex,street girl,,misogyny_or_gendered_offense_cue,"A misogyny-related or gendered offensive lexical cue matched; check whether the meme targets women or gender identity through objectification, inferiority, or sexualized insult.",0.9,street girl,[]
misogyny_lexicon,misogyny_lexicon_en.txt,plaza2020detecting;bassignana2018hurtlex,moth,,misogyny_or_gendered_offense_cue,"A misogyny-related or gendered offensive lexical cue matched; check whether the meme targets women or gender identity through objectification, inferiority, or sexualized insult.",0.9,moth,[]
misogyny_lexicon,misogyny_lexicon_en.txt,plaza2020detecting;bassignana2018hurtlex,kerb-crawler,,misogyny_or_gendered_offense_cue,"A misogyny-related or gendered offensive lexical cue matched; check whether the meme targets women or gender identity through objectification, inferiority, or sexualized insult.",0.9,kerb-crawler,[]
misogyny_lexicon,misogyny_lexicon_en.txt,plaza2020detecting;bassignana2018hurtlex,kerb crawling,,misogyny_or_gendered_offense_cue,"A misogyny-related or gendered offensive lexical cue matched; check whether the meme targets women or gender identity through objectification, inferiority, or sexualized insult.",0.9,kerb crawling,[]
misogyny_lexicon,misogyny_lexicon_en.txt,plaza2020detecting;bassignana2018hurtlex,lampyris bellieri,,misogyny_or_gendered_offense_cue,"A misogyny-related or gendered offensive lexical cue matched; check whether the meme targets women or gender identity through objectification, inferiority, or sexualized insult.",0.9,lampyris bellieri,[]
misogyny_lexicon,misogyny_lexicon_en.txt,plaza2020detecting;bassignana2018hurtlex,moo-cow,,misogyny_or_gendered_offense_cue,"A misogyny-related or gendered offensive lexical cue matched; check whether the meme targets women or gender identity through objectification, inferiority, or sexualized insult.",0.9,moo-cow,[]
misogyny_lexicon,misogyny_lexicon_en.txt,plaza2020detecting;bassignana2018hurtlex,kerbcrawling,,misogyny_or_gendered_offense_cue,"A misogyny-related or gendered offensive lexical cue matched; check whether the meme targets women or gender identity through objectification, inferiority, or sexualized insult.",0.9,kerbcrawling,[]
misogyny_lexicon,misogyny_lexicon_en.txt,plaza2020detecting;bassignana2018hurtlex,courtisane,,misogyny_or_gendered_offense_cue,"A misogyny-related or gendered offensive lexical cue matched; check whether the meme targets women or gender identity through objectification, inferiority, or sexualized insult.",0.9,courtisane,[]
misogyny_lexicon,misogyny_lexicon_en.txt,plaza2020detecting;bassignana2018hurtlex,sluttishly,,misogyny_or_gendered_offense_cue,"A misogyny-related or gendered offensive lexical cue matched; check whether the meme targets women or gender identity through objectification, inferiority, or sexualized insult.",0.9,sluttishly,[]
misogyny_lexicon,misogyny_lexicon_en.txt,plaza2020detecting;bassignana2018hurtlex,cow,,misogyny_or_gendered_offense_cue,"A misogyny-related or gendered offensive lexical cue matched; check whether the meme targets women or gender identity through objectification, inferiority, or sexualized insult.",0.9,cow,[]
misogyny_lexicon,misogyny_lexicon_en.txt,plaza2020detecting;bassignana2018hurtlex,bawd,,misogyny_or_gendered_offense_cue,"A misogyny-related or gendered offensive lexical cue matched; check whether the meme targets women or gender identity through objectification, inferiority, or sexualized insult.",0.9,bawd,[]
misogyny_lexicon,misogyny_lexicon_en.txt,plaza2020detecting;bassignana2018hurtlex,trollop,,misogyny_or_gendered_offense_cue,"A misogyny-related or gendered offensive lexical cue matched; check whether the meme targets women or gender identity through objectification, inferiority, or sexualized insult.",0.9,trollop,[]
misogyny_lexicon,misogyny_lexicon_en.txt,plaza2020detecting;bassignana2018hurtlex,woman of the street,,misogyny_or_gendered_offense_cue,"A misogyny-related or gendered offensive lexical cue matched; check whether the meme targets women or gender identity through objectification, inferiority, or sexualized insult.",0.9,woman of the street,[]
misogyny_lexicon,misogyny_lexicon_en.txt,plaza2020detecting;bassignana2018hurtlex,prostitutes,,misogyny_or_gendered_offense_cue,"A misogyny-related or gendered offensive lexical cue matched; check whether the meme targets women or gender identity through objectification, inferiority, or sexualized insult.",0.9,prostitutes,[]
misogyny_lexicon,misogyny_lexicon_en.txt,plaza2020detecting;bassignana2018hurtlex,persons involved in the sex trade,,misogyny_or_gendered_offense_cue,"A misogyny-related or gendered offensive lexical cue matched; check whether the meme targets women or gender identity through objectification, inferiority, or sexualized insult.",0.9,persons involved in the sex trade,[]
misogyny_lexicon,misogyny_lexicon_en.txt,plaza2020detecting;bassignana2018hurtlex,grande horizontale,,misogyny_or_gendered_offense_cue,"A misogyny-related or gendered offensive lexical cue matched; check whether the meme targets women or gender identity through objectification, inferiority, or sexualized insult.",0.9,grande horizontale,[]
misogyny_lexicon,misogyny_lexicon_en.txt,plaza2020detecting;bassignana2018hurtlex,slovenly woman,,misogyny_or_gendered_offense_cue,"A misogyny-related or gendered offensive lexical cue matched; check whether the meme targets women or gender identity through objectification, inferiority, or sexualized insult.",0.9,slovenly woman,[]
misogyny_lexicon,misogyny_lexicon_en.txt,plaza2020detecting;bassignana2018hurtlex,paramour,,misogyny_or_gendered_offense_cue,"A misogyny-related or gendered offensive lexical cue matched; check whether the meme targets women or gender identity through objectification, inferiority, or sexualized insult.",0.9,paramour,[]
misogyny_lexicon,misogyny_lexicon_en.txt,plaza2020detecting;bassignana2018hurtlex,crack ho,,misogyny_or_gendered_offense_cue,"A misogyny-related or gendered offensive lexical cue matched; check whether the meme targets women or gender identity through objectification, inferiority, or sexualized insult.",0.9,crack ho,[]
misogyny_lexicon,misogyny_lexicon_en.txt,plaza2020detecting;bassignana2018hurtlex,hooking,,misogyny_or_gendered_offense_cue,"A misogyny-related or gendered offensive lexical cue matched; check whether the meme targets women or gender identity through objectification, inferiority, or sexualized insult.",0.9,hooking,[]
misogyny_lexicon,misogyny_lexicon_en.txt,plaza2020detecting;bassignana2018hurtlex,hetaerism,,misogyny_or_gendered_offense_cue,"A misogyny-related or gendered offensive lexical cue matched; check whether the meme targets women or gender identity through objectification, inferiority, or sexualized insult.",0.9,hetaerism,[]
misogyny_lexicon,misogyny_lexicon_en.txt,plaza2020detecting;bassignana2018hurtlex,heterai,,misogyny_or_gendered_offense_cue,"A misogyny-related or gendered offensive lexical cue matched; check whether the meme targets women or gender identity through objectification, inferiority, or sexualized insult.",0.9,heterai,[]
misogyny_lexicon,misogyny_lexicon_en.txt,plaza2020detecting;bassignana2018hurtlex,slutteries,,misogyny_or_gendered_offense_cue,"A misogyny-related or gendered offensive lexical cue matched; check whether the meme targets women or gender identity through objectification, inferiority, or sexualized insult.",0.9,slutteries,[]
misogyny_lexicon,misogyny_lexicon_en.txt,plaza2020detecting;bassignana2018hurtlex,heteara,,misogyny_or_gendered_offense_cue,"A misogyny-related or gendered offensive lexical cue matched; check whether the meme targets women or gender identity through objectification, inferiority, or sexualized insult.",0.9,heteara,[]
misogyny_lexicon,misogyny_lexicon_en.txt,plaza2020detecting;bassignana2018hurtlex,prostitute,,misogyny_or_gendered_offense_cue,"A misogyny-related or gendered offensive lexical cue matched; check whether the meme targets women or gender identity through objectification, inferiority, or sexualized insult.",0.9,prostitute,[]
misogyny_lexicon,misogyny_lexicon_en.txt,plaza2020detecting;bassignana2018hurtlex,street walkers,,misogyny_or_gendered_offense_cue,"A misogyny-related or gendered offensive lexical cue matched; check whether the meme targets women or gender identity through objectification, inferiority, or sexualized insult.",0.9,street walkers,[]
misogyny_lexicon,misogyny_lexicon_en.txt,plaza2020detecting;bassignana2018hurtlex,oldest profession,,misogyny_or_gendered_offense_cue,"A misogyny-related or gendered offensive lexical cue matched; check whether the meme targets women or gender identity through objectification, inferiority, or sexualized insult.",0.9,oldest profession,[]
misogyny_lexicon,misogyny_lexicon_en.txt,plaza2020detecting;bassignana2018hurtlex,jade,,misogyny_or_gendered_offense_cue,"A misogyny-related or gendered offensive lexical cue matched; check whether the meme targets women or gender identity through objectification, inferiority, or sexualized insult.",0.9,jade,[]
misogyny_lexicon,misogyny_lexicon_en.txt,plaza2020detecting;bassignana2018hurtlex,bitch,,misogyny_or_gendered_offense_cue,"A misogyny-related or gendered offensive lexical cue matched; check whether the meme targets women or gender identity through objectification, inferiority, or sexualized insult.",0.9,bitch,[]
misogyny_lexicon,misogyny_lexicon_en.txt,plaza2020detecting;bassignana2018hurtlex,cunt,,misogyny_or_gendered_offense_cue,"A misogyny-related or gendered offensive lexical cue matched; check whether the meme targets women or gender identity through objectification, inferiority, or sexualized insult.",0.9,cunt,[]
misogyny_lexicon,misogyny_lexicon_en.txt,plaza2020detecting;bassignana2018hurtlex,strumpets,,misogyny_or_gendered_offense_cue,"A misogyny-related or gendered offensive lexical cue matched; check whether the meme targets women or gender identity through objectification, inferiority, or sexualized insult.",0.9,strumpets,[]
misogyny_lexicon,misogyny_lexicon_en.txt,plaza2020detecting;bassignana2018hurtlex,bitch-slap,,misogyny_or_gendered_offense_cue,"A misogyny-related or gendered offensive lexical cue matched; check whether the meme targets women or gender identity through objectification, inferiority, or sexualized insult.",0.9,bitch-slap,[]
misogyny_lexicon,misogyny_lexicon_en.txt,plaza2020detecting;bassignana2018hurtlex,whore-mongering,,misogyny_or_gendered_offense_cue,"A misogyny-related or gendered offensive lexical cue matched; check whether the meme targets women or gender identity through objectification, inferiority, or sexualized insult.",0.9,whore-mongering,[]
misogyny_lexicon,misogyny_lexicon_en.txt,plaza2020detecting;bassignana2018hurtlex,concubinage,,misogyny_or_gendered_offense_cue,"A misogyny-related or gendered offensive lexical cue matched; check whether the meme targets women or gender identity through objectification, inferiority, or sexualized insult.",0.9,concubinage,[]
misogyny_lexicon,misogyny_lexicon_en.txt,plaza2020detecting;bassignana2018hurtlex,floozy,,misogyny_or_gendered_offense_cue,"A misogyny-related or gendered offensive lexical cue matched; check whether the meme targets women or gender identity through objectification, inferiority, or sexualized insult.",0.9,floozy,[]
misogyny_lexicon,misogyny_lexicon_en.txt,plaza2020detecting;bassignana2018hurtlex,hierodulai,,misogyny_or_gendered_offense_cue,"A misogyny-related or gendered offensive lexical cue matched; check whether the meme targets women or gender identity through objectification, inferiority, or sexualized insult.",0.9,hierodulai,[]
misogyny_lexicon,misogyny_lexicon_en.txt,plaza2020detecting;bassignana2018hurtlex,floosie,,misogyny_or_gendered_offense_cue,"A misogyny-related or gendered offensive lexical cue matched; check whether the meme targets women or gender identity through objectification, inferiority, or sexualized insult.",0.9,floosie,[]
misogyny_lexicon,misogyny_lexicon_en.txt,plaza2020detecting;bassignana2018hurtlex,whored,,misogyny_or_gendered_offense_cue,"A misogyny-related or gendered offensive lexical cue matched; check whether the meme targets women or gender identity through objectification, inferiority, or sexualized insult.",0.9,whored,[]
misogyny_lexicon,misogyny_lexicon_en.txt,plaza2020detecting;bassignana2018hurtlex,mongering,,misogyny_or_gendered_offense_cue,"A misogyny-related or gendered offensive lexical cue matched; check whether the meme targets women or gender identity through objectification, inferiority, or sexualized insult.",0.9,mongering,[]
misogyny_lexicon,misogyny_lexicon_en.txt,plaza2020detecting;bassignana2018hurtlex,meretricious,,misogyny_or_gendered_offense_cue,"A misogyny-related or gendered offensive lexical cue matched; check whether the meme targets women or gender identity through objectification, inferiority, or sexualized insult.",0.9,meretricious,[]
misogyny_lexicon,misogyny_lexicon_en.txt,plaza2020detecting;bassignana2018hurtlex,hetairai,,misogyny_or_gendered_offense_cue,"A misogyny-related or gendered offensive lexical cue matched; check whether the meme targets women or gender identity through objectification, inferiority, or sexualized insult.",0.9,hetairai,[]
misogyny_lexicon,misogyny_lexicon_en.txt,plaza2020detecting;bassignana2018hurtlex,whores,,misogyny_or_gendered_offense_cue,"A misogyny-related or gendered offensive lexical cue matched; check whether the meme targets women or gender identity through objectification, inferiority, or sexualized insult.",0.9,whores,[]
misogyny_lexicon,misogyny_lexicon_en.txt,plaza2020detecting;bassignana2018hurtlex,slutpuppy,,misogyny_or_gendered_offense_cue,"A misogyny-related or gendered offensive lexical cue matched; check whether the meme targets women or gender identity through objectification, inferiority, or sexualized insult.",0.9,slutpuppy,[]
misogyny_lexicon,misogyny_lexicon_en.txt,plaza2020detecting;bassignana2018hurtlex,whoredom,,misogyny_or_gendered_offense_cue,"A misogyny-related or gendered offensive lexical cue matched; check whether the meme targets women or gender identity through objectification, inferiority, or sexualized insult.",0.9,whoredom,[]
misogyny_lexicon,misogyny_lexicon_en.txt,plaza2020detecting;bassignana2018hurtlex,concubin,,misogyny_or_gendered_offense_cue,"A misogyny-related or gendered offensive lexical cue matched; check whether the meme targets women or gender identity through objectification, inferiority, or sexualized insult.",0.9,concubin,[]
misogyny_lexicon,misogyny_lexicon_en.txt,plaza2020detecting;bassignana2018hurtlex,quean,,misogyny_or_gendered_offense_cue,"A misogyny-related or gendered offensive lexical cue matched; check whether the meme targets women or gender identity through objectification, inferiority, or sexualized insult.",0.9,quean,[]
misogyny_lexicon,misogyny_lexicon_en.txt,plaza2020detecting;bassignana2018hurtlex,tart,,misogyny_or_gendered_offense_cue,"A misogyny-related or gendered offensive lexical cue matched; check whether the meme targets women or gender identity through objectification, inferiority, or sexualized insult.",0.9,tart,[]
misogyny_lexicon,misogyny_lexicon_en.txt,plaza2020detecting;bassignana2018hurtlex,whoremongering,,misogyny_or_gendered_offense_cue,"A misogyny-related or gendered offensive lexical cue matched; check whether the meme targets women or gender identity through objectification, inferiority, or sexualized insult.",0.9,whoremongering,[]
misogyny_lexicon,misogyny_lexicon_en.txt,plaza2020detecting;bassignana2018hurtlex,sluttishness,,misogyny_or_gendered_offense_cue,"A misogyny-related or gendered offensive lexical cue matched; check whether the meme targets women or gender identity through objectification, inferiority, or sexualized insult.",0.9,sluttishness,[]
misogyny_lexicon,misogyny_lexicon_en.txt,plaza2020detecting;bassignana2018hurtlex,meretriciously,,misogyny_or_gendered_offense_cue,"A misogyny-related or gendered offensive lexical cue matched; check whether the meme targets women or gender identity through objectification, inferiority, or sexualized insult.",0.9,meretriciously,[]
misogyny_lexicon,misogyny_lexicon_en.txt,plaza2020detecting;bassignana2018hurtlex,society hostess,,misogyny_or_gendered_offense_cue,"A misogyny-related or gendered offensive lexical cue matched; check whether the meme targets women or gender identity through objectification, inferiority, or sexualized insult.",0.9,society hostess,[]
misogyny_lexicon,misogyny_lexicon_en.txt,plaza2020detecting;bassignana2018hurtlex,kerb crawlers,,misogyny_or_gendered_offense_cue,"A misogyny-related or gendered offensive lexical cue matched; check whether the meme targets women or gender identity through objectification, inferiority, or sexualized insult.",0.9,kerb crawlers,[]
misogyny_lexicon,misogyny_lexicon_en.txt,plaza2020detecting;bassignana2018hurtlex,sluttiness,,misogyny_or_gendered_offense_cue,"A misogyny-related or gendered offensive lexical cue matched; check whether the meme targets women or gender identity through objectification, inferiority, or sexualized insult.",0.9,sluttiness,[]
misogyny_lexicon,misogyny_lexicon_en.txt,plaza2020detecting;bassignana2018hurtlex,hussy,,misogyny_or_gendered_offense_cue,"A misogyny-related or gendered offensive lexical cue matched; check whether the meme targets women or gender identity through objectification, inferiority, or sexualized insult.",0.9,hussy,[]
misogyny_lexicon,misogyny_lexicon_en.txt,plaza2020detecting;bassignana2018hurtlex,streetwalking,,misogyny_or_gendered_offense_cue,"A misogyny-related or gendered offensive lexical cue matched; check whether the meme targets women or gender identity through objectification, inferiority, or sexualized insult.",0.9,streetwalking,[]
misogyny_lexicon,misogyny_lexicon_en.txt,plaza2020detecting;bassignana2018hurtlex,streetwalker,,misogyny_or_gendered_offense_cue,"A misogyny-related or gendered offensive lexical cue matched; check whether the meme targets women or gender identity through objectification, inferiority, or sexualized insult.",0.9,streetwalker,[]
misogyny_lexicon,misogyny_lexicon_en.txt,plaza2020detecting;bassignana2018hurtlex,prositution,,misogyny_or_gendered_offense_cue,"A misogyny-related or gendered offensive lexical cue matched; check whether the meme targets women or gender identity through objectification, inferiority, or sexualized insult.",0.9,prositution,[]
misogyny_lexicon,misogyny_lexicon_en.txt,plaza2020detecting;bassignana2018hurtlex,mistress,,misogyny_or_gendered_offense_cue,"A misogyny-related or gendered offensive lexical cue matched; check whether the meme targets women or gender identity through objectification, inferiority, or sexualized insult.",0.9,mistress,[]
misogyny_lexicon,misogyny_lexicon_en.txt,plaza2020detecting;bassignana2018hurtlex,concubines,,misogyny_or_gendered_offense_cue,"A misogyny-related or gendered offensive lexical cue matched; check whether the meme targets women or gender identity through objectification, inferiority, or sexualized insult.",0.9,concubines,[]
misogyny_lexicon,misogyny_lexicon_en.txt,plaza2020detecting;bassignana2018hurtlex,prostitution,,misogyny_or_gendered_offense_cue,"A misogyny-related or gendered offensive lexical cue matched; check whether the meme targets women or gender identity through objectification, inferiority, or sexualized insult.",0.9,prostitution,[]
misogyny_lexicon,misogyny_lexicon_en.txt,plaza2020detecting;bassignana2018hurtlex,beeves,,misogyny_or_gendered_offense_cue,"A misogyny-related or gendered offensive lexical cue matched; check whether the meme targets women or gender identity through objectification, inferiority, or sexualized insult.",0.9,beeves,[]
misogyny_lexicon,misogyny_lexicon_en.txt,plaza2020detecting;bassignana2018hurtlex,strumpet,,misogyny_or_gendered_offense_cue,"A misogyny-related or gendered offensive lexical cue matched; check whether the meme targets women or gender identity through objectification, inferiority, or sexualized insult.",0.9,strumpet,[]
misogyny_lexicon,misogyny_lexicon_en.txt,plaza2020detecting;bassignana2018hurtlex,cows,,misogyny_or_gendered_offense_cue,"A misogyny-related or gendered offensive lexical cue matched; check whether the meme targets women or gender identity through objectification, inferiority, or sexualized insult.",0.9,cows,[]
misogyny_lexicon,misogyny_lexicon_en.txt,plaza2020detecting;bassignana2018hurtlex,slutiness,,misogyny_or_gendered_offense_cue,"A misogyny-related or gendered offensive lexical cue matched; check whether the meme targets women or gender identity through objectification, inferiority, or sexualized insult.",0.9,slutiness,[]
misogyny_lexicon,misogyny_lexicon_en.txt,plaza2020detecting;bassignana2018hurtlex,hookers,,misogyny_or_gendered_offense_cue,"A misogyny-related or gendered offensive lexical cue matched; check whether the meme targets women or gender identity through objectification, inferiority, or sexualized insult.",0.9,hookers,[]
misogyny_lexicon,misogyny_lexicon_en.txt,plaza2020detecting;bassignana2018hurtlex,hoe,,misogyny_or_gendered_offense_cue,"A misogyny-related or gendered offensive lexical cue matched; check whether the meme targets women or gender identity through objectification, inferiority, or sexualized insult.",0.9,hoe,[]
misogyny_lexicon,misogyny_lexicon_en.txt,plaza2020detecting;bassignana2018hurtlex,bitchiness,,misogyny_or_gendered_offense_cue,"A misogyny-related or gendered offensive lexical cue matched; check whether the meme targets women or gender identity through objectification, inferiority, or sexualized insult.",0.9,bitchiness,[]
misogyny_lexicon,misogyny_lexicon_en.txt,plaza2020detecting;bassignana2018hurtlex,hooker,,misogyny_or_gendered_offense_cue,"A misogyny-related or gendered offensive lexical cue matched; check whether the meme targets women or gender identity through objectification, inferiority, or sexualized insult.",0.9,hooker,[]
misogyny_lexicon,misogyny_lexicon_en.txt,plaza2020detecting;bassignana2018hurtlex,kine,,misogyny_or_gendered_offense_cue,"A misogyny-related or gendered offensive lexical cue matched; check whether the meme targets women or gender identity through objectification, inferiority, or sexualized insult.",0.9,kine,[]
misogyny_lexicon,misogyny_lexicon_en.txt,plaza2020detecting;bassignana2018hurtlex,glow-worm,,misogyny_or_gendered_offense_cue,"A misogyny-related or gendered offensive lexical cue matched; check whether the meme targets women or gender identity through objectification, inferiority, or sexualized insult.",0.9,glow-worm,[]
misogyny_lexicon,misogyny_lexicon_en.txt,plaza2020detecting;bassignana2018hurtlex,harlots,,misogyny_or_gendered_offense_cue,"A misogyny-related or gendered offensive lexical cue matched; check whether the meme targets women or gender identity through objectification, inferiority, or sexualized insult.",0.9,harlots,[]
misogyny_lexicon,misogyny_lexicon_en.txt,plaza2020detecting;bassignana2018hurtlex,hetaera,,misogyny_or_gendered_offense_cue,"A misogyny-related or gendered offensive lexical cue matched; check whether the meme targets women or gender identity through objectification, inferiority, or sexualized insult.",0.9,hetaera,[]
misogyny_lexicon,misogyny_lexicon_en.txt,plaza2020detecting;bassignana2018hurtlex,kerbcrawl,,misogyny_or_gendered_offense_cue,"A misogyny-related or gendered offensive lexical cue matched; check whether the meme targets women or gender identity through objectification, inferiority, or sexualized insult.",0.9,kerbcrawl,[]
misogyny_lexicon,misogyny_lexicon_en.txt,plaza2020detecting;bassignana2018hurtlex,fornicatress,,misogyny_or_gendered_offense_cue,"A misogyny-related or gendered offensive lexical cue matched; check whether the meme targets women or gender identity through objectification, inferiority, or sexualized insult.",0.9,fornicatress,[]
misogyny_lexicon,misogyny_lexicon_en.txt,plaza2020detecting;bassignana2018hurtlex,concubinial,,misogyny_or_gendered_offense_cue,"A misogyny-related or gendered offensive lexical cue matched; check whether the meme targets women or gender identity through objectification, inferiority, or sexualized insult.",0.9,concubinial,[]
misogyny_lexicon,misogyny_lexicon_en.txt,plaza2020detecting;bassignana2018hurtlex,whoring,,misogyny_or_gendered_offense_cue,"A misogyny-related or gendered offensive lexical cue matched; check whether the meme targets women or gender identity through objectification, inferiority, or sexualized insult.",0.9,whoring,[]
misogyny_lexicon,misogyny_lexicon_en.txt,plaza2020detecting;bassignana2018hurtlex,whoor,,misogyny_or_gendered_offense_cue,"A misogyny-related or gendered offensive lexical cue matched; check whether the meme targets women or gender identity through objectification, inferiority, or sexualized insult.",0.9,whoor,[]
misogyny_lexicon,misogyny_lexicon_en.txt,plaza2020detecting;bassignana2018hurtlex,courtier,,misogyny_or_gendered_offense_cue,"A misogyny-related or gendered offensive lexical cue matched; check whether the meme targets women or gender identity through objectification, inferiority, or sexualized insult.",0.9,courtier,[]
misogyny_lexicon,misogyny_lexicon_en.txt,plaza2020detecting;bassignana2018hurtlex,harlot,,misogyny_or_gendered_offense_cue,"A misogyny-related or gendered offensive lexical cue matched; check whether the meme targets women or gender identity through objectification, inferiority, or sexualized insult.",0.9,harlot,[]
misogyny_lexicon,misogyny_lexicon_en.txt,plaza2020detecting;bassignana2018hurtlex,slutte,,misogyny_or_gendered_offense_cue,"A misogyny-related or gendered offensive lexical cue matched; check whether the meme targets women or gender identity through objectification, inferiority, or sexualized insult.",0.9,slutte,[]
misogyny_lexicon,misogyny_lexicon_en.txt,plaza2020detecting;bassignana2018hurtlex,punter,,misogyny_or_gendered_offense_cue,"A misogyny-related or gendered offensive lexical cue matched; check whether the meme targets women or gender identity through objectification, inferiority, or sexualized insult.",0.9,punter,[]
misogyny_lexicon,misogyny_lexicon_en.txt,plaza2020detecting;bassignana2018hurtlex,stenomys,,misogyny_or_gendered_offense_cue,"A misogyny-related or gendered offensive lexical cue matched; check whether the meme targets women or gender identity through objectification, inferiority, or sexualized insult.",0.9,stenomys,[]
misogyny_lexicon,misogyny_lexicon_en.txt,plaza2020detecting;bassignana2018hurtlex,guff,,misogyny_or_gendered_offense_cue,"A misogyny-related or gendered offensive lexical cue matched; check whether the meme targets women or gender identity through objectification, inferiority, or sexualized insult.",0.9,guff,[]
misogyny_lexicon,misogyny_lexicon_en.txt,plaza2020detecting;bassignana2018hurtlex,slag,,misogyny_or_gendered_offense_cue,"A misogyny-related or gendered offensive lexical cue matched; check whether the meme targets women or gender identity through objectification, inferiority, or sexualized insult.",0.9,slag,[]
misogyny_lexicon,misogyny_lexicon_en.txt,plaza2020detecting;bassignana2018hurtlex,slatternliness,,misogyny_or_gendered_offense_cue,"A misogyny-related or gendered offensive lexical cue matched; check whether the meme targets women or gender identity through objectification, inferiority, or sexualized insult.",0.9,slatternliness,[]
misogyny_lexicon,misogyny_lexicon_en.txt,plaza2020detecting;bassignana2018hurtlex,cattle,,misogyny_or_gendered_offense_cue,"A misogyny-related or gendered offensive lexical cue matched; check whether the meme targets women or gender identity through objectification, inferiority, or sexualized insult.",0.9,cattle,[]
misogyny_lexicon,misogyny_lexicon_en.txt,plaza2020detecting;bassignana2018hurtlex,horcwenan,,misogyny_or_gendered_offense_cue,"A misogyny-related or gendered offensive lexical cue matched; check whether the meme targets women or gender identity through objectification, inferiority, or sexualized insult.",0.9,horcwenan,[]
misogyny_lexicon,misogyny_lexicon_en.txt,plaza2020detecting;bassignana2018hurtlex,adulteress,,misogyny_or_gendered_offense_cue,"A misogyny-related or gendered offensive lexical cue matched; check whether the meme targets women or gender identity through objectification, inferiority, or sexualized insult.",0.9,adulteress,[]
misogyny_lexicon,misogyny_lexicon_en.txt,plaza2020detecting;bassignana2018hurtlex,rot,,misogyny_or_gendered_offense_cue,"A misogyny-related or gendered offensive lexical cue matched; check whether the meme targets women or gender identity through objectification, inferiority, or sexualized insult.",0.9,rot,[]
misogyny_lexicon,misogyny_lexicon_en.txt,plaza2020detecting;bassignana2018hurtlex,cortisan,,misogyny_or_gendered_offense_cue,"A misogyny-related or gendered offensive lexical cue matched; check whether the meme targets women or gender identity through objectification, inferiority, or sexualized insult.",0.9,cortisan,[]
misogyny_lexicon,misogyny_lexicon_en.txt,plaza2020detecting;bassignana2018hurtlex,courtesans,,misogyny_or_gendered_offense_cue,"A misogyny-related or gendered offensive lexical cue matched; check whether the meme targets women or gender identity through objectification, inferiority, or sexualized insult.",0.9,courtesans,[]
misogyny_lexicon,misogyny_lexicon_en.txt,plaza2020detecting;bassignana2018hurtlex,floozie,,misogyny_or_gendered_offense_cue,"A misogyny-related or gendered offensive lexical cue matched; check whether the meme targets women or gender identity through objectification, inferiority, or sexualized insult.",0.9,floozie,[]
misogyny_lexicon,misogyny_lexicon_en.txt,plaza2020detecting;bassignana2018hurtlex,queans,,misogyny_or_gendered_offense_cue,"A misogyny-related or gendered offensive lexical cue matched; check whether the meme targets women or gender identity through objectification, inferiority, or sexualized insult.",0.9,queans,[]
misogyny_lexicon,misogyny_lexicon_en.txt,plaza2020detecting;bassignana2018hurtlex,crackwhore,,misogyny_or_gendered_offense_cue,"A misogyny-related or gendered offensive lexical cue matched; check whether the meme targets women or gender identity through objectification, inferiority, or sexualized insult.",0.9,crackwhore,[]
misogyny_lexicon,misogyny_lexicon_en.txt,plaza2020detecting;bassignana2018hurtlex,courtisan,,misogyny_or_gendered_offense_cue,"A misogyny-related or gendered offensive lexical cue matched; check whether the meme targets women or gender identity through objectification, inferiority, or sexualized insult.",0.9,courtisan,[]
misogyny_lexicon,misogyny_lexicon_en.txt,plaza2020detecting;bassignana2018hurtlex,moths,,misogyny_or_gendered_offense_cue,"A misogyny-related or gendered offensive lexical cue matched; check whether the meme targets women or gender identity through objectification, inferiority, or sexualized insult.",0.9,moths,[]
misogyny_lexicon,misogyny_lexicon_en.txt,plaza2020detecting;bassignana2018hurtlex,street walker,,misogyny_or_gendered_offense_cue,"A misogyny-related or gendered offensive lexical cue matched; check whether the meme targets women or gender identity through objectification, inferiority, or sexualized insult.",0.9,street walker,[]
misogyny_lexicon,misogyny_lexicon_en.txt,plaza2020detecting;bassignana2018hurtlex,meretrices,,misogyny_or_gendered_offense_cue,"A misogyny-related or gendered offensive lexical cue matched; check whether the meme targets women or gender identity through objectification, inferiority, or sexualized insult.",0.9,meretrices,[]
misogyny_lexicon,misogyny_lexicon_en.txt,plaza2020detecting;bassignana2018hurtlex,slutty,,misogyny_or_gendered_offense_cue,"A misogyny-related or gendered offensive lexical cue matched; check whether the meme targets women or gender identity through objectification, inferiority, or sexualized insult.",0.9,slutty,[]
misogyny_lexicon,misogyny_lexicon_en.txt,plaza2020detecting;bassignana2018hurtlex,glowworm,,misogyny_or_gendered_offense_cue,"A misogyny-related or gendered offensive lexical cue matched; check whether the meme targets women or gender identity through objectification, inferiority, or sexualized insult.",0.9,glowworm,[]
misogyny_lexicon,misogyny_lexicon_en.txt,plaza2020detecting;bassignana2018hurtlex,working girl,,misogyny_or_gendered_offense_cue,"A misogyny-related or gendered offensive lexical cue matched; check whether the meme targets women or gender identity through objectification, inferiority, or sexualized insult.",0.9,working girl,[]
misogyny_lexicon,misogyny_lexicon_en.txt,plaza2020detecting;bassignana2018hurtlex,turning tricks,,misogyny_or_gendered_offense_cue,"A misogyny-related or gendered offensive lexical cue matched; check whether the meme targets women or gender identity through objectification, inferiority, or sexualized insult.",0.9,turning tricks,[]
misogyny_lexicon,misogyny_lexicon_en.txt,plaza2020detecting;bassignana2018hurtlex,concubitancy,,misogyny_or_gendered_offense_cue,"A misogyny-related or gendered offensive lexical cue matched; check whether the meme targets women or gender identity through objectification, inferiority, or sexualized insult.",0.9,concubitancy,[]
misogyny_lexicon,misogyny_lexicon_en.txt,plaza2020detecting;bassignana2018hurtlex,slutting,,misogyny_or_gendered_offense_cue,"A misogyny-related or gendered offensive lexical cue matched; check whether the meme targets women or gender identity through objectification, inferiority, or sexualized insult.",0.9,slutting,[]
misogyny_lexicon,misogyny_lexicon_en.txt,plaza2020detecting;bassignana2018hurtlex,ringie,,misogyny_or_gendered_offense_cue,"A misogyny-related or gendered offensive lexical cue matched; check whether the meme targets women or gender identity through objectification, inferiority, or sexualized insult.",0.9,ringie,[]
misogyny_lexicon,misogyny_lexicon_en.txt,plaza2020detecting;bassignana2018hurtlex,meretrix,,misogyny_or_gendered_offense_cue,"A misogyny-related or gendered offensive lexical cue matched; check whether the meme targets women or gender identity through objectification, inferiority, or sexualized insult.",0.9,meretrix,[]
misogyny_lexicon,misogyny_lexicon_en.txt,plaza2020detecting;bassignana2018hurtlex,socialite,,misogyny_or_gendered_offense_cue,"A misogyny-related or gendered offensive lexical cue matched; check whether the meme targets women or gender identity through objectification, inferiority, or sexualized insult.",0.9,socialite,[]
misogyny_lexicon,misogyny_lexicon_en.txt,plaza2020detecting;bassignana2018hurtlex,hellcat,,misogyny_or_gendered_offense_cue,"A misogyny-related or gendered offensive lexical cue matched; check whether the meme targets women or gender identity through objectification, inferiority, or sexualized insult.",0.9,hellcat,[]
misogyny_lexicon,misogyny_lexicon_en.txt,plaza2020detecting;bassignana2018hurtlex,fancy woman,,misogyny_or_gendered_offense_cue,"A misogyny-related or gendered offensive lexical cue matched; check whether the meme targets women or gender identity through objectification, inferiority, or sexualized insult.",0.9,fancy woman,[]
misogyny_lexicon,misogyny_lexicon_en.txt,plaza2020detecting;bassignana2018hurtlex,hogwash,,misogyny_or_gendered_offense_cue,"A misogyny-related or gendered offensive lexical cue matched; check whether the meme targets women or gender identity through objectification, inferiority, or sexualized insult.",0.9,hogwash,[]
misogyny_lexicon,misogyny_lexicon_en.txt,plaza2020detecting;bassignana2018hurtlex,hetaira,,misogyny_or_gendered_offense_cue,"A misogyny-related or gendered offensive lexical cue matched; check whether the meme targets women or gender identity through objectification, inferiority, or sexualized insult.",0.9,hetaira,[]
misogyny_lexicon,misogyny_lexicon_en.txt,plaza2020detecting;bassignana2018hurtlex,minor wife,,misogyny_or_gendered_offense_cue,"A misogyny-related or gendered offensive lexical cue matched; check whether the meme targets women or gender identity through objectification, inferiority, or sexualized insult.",0.9,minor wife,[]
misogyny_lexicon,misogyny_lexicon_en.txt,plaza2020detecting;bassignana2018hurtlex,vixen,,misogyny_or_gendered_offense_cue,"A misogyny-related or gendered offensive lexical cue matched; check whether the meme targets women or gender identity through objectification, inferiority, or sexualized insult.",0.9,vixen,[]
misogyny_lexicon,misogyny_lexicon_en.txt,plaza2020detecting;bassignana2018hurtlex,heteaerae,,misogyny_or_gendered_offense_cue,"A misogyny-related or gendered offensive lexical cue matched; check whether the meme targets women or gender identity through objectification, inferiority, or sexualized insult.",0.9,heteaerae,[]
misogyny_lexicon,misogyny_lexicon_en.txt,plaza2020detecting;bassignana2018hurtlex,sluttishnesses,,misogyny_or_gendered_offense_cue,"A misogyny-related or gendered offensive lexical cue matched; check whether the meme targets women or gender identity through objectification, inferiority, or sexualized insult.",0.9,sluttishnesses,[]
misogyny_lexicon,misogyny_lexicon_en.txt,plaza2020detecting;bassignana2018hurtlex,ten o'clock girl,,misogyny_or_gendered_offense_cue,"A misogyny-related or gendered offensive lexical cue matched; check whether the meme targets women or gender identity through objectification, inferiority, or sexualized insult.",0.9,ten o'clock girl,[]
misogyny_lexicon,misogyny_lexicon_en.txt,plaza2020detecting;bassignana2018hurtlex,cumbag,,misogyny_or_gendered_offense_cue,"A misogyny-related or gendered offensive lexical cue matched; check whether the meme targets women or gender identity through objectification, inferiority, or sexualized insult.",0.9,cumbag,[]
misogyny_lexicon,misogyny_lexicon_en.txt,plaza2020detecting;bassignana2018hurtlex,socialites,,misogyny_or_gendered_offense_cue,"A misogyny-related or gendered offensive lexical cue matched; check whether the meme targets women or gender identity through objectification, inferiority, or sexualized insult.",0.9,socialites,[]
misogyny_lexicon,misogyny_lexicon_en.txt,plaza2020detecting;bassignana2018hurtlex,alley cat,,misogyny_or_gendered_offense_cue,"A misogyny-related or gendered offensive lexical cue matched; check whether the meme targets women or gender identity through objectification, inferiority, or sexualized insult.",0.9,alley cat,[]
misogyny_lexicon,misogyny_lexicon_en.txt,plaza2020detecting;bassignana2018hurtlex,whore-monger,,misogyny_or_gendered_offense_cue,"A misogyny-related or gendered offensive lexical cue matched; check whether the meme targets women or gender identity through objectification, inferiority, or sexualized insult.",0.9,whore-monger,[]
misogyny_lexicon,misogyny_lexicon_en.txt,plaza2020detecting;bassignana2018hurtlex,tender parnel,,misogyny_or_gendered_offense_cue,"A misogyny-related or gendered offensive lexical cue matched; check whether the meme targets women or gender identity through objectification, inferiority, or sexualized insult.",0.9,tender parnel,[]
misogyny_lexicon,misogyny_lexicon_en.txt,plaza2020detecting;bassignana2018hurtlex,no money no honey,,misogyny_or_gendered_offense_cue,"A misogyny-related or gendered offensive lexical cue matched; check whether the meme targets women or gender identity through objectification, inferiority, or sexualized insult.",0.9,no money no honey,[]
misogyny_lexicon,misogyny_lexicon_en.txt,plaza2020detecting;bassignana2018hurtlex,whore-mongers,,misogyny_or_gendered_offense_cue,"A misogyny-related or gendered offensive lexical cue matched; check whether the meme targets women or gender identity through objectification, inferiority, or sexualized insult.",0.9,whore-mongers,[]
misogyny_lexicon,misogyny_lexicon_en.txt,plaza2020detecting;bassignana2018hurtlex,slutz,,misogyny_or_gendered_offense_cue,"A misogyny-related or gendered offensive lexical cue matched; check whether the meme targets women or gender identity through objectification, inferiority, or sexualized insult.",0.9,slutz,[]
misogyny_lexicon,misogyny_lexicon_en.txt,plaza2020detecting;bassignana2018hurtlex,oxen,,misogyny_or_gendered_offense_cue,"A misogyny-related or gendered offensive lexical cue matched; check whether the meme targets women or gender identity through objectification, inferiority, or sexualized insult.",0.9,oxen,[]
misogyny_lexicon,misogyny_lexicon_en.txt,plaza2020detecting;bassignana2018hurtlex,whore,,misogyny_or_gendered_offense_cue,"A misogyny-related or gendered offensive lexical cue matched; check whether the meme targets women or gender identity through objectification, inferiority, or sexualized insult.",0.9,whore,[]
misogyny_lexicon,misogyny_lexicon_en.txt,plaza2020detecting;bassignana2018hurtlex,gende,,misogyny_or_gendered_offense_cue,"A misogyny-related or gendered offensive lexical cue matched; check whether the meme targets women or gender identity through objectification, inferiority, or sexualized insult.",0.9,gende,[]
misogyny_lexicon,misogyny_lexicon_en.txt,plaza2020detecting;bassignana2018hurtlex,goomar,,misogyny_or_gendered_offense_cue,"A misogyny-related or gendered offensive lexical cue matched; check whether the meme targets women or gender identity through objectification, inferiority, or sexualized insult.",0.9,goomar,[]
misogyny_lexicon,misogyny_lexicon_en.txt,plaza2020detecting;bassignana2018hurtlex,moo unit,,misogyny_or_gendered_offense_cue,"A misogyny-related or gendered offensive lexical cue matched; check whether the meme targets women or gender identity through objectification, inferiority, or sexualized insult.",0.9,moo unit,[]
misogyny_lexicon,misogyny_lexicon_en.txt,plaza2020detecting;bassignana2018hurtlex,slut,,misogyny_or_gendered_offense_cue,"A misogyny-related or gendered offensive lexical cue matched; check whether the meme targets women or gender identity through objectification, inferiority, or sexualized insult.",0.9,slut,[]
misogyny_lexicon,misogyny_lexicon_en.txt,plaza2020detecting;bassignana2018hurtlex,odalisque,,misogyny_or_gendered_offense_cue,"A misogyny-related or gendered offensive lexical cue matched; check whether the meme targets women or gender identity through objectification, inferiority, or sexualized insult.",0.9,odalisque,[]
misogyny_lexicon,misogyny_lexicon_en.txt,plaza2020detecting;bassignana2018hurtlex,loitering with intent,,misogyny_or_gendered_offense_cue,"A misogyny-related or gendered offensive lexical cue matched; check whether the meme targets women or gender identity through objectification, inferiority, or sexualized insult.",0.9,loitering with intent,[]
misogyny_lexicon,misogyny_lexicon_en.txt,plaza2020detecting;bassignana2018hurtlex,sluttery,,misogyny_or_gendered_offense_cue,"A misogyny-related or gendered offensive lexical cue matched; check whether the meme targets women or gender identity through objectification, inferiority, or sexualized insult.",0.9,sluttery,[]
misogyny_lexicon,misogyny_lexicon_en.txt,plaza2020detecting;bassignana2018hurtlex,hetaerae,,misogyny_or_gendered_offense_cue,"A misogyny-related or gendered offensive lexical cue matched; check whether the meme targets women or gender identity through objectification, inferiority, or sexualized insult.",0.9,hetaerae,[]
misogyny_lexicon,misogyny_lexicon_en.txt,plaza2020detecting;bassignana2018hurtlex,slatterns,,misogyny_or_gendered_offense_cue,"A misogyny-related or gendered offensive lexical cue matched; check whether the meme targets women or gender identity through objectification, inferiority, or sexualized insult.",0.9,slatterns,[]
misogyny_lexicon,misogyny_lexicon_en.txt,plaza2020detecting;bassignana2018hurtlex,concubine,,misogyny_or_gendered_offense_cue,"A misogyny-related or gendered offensive lexical cue matched; check whether the meme targets women or gender identity through objectification, inferiority, or sexualized insult.",0.9,concubine,[]
misogyny_lexicon,misogyny_lexicon_en.txt,plaza2020detecting;bassignana2018hurtlex,kept woman,,misogyny_or_gendered_offense_cue,"A misogyny-related or gendered offensive lexical cue matched; check whether the meme targets women or gender identity through objectification, inferiority, or sexualized insult.",0.9,kept woman,[]
misogyny_lexicon,misogyny_lexicon_en.txt,plaza2020detecting;bassignana2018hurtlex,courtesan,,misogyny_or_gendered_offense_cue,"A misogyny-related or gendered offensive lexical cue matched; check whether the meme targets women or gender identity through objectification, inferiority, or sexualized insult.",0.9,courtesan,[]
misogyny_lexicon,misogyny_lexicon_en.txt,plaza2020detecting;bassignana2018hurtlex,slatternly,,misogyny_or_gendered_offense_cue,"A misogyny-related or gendered offensive lexical cue matched; check whether the meme targets women or gender identity through objectification, inferiority, or sexualized insult.",0.9,slatternly,[]
misogyny_lexicon,misogyny_lexicon_en.txt,plaza2020detecting;bassignana2018hurtlex,harlotry,,misogyny_or_gendered_offense_cue,"A misogyny-related or gendered offensive lexical cue matched; check whether the meme targets women or gender identity through objectification, inferiority, or sexualized insult.",0.9,harlotry,[]
misogyny_lexicon,misogyny_lexicon_en.txt,plaza2020detecting;bassignana2018hurtlex,bunkum,,misogyny_or_gendered_offense_cue,"A misogyny-related or gendered offensive lexical cue matched; check whether the meme targets women or gender identity through objectification, inferiority, or sexualized insult.",0.9,bunkum,[]
misogyny_lexicon,misogyny_lexicon_en.txt,plaza2020detecting;bassignana2018hurtlex,buncombe,,misogyny_or_gendered_offense_cue,"A misogyny-related or gendered offensive lexical cue matched; check whether the meme targets women or gender identity through objectification, inferiority, or sexualized insult.",0.9,buncombe,[]
misogyny_lexicon,misogyny_lexicon_en.txt,plaza2020detecting;bassignana2018hurtlex,rattus rattus domesticus,,misogyny_or_gendered_offense_cue,"A misogyny-related or gendered offensive lexical cue matched; check whether the meme targets women or gender identity through objectification, inferiority, or sexualized insult.",0.9,rattus rattus domesticus,[]
misogyny_lexicon,misogyny_lexicon_en.txt,plaza2020detecting;bassignana2018hurtlex,cockmonger,,misogyny_or_gendered_offense_cue,"A misogyny-related or gendered offensive lexical cue matched; check whether the meme targets women or gender identity through objectification, inferiority, or sexualized insult.",0.9,cockmonger,[]
misogyny_lexicon,misogyny_lexicon_en.txt,plaza2020detecting;bassignana2018hurtlex,sluts,,misogyny_or_gendered_offense_cue,"A misogyny-related or gendered offensive lexical cue matched; check whether the meme targets women or gender identity through objectification, inferiority, or sexualized insult.",0.9,sluts,[]
misogyny_lexicon,misogyny_lexicon_en.txt,plaza2020detecting;bassignana2018hurtlex,harpy,,misogyny_or_gendered_offense_cue,"A misogyny-related or gendered offensive lexical cue matched; check whether the meme targets women or gender identity through objectification, inferiority, or sexualized insult.",0.9,harpy,[]
misogyny_lexicon,misogyny_lexicon_en.txt,plaza2020detecting;bassignana2018hurtlex,gunmoll,,misogyny_or_gendered_offense_cue,"A misogyny-related or gendered offensive lexical cue matched; check whether the meme targets women or gender identity through objectification, inferiority, or sexualized insult.",0.9,gunmoll,[]
misogyny_lexicon,misogyny_lexicon_en.txt,plaza2020detecting;bassignana2018hurtlex,floosy,,misogyny_or_gendered_offense_cue,"A misogyny-related or gendered offensive lexical cue matched; check whether the meme targets women or gender identity through objectification, inferiority, or sexualized insult.",0.9,floosy,[]
misogyny_lexicon,misogyny_lexicon_en.txt,plaza2020detecting;bassignana2018hurtlex,folderol,,misogyny_or_gendered_offense_cue,"A misogyny-related or gendered offensive lexical cue matched; check whether the meme targets women or gender identity through objectification, inferiority, or sexualized insult.",0.9,folderol,[]
misogyny_lexicon,misogyny_lexicon_en.txt,plaza2020detecting;bassignana2018hurtlex,coo-yon,,misogyny_or_gendered_offense_cue,"A misogyny-related or gendered offensive lexical cue matched; check whether the meme targets women or gender identity through objectification, inferiority, or sexualized insult.",0.9,coo-yon,[]
misogyny_lexicon,misogyny_lexicon_en.txt,plaza2020detecting;bassignana2018hurtlex,muff,,misogyny_or_gendered_offense_cue,"A misogyny-related or gendered offensive lexical cue matched; check whether the meme targets women or gender identity through objectification, inferiority, or sexualized insult.",0.9,muff,[]
misogyny_lexicon,misogyny_lexicon_en.txt,plaza2020detecting;bassignana2018hurtlex,trumpery,,misogyny_or_gendered_offense_cue,"A misogyny-related or gendered offensive lexical cue matched; check whether the meme targets women or gender identity through objectification, inferiority, or sexualized insult.",0.9,trumpery,[]
misogyny_lexicon,misogyny_lexicon_en.txt,plaza2020detecting;bassignana2018hurtlex,puss,,misogyny_or_gendered_offense_cue,"A misogyny-related or gendered offensive lexical cue matched; check whether the meme targets women or gender identity through objectification, inferiority, or sexualized insult.",0.9,puss,[]
misogyny_lexicon,misogyny_lexicon_en.txt,plaza2020detecting;bassignana2018hurtlex,dope,,misogyny_or_gendered_offense_cue,"A misogyny-related or gendered offensive lexical cue matched; check whether the meme targets women or gender identity through objectification, inferiority, or sexualized insult.",0.9,dope,[]
misogyny_lexicon,misogyny_lexicon_en.txt,plaza2020detecting;bassignana2018hurtlex,vagina,,misogyny_or_gendered_offense_cue,"A misogyny-related or gendered offensive lexical cue matched; check whether the meme targets women or gender identity through objectification, inferiority, or sexualized insult.",0.9,vagina,[]
misogyny_lexicon,misogyny_lexicon_en.txt,plaza2020detecting;bassignana2018hurtlex,papa chester,,misogyny_or_gendered_offense_cue,"A misogyny-related or gendered offensive lexical cue matched; check whether the meme targets women or gender identity through objectification, inferiority, or sexualized insult.",0.9,papa chester,[]
misogyny_lexicon,misogyny_lexicon_en.txt,plaza2020detecting;bassignana2018hurtlex,shaven haven,,misogyny_or_gendered_offense_cue,"A misogyny-related or gendered offensive lexical cue matched; check whether the meme targets women or gender identity through objectification, inferiority, or sexualized insult.",0.9,shaven haven,[]
misogyny_lexicon,misogyny_lexicon_en.txt,plaza2020detecting;bassignana2018hurtlex,cunts,,misogyny_or_gendered_offense_cue,"A misogyny-related or gendered offensive lexical cue matched; check whether the meme targets women or gender identity through objectification, inferiority, or sexualized insult.",0.9,cunts,[]
misogyny_lexicon,misogyny_lexicon_en.txt,plaza2020detecting;bassignana2018hurtlex,muttonhead,,misogyny_or_gendered_offense_cue,"A misogyny-related or gendered offensive lexical cue matched; check whether the meme targets women or gender identity through objectification, inferiority, or sexualized insult.",0.9,muttonhead,[]
misogyny_lexicon,misogyny_lexicon_en.txt,plaza2020detecting;bassignana2018hurtlex,soft touch,,misogyny_or_gendered_offense_cue,"A misogyny-related or gendered offensive lexical cue matched; check whether the meme targets women or gender identity through objectification, inferiority, or sexualized insult.",0.9,soft touch,[]
misogyny_lexicon,misogyny_lexicon_en.txt,plaza2020detecting;bassignana2018hurtlex,skirt,,misogyny_or_gendered_offense_cue,"A misogyny-related or gendered offensive lexical cue matched; check whether the meme targets women or gender identity through objectification, inferiority, or sexualized insult.",0.9,skirt,[]
misogyny_lexicon,misogyny_lexicon_en.txt,plaza2020detecting;bassignana2018hurtlex,vaginae,,misogyny_or_gendered_offense_cue,"A misogyny-related or gendered offensive lexical cue matched; check whether the meme targets women or gender identity through objectification, inferiority, or sexualized insult.",0.9,vaginae,[]
misogyny_lexicon,misogyny_lexicon_en.txt,plaza2020detecting;bassignana2018hurtlex,codswallop,,misogyny_or_gendered_offense_cue,"A misogyny-related or gendered offensive lexical cue matched; check whether the meme targets women or gender identity through objectification, inferiority, or sexualized insult.",0.9,codswallop,[]
misogyny_lexicon,misogyny_lexicon_en.txt,plaza2020detecting;bassignana2018hurtlex,crotch hair,,misogyny_or_gendered_offense_cue,"A misogyny-related or gendered offensive lexical cue matched; check whether the meme targets women or gender identity through objectification, inferiority, or sexualized insult.",0.9,crotch hair,[]
misogyny_lexicon,misogyny_lexicon_en.txt,plaza2020detecting;bassignana2018hurtlex,cunt-splice,,misogyny_or_gendered_offense_cue,"A misogyny-related or gendered offensive lexical cue matched; check whether the meme targets women or gender identity through objectification, inferiority, or sexualized insult.",0.9,cunt-splice,[]
misogyny_lexicon,misogyny_lexicon_en.txt,plaza2020detecting;bassignana2018hurtlex,doll,,misogyny_or_gendered_offense_cue,"A misogyny-related or gendered offensive lexical cue matched; check whether the meme targets women or gender identity through objectification, inferiority, or sexualized insult.",0.9,doll,[]
misogyny_lexicon,misogyny_lexicon_en.txt,plaza2020detecting;bassignana2018hurtlex,vaginas,,misogyny_or_gendered_offense_cue,"A misogyny-related or gendered offensive lexical cue matched; check whether the meme targets women or gender identity through objectification, inferiority, or sexualized insult.",0.9,vaginas,[]
misogyny_lexicon,misogyny_lexicon_en.txt,plaza2020detecting;bassignana2018hurtlex,slit,,misogyny_or_gendered_offense_cue,"A misogyny-related or gendered offensive lexical cue matched; check whether the meme targets women or gender identity through objectification, inferiority, or sexualized insult.",0.9,slit,[]
misogyny_lexicon,misogyny_lexicon_en.txt,plaza2020detecting;bassignana2018hurtlex,bird,,misogyny_or_gendered_offense_cue,"A misogyny-related or gendered offensive lexical cue matched; check whether the meme targets women or gender identity through objectification, inferiority, or sexualized insult.",0.9,bird,[]
misogyny_lexicon,misogyny_lexicon_en.txt,plaza2020detecting;bassignana2018hurtlex,booby,,misogyny_or_gendered_offense_cue,"A misogyny-related or gendered offensive lexical cue matched; check whether the meme targets women or gender identity through objectification, inferiority, or sexualized insult.",0.9,booby,[]
misogyny_lexicon,misogyny_lexicon_en.txt,plaza2020detecting;bassignana2018hurtlex,bush,,misogyny_or_gendered_offense_cue,"A misogyny-related or gendered offensive lexical cue matched; check whether the meme targets women or gender identity through objectification, inferiority, or sexualized insult.",0.9,bush,[]
misogyny_lexicon,misogyny_lexicon_en.txt,plaza2020detecting;bassignana2018hurtlex,pubic triangle,,misogyny_or_gendered_offense_cue,"A misogyny-related or gendered offensive lexical cue matched; check whether the meme targets women or gender identity through objectification, inferiority, or sexualized insult.",0.9,pubic triangle,[]
misogyny_lexicon,misogyny_lexicon_en.txt,plaza2020detecting;bassignana2018hurtlex,vegina,,misogyny_or_gendered_offense_cue,"A misogyny-related or gendered offensive lexical cue matched; check whether the meme targets women or gender identity through objectification, inferiority, or sexualized insult.",0.9,vegina,[]
misogyny_lexicon,misogyny_lexicon_en.txt,plaza2020detecting;bassignana2018hurtlex,baby,,misogyny_or_gendered_offense_cue,"A misogyny-related or gendered offensive lexical cue matched; check whether the meme targets women or gender identity through objectification, inferiority, or sexualized insult.",0.9,baby,[]
misogyny_lexicon,misogyny_lexicon_en.txt,plaza2020detecting;bassignana2018hurtlex,chick,,misogyny_or_gendered_offense_cue,"A misogyny-related or gendered offensive lexical cue matched; check whether the meme targets women or gender identity through objectification, inferiority, or sexualized insult.",0.9,chick,[]
misogyny_lexicon,misogyny_lexicon_en.txt,plaza2020detecting;bassignana2018hurtlex,snatch,,misogyny_or_gendered_offense_cue,"A misogyny-related or gendered offensive lexical cue matched; check whether the meme targets women or gender identity through objectification, inferiority, or sexualized insult.",0.9,snatch,[]
misogyny_lexicon,misogyny_lexicon_en.txt,plaza2020detecting;bassignana2018hurtlex,twat,,misogyny_or_gendered_offense_cue,"A misogyny-related or gendered offensive lexical cue matched; check whether the meme targets women or gender identity through objectification, inferiority, or sexualized insult.",0.9,twat,[]
misogyny_lexicon,misogyny_lexicon_en.txt,plaza2020detecting;bassignana2018hurtlex,pussy,,misogyny_or_gendered_offense_cue,"A misogyny-related or gendered offensive lexical cue matched; check whether the meme targets women or gender identity through objectification, inferiority, or sexualized insult.",0.9,pussy,[]
misogyny_lexicon,misogyny_lexicon_en.txt,plaza2020detecting;bassignana2018hurtlex,babe,,misogyny_or_gendered_offense_cue,"A misogyny-related or gendered offensive lexical cue matched; check whether the meme targets women or gender identity through objectification, inferiority, or sexualized insult.",0.9,babe,[]
misogyny_lexicon,misogyny_lexicon_en.txt,plaza2020detecting;bassignana2018hurtlex,dame,,misogyny_or_gendered_offense_cue,"A misogyny-related or gendered offensive lexical cue matched; check whether the meme targets women or gender identity through objectification, inferiority, or sexualized insult.",0.9,dame,[]
MOL,mol.csv,vargas2024mol,rotten,,mol_context_dependent_offensive,MOL marks this as context-dependent offensive language; check image-text context before treating it as harmful.,0.65,rotten,[]
MOL,mol.csv,vargas2024mol,fuckfest,,mol_context_independent_offensive,MOL marks this as a mostly context-independent offensive lexical item; check whether it is used to attack a person or group in the meme.,0.8,fuckfest,[]
MOL,mol.csv,vargas2024mol,asshole,,mol_context_dependent_offensive,MOL marks this as context-dependent offensive language; check image-text context before treating it as harmful.,0.65,asshole,[]
MOL,mol.csv,vargas2024mol,out on your ass,,mol_context_independent_offensive,MOL marks this as a mostly context-independent offensive lexical item; check whether it is used to attack a person or group in the meme.,0.8,out on your ass,[]
MOL,mol.csv,vargas2024mol,degenerate,,mol_context_independent_offensive,MOL marks this as a mostly context-independent offensive lexical item; check whether it is used to attack a person or group in the meme.,0.8,degenerate,[]
MOL,mol.csv,vargas2024mol,slut,,mol_target_sexism,MOL marks this lexical item as related to a hate/offense target category; check whether the meme targets that group in context.,0.9,slut,[]
MOL,mol.csv,vargas2024mol,stupid,,mol_context_independent_offensive,MOL marks this as a mostly context-independent offensive lexical item; check whether it is used to attack a person or group in the meme.,0.8,stupid,[]
MOL,mol.csv,vargas2024mol,jerk,,mol_context_independent_offensive,MOL marks this as a mostly context-independent offensive lexical item; check whether it is used to attack a person or group in the meme.,0.8,jerk,[]
MOL,mol.csv,vargas2024mol,son of a bitch,,mol_context_independent_offensive,MOL marks this as a mostly context-independent offensive lexical item; check whether it is used to attack a person or group in the meme.,0.8,son of a bitch,[]
MOL,mol.csv,vargas2024mol,motherfucker,,mol_context_independent_offensive,MOL marks this as a mostly context-independent offensive lexical item; check whether it is used to attack a person or group in the meme.,0.8,motherfucker,[]
MOL,mol.csv,vargas2024mol,loser,,mol_context_dependent_offensive,MOL marks this as context-dependent offensive language; check image-text context before treating it as harmful.,0.65,loser,[]
MOL,mol.csv,vargas2024mol,dumbass,,mol_context_dependent_offensive,MOL marks this as context-dependent offensive language; check image-text context before treating it as harmful.,0.65,dumbass,[]
MOL,mol.csv,vargas2024mol,fuck it,,mol_context_independent_offensive,MOL marks this as a mostly context-independent offensive lexical item; check whether it is used to attack a person or group in the meme.,0.8,fuck it,[]
MOL,mol.csv,vargas2024mol,yuck,,mol_context_dependent_offensive,MOL marks this as context-dependent offensive language; check image-text context before treating it as harmful.,0.65,yuck,[]
MOL,mol.csv,vargas2024mol,garbage,,mol_context_dependent_offensive,MOL marks this as context-dependent offensive language; check image-text context before treating it as harmful.,0.65,garbage,[]
MOL,mol.csv,vargas2024mol,bastard,,mol_context_independent_offensive,MOL marks this as a mostly context-independent offensive lexical item; check whether it is used to attack a person or group in the meme.,0.8,bastard,[]
MOL,mol.csv,vargas2024mol,thug,,mol_context_independent_offensive,MOL marks this as a mostly context-independent offensive lexical item; check whether it is used to attack a person or group in the meme.,0.8,thug,[]
MOL,mol.csv,vargas2024mol,scorn,,mol_context_dependent_offensive,MOL marks this as context-dependent offensive language; check image-text context before treating it as harmful.,0.65,scorn,[]
MOL,mol.csv,vargas2024mol,cheater,,mol_context_independent_offensive,MOL marks this as a mostly context-independent offensive lexical item; check whether it is used to attack a person or group in the meme.,0.8,cheater,[]
MOL,mol.csv,vargas2024mol,damned,,mol_context_independent_offensive,MOL marks this as a mostly context-independent offensive lexical item; check whether it is used to attack a person or group in the meme.,0.8,damned,[]
MOL,mol.csv,vargas2024mol,0,,mol_target_partyism,MOL marks this lexical item as related to a hate/offense target category; check whether the meme targets that group in context.,0.9,0,[]
MOL,mol.csv,vargas2024mol,arse,,mol_context_independent_offensive,MOL marks this as a mostly context-independent offensive lexical item; check whether it is used to attack a person or group in the meme.,0.8,arse,[]
MOL,mol.csv,vargas2024mol,to drill,,mol_context_dependent_offensive,MOL marks this as context-dependent offensive language; check image-text context before treating it as harmful.,0.65,to drill,[]
MOL,mol.csv,vargas2024mol,fuck,,mol_context_independent_offensive,MOL marks this as a mostly context-independent offensive lexical item; check whether it is used to attack a person or group in the meme.,0.8,fuck,[]
MOL,mol.csv,vargas2024mol,fuck you,,mol_context_independent_offensive,MOL marks this as a mostly context-independent offensive lexical item; check whether it is used to attack a person or group in the meme.,0.8,fuck you,[]
MOL,mol.csv,vargas2024mol,fool,,mol_context_independent_offensive,MOL marks this as a mostly context-independent offensive lexical item; check whether it is used to attack a person or group in the meme.,0.8,fool,[]
MOL,mol.csv,vargas2024mol,militiamen,,mol_context_independent_offensive,MOL marks this as a mostly context-independent offensive lexical item; check whether it is used to attack a person or group in the meme.,0.8,militiamen,[]
MOL,mol.csv,vargas2024mol,parasite,,mol_context_dependent_offensive,MOL marks this as context-dependent offensive language; check image-text context before treating it as harmful.,0.65,parasite,[]
MOL,mol.csv,vargas2024mol,leech,,mol_context_dependent_offensive,MOL marks this as context-dependent offensive language; check image-text context before treating it as harmful.,0.65,leech,[]
MOL,mol.csv,vargas2024mol,ass kissers (adj) / to kiss someone's ass (v),,mol_context_independent_offensive,MOL marks this as a mostly context-independent offensive lexical item; check whether it is used to attack a person or group in the meme.,0.8,ass kissers (adj) / to kiss someone's ass (v),[]
MOL,mol.csv,vargas2024mol,creature,,mol_context_dependent_offensive,MOL marks this as context-dependent offensive language; check image-text context before treating it as harmful.,0.65,creature,[]
MOL,mol.csv,vargas2024mol,plague,,mol_context_dependent_offensive,MOL marks this as context-dependent offensive language; check image-text context before treating it as harmful.,0.65,plague,[]
MOL,mol.csv,vargas2024mol,thief,,mol_context_independent_offensive,MOL marks this as a mostly context-independent offensive lexical item; check whether it is used to attack a person or group in the meme.,0.8,thief,[]
MOL,mol.csv,vargas2024mol,manwhore,,mol_context_independent_offensive,MOL marks this as a mostly context-independent offensive lexical item; check whether it is used to attack a person or group in the meme.,0.8,manwhore,[]
MOL,mol.csv,vargas2024mol,disgusting,,mol_context_independent_offensive,MOL marks this as a mostly context-independent offensive lexical item; check whether it is used to attack a person or group in the meme.,0.8,disgusting,[]
MOL,mol.csv,vargas2024mol,worm,,mol_context_dependent_offensive,MOL marks this as context-dependent offensive language; check image-text context before treating it as harmful.,0.65,worm,[]
MOL,mol.csv,vargas2024mol,loser,,mol_context_independent_offensive,MOL marks this as a mostly context-independent offensive lexical item; check whether it is used to attack a person or group in the meme.,0.8,loser,[]
MOL,mol.csv,vargas2024mol,grunt,,mol_context_dependent_offensive,MOL marks this as context-dependent offensive language; check image-text context before treating it as harmful.,0.65,grunt,[]
MOL,mol.csv,vargas2024mol,piece of shit,,mol_context_independent_offensive,MOL marks this as a mostly context-independent offensive lexical item; check whether it is used to attack a person or group in the meme.,0.8,piece of shit,[]
MOL,mol.csv,vargas2024mol,dumbass / dumb / stupid,,mol_context_dependent_offensive,MOL marks this as context-dependent offensive language; check image-text context before treating it as harmful.,0.65,dumbass / dumb / stupid,[]
MOL,mol.csv,vargas2024mol,doom,,mol_context_dependent_offensive,MOL marks this as context-dependent offensive language; check image-text context before treating it as harmful.,0.65,doom,[]
MOL,mol.csv,vargas2024mol,damnit,,mol_context_dependent_offensive,MOL marks this as context-dependent offensive language; check image-text context before treating it as harmful.,0.65,damnit,[]
MOL,mol.csv,vargas2024mol,disgrace,,mol_context_dependent_offensive,MOL marks this as context-dependent offensive language; check image-text context before treating it as harmful.,0.65,disgrace,[]
MOL,mol.csv,vargas2024mol,libtard,,mol_target_partyism,MOL marks this lexical item as related to a hate/offense target category; check whether the meme targets that group in context.,0.9,libtard,[]
MOL,mol.csv,vargas2024mol,sleezy,,mol_context_independent_offensive,MOL marks this as a mostly context-independent offensive lexical item; check whether it is used to attack a person or group in the meme.,0.8,sleezy,[]
MOL,mol.csv,vargas2024mol,getting fucked in the ass,,mol_context_independent_offensive,MOL marks this as a mostly context-independent offensive lexical item; check whether it is used to attack a person or group in the meme.,0.8,getting fucked in the ass,[]
MOL,mol.csv,vargas2024mol,bogie,,mol_context_dependent_offensive,MOL marks this as context-dependent offensive language; check image-text context before treating it as harmful.,0.65,bogie,[]
MOL,mol.csv,vargas2024mol,donkey,,mol_context_dependent_offensive,MOL marks this as context-dependent offensive language; check image-text context before treating it as harmful.,0.65,donkey,[]
MOL,mol.csv,vargas2024mol,fucking garbage,,mol_context_independent_offensive,MOL marks this as a mostly context-independent offensive lexical item; check whether it is used to attack a person or group in the meme.,0.8,fucking garbage,[]
MOL,mol.csv,vargas2024mol,beast,,mol_context_dependent_offensive,MOL marks this as context-dependent offensive language; check image-text context before treating it as harmful.,0.65,beast,[]
MOL,mol.csv,vargas2024mol,crass,,mol_context_independent_offensive,MOL marks this as a mostly context-independent offensive lexical item; check whether it is used to attack a person or group in the meme.,0.8,crass,[]
MOL,mol.csv,vargas2024mol,repulsive,,mol_context_independent_offensive,MOL marks this as a mostly context-independent offensive lexical item; check whether it is used to attack a person or group in the meme.,0.8,repulsive,[]
MOL,mol.csv,vargas2024mol,reckless,,mol_context_dependent_offensive,MOL marks this as context-dependent offensive language; check image-text context before treating it as harmful.,0.65,reckless,[]
MOL,mol.csv,vargas2024mol,whining,,mol_context_independent_offensive,MOL marks this as a mostly context-independent offensive lexical item; check whether it is used to attack a person or group in the meme.,0.8,whining,[]
MOL,mol.csv,vargas2024mol,backlash,,mol_context_dependent_offensive,MOL marks this as context-dependent offensive language; check image-text context before treating it as harmful.,0.65,backlash,[]
MOL,mol.csv,vargas2024mol,green with envy,,mol_context_independent_offensive,MOL marks this as a mostly context-independent offensive lexical item; check whether it is used to attack a person or group in the meme.,0.8,green with envy,[]
MOL,mol.csv,vargas2024mol,hard feelings,,mol_context_dependent_offensive,MOL marks this as context-dependent offensive language; check image-text context before treating it as harmful.,0.65,hard feelings,[]
MOL,mol.csv,vargas2024mol,bitch,,mol_context_independent_offensive,MOL marks this as a mostly context-independent offensive lexical item; check whether it is used to attack a person or group in the meme.,0.8,bitch,[]
MOL,mol.csv,vargas2024mol,fanatic,,mol_context_dependent_offensive,MOL marks this as context-dependent offensive language; check image-text context before treating it as harmful.,0.65,fanatic,[]
MOL,mol.csv,vargas2024mol,helluva,,mol_context_independent_offensive,MOL marks this as a mostly context-independent offensive lexical item; check whether it is used to attack a person or group in the meme.,0.8,helluva,[]
MOL,mol.csv,vargas2024mol,suck it and see,,mol_context_independent_offensive,MOL marks this as a mostly context-independent offensive lexical item; check whether it is used to attack a person or group in the meme.,0.8,suck it and see,[]
MOL,mol.csv,vargas2024mol,go to hell,,mol_context_independent_offensive,MOL marks this as a mostly context-independent offensive lexical item; check whether it is used to attack a person or group in the meme.,0.8,go to hell,[]
MOL,mol.csv,vargas2024mol,to nose in (v) / nosey,,mol_context_dependent_offensive,MOL marks this as context-dependent offensive language; check image-text context before treating it as harmful.,0.65,to nose in (v) / nosey,[]
MOL,mol.csv,vargas2024mol,scumbag,,mol_context_independent_offensive,MOL marks this as a mostly context-independent offensive lexical item; check whether it is used to attack a person or group in the meme.,0.8,scumbag,[]
MOL,mol.csv,vargas2024mol,fucking annoying,,mol_context_independent_offensive,MOL marks this as a mostly context-independent offensive lexical item; check whether it is used to attack a person or group in the meme.,0.8,fucking annoying,[]
MOL,mol.csv,vargas2024mol,fucking off,,mol_context_independent_offensive,MOL marks this as a mostly context-independent offensive lexical item; check whether it is used to attack a person or group in the meme.,0.8,fucking off,[]
MOL,mol.csv,vargas2024mol,wimp,,mol_context_independent_offensive,MOL marks this as a mostly context-independent offensive lexical item; check whether it is used to attack a person or group in the meme.,0.8,wimp,[]
MOL,mol.csv,vargas2024mol,make a scene,,mol_context_dependent_offensive,MOL marks this as context-dependent offensive language; check image-text context before treating it as harmful.,0.65,make a scene,[]
MOL,mol.csv,vargas2024mol,shade,,mol_context_dependent_offensive,MOL marks this as context-dependent offensive language; check image-text context before treating it as harmful.,0.65,shade,[]
MOL,mol.csv,vargas2024mol,mess,,mol_context_independent_offensive,MOL marks this as a mostly context-independent offensive lexical item; check whether it is used to attack a person or group in the meme.,0.8,mess,[]
MOL,mol.csv,vargas2024mol,troublemakers,,mol_context_independent_offensive,MOL marks this as a mostly context-independent offensive lexical item; check whether it is used to attack a person or group in the meme.,0.8,troublemakers,[]
MOL,mol.csv,vargas2024mol,petty,,mol_context_independent_offensive,MOL marks this as a mostly context-independent offensive lexical item; check whether it is used to attack a person or group in the meme.,0.8,petty,[]
MOL,mol.csv,vargas2024mol,backstabber,,mol_context_dependent_offensive,MOL marks this as context-dependent offensive language; check image-text context before treating it as harmful.,0.65,backstabber,[]
MOL,mol.csv,vargas2024mol,backstabbers,,mol_context_dependent_offensive,MOL marks this as context-dependent offensive language; check image-text context before treating it as harmful.,0.65,backstabbers,[]
MOL,mol.csv,vargas2024mol,dumb,,mol_context_independent_offensive,MOL marks this as a mostly context-independent offensive lexical item; check whether it is used to attack a person or group in the meme.,0.8,dumb,[]
MOL,mol.csv,vargas2024mol,shut up,,mol_context_independent_offensive,MOL marks this as a mostly context-independent offensive lexical item; check whether it is used to attack a person or group in the meme.,0.8,shut up,[]
MOL,mol.csv,vargas2024mol,shut the hell up,,mol_context_independent_offensive,MOL marks this as a mostly context-independent offensive lexical item; check whether it is used to attack a person or group in the meme.,0.8,shut the hell up,[]
MOL,mol.csv,vargas2024mol,shut your mouth,,mol_context_independent_offensive,MOL marks this as a mostly context-independent offensive lexical item; check whether it is used to attack a person or group in the meme.,0.8,shut your mouth,[]
MOL,mol.csv,vargas2024mol,spoiled,,mol_context_independent_offensive,MOL marks this as a mostly context-independent offensive lexical item; check whether it is used to attack a person or group in the meme.,0.8,spoiled,[]
MOL,mol.csv,vargas2024mol,ass,,mol_context_independent_offensive,MOL marks this as a mostly context-independent offensive lexical item; check whether it is used to attack a person or group in the meme.,0.8,ass,[]
MOL,mol.csv,vargas2024mol,loser / fool,,mol_context_independent_offensive,MOL marks this as a mostly context-independent offensive lexical item; check whether it is used to attack a person or group in the meme.,0.8,loser / fool,[]
MOL,mol.csv,vargas2024mol,shit,,mol_context_independent_offensive,MOL marks this as a mostly context-independent offensive lexical item; check whether it is used to attack a person or group in the meme.,0.8,shit,[]
MOL,mol.csv,vargas2024mol,fancy pants,,mol_context_dependent_offensive,MOL marks this as context-dependent offensive language; check image-text context before treating it as harmful.,0.65,fancy pants,[]
MOL,mol.csv,vargas2024mol,get your head out of your ass,,mol_context_dependent_offensive,MOL marks this as context-dependent offensive language; check image-text context before treating it as harmful.,0.65,get your head out of your ass,[]
MOL,mol.csv,vargas2024mol,shameless,,mol_context_independent_offensive,MOL marks this as a mostly context-independent offensive lexical item; check whether it is used to attack a person or group in the meme.,0.8,shameless,[]
MOL,mol.csv,vargas2024mol,(white) trash,,mol_context_independent_offensive,MOL marks this as a mostly context-independent offensive lexical item; check whether it is used to attack a person or group in the meme.,0.8,(white) trash,[]
MOL,mol.csv,vargas2024mol,rude,,mol_context_independent_offensive,MOL marks this as a mostly context-independent offensive lexical item; check whether it is used to attack a person or group in the meme.,0.8,rude,[]
MOL,mol.csv,vargas2024mol,shade,,mol_context_independent_offensive,MOL marks this as a mostly context-independent offensive lexical item; check whether it is used to attack a person or group in the meme.,0.8,shade,[]
MOL,mol.csv,vargas2024mol,beat it,,mol_context_dependent_offensive,MOL marks this as context-dependent offensive language; check image-text context before treating it as harmful.,0.65,beat it,[]
MOL,mol.csv,vargas2024mol,beef,,mol_context_independent_offensive,MOL marks this as a mostly context-independent offensive lexical item; check whether it is used to attack a person or group in the meme.,0.8,beef,[]
MOL,mol.csv,vargas2024mol,0,,mol_context_independent_offensive,MOL marks this as a mostly context-independent offensive lexical item; check whether it is used to attack a person or group in the meme.,0.8,0,[]
MOL,mol.csv,vargas2024mol,fuck,,mol_context_dependent_offensive,MOL marks this as context-dependent offensive language; check image-text context before treating it as harmful.,0.65,fuck,[]
MOL,mol.csv,vargas2024mol,worthless,,mol_context_dependent_offensive,MOL marks this as context-dependent offensive language; check image-text context before treating it as harmful.,0.65,worthless,[]
MOL,mol.csv,vargas2024mol,be green with envy,,mol_context_dependent_offensive,MOL marks this as context-dependent offensive language; check image-text context before treating it as harmful.,0.65,be green with envy,[]
MOL,mol.csv,vargas2024mol,yuck,,mol_context_independent_offensive,MOL marks this as a mostly context-independent offensive lexical item; check whether it is used to attack a person or group in the meme.,0.8,yuck,[]
MOL,mol.csv,vargas2024mol,garbage human,,mol_context_independent_offensive,MOL marks this as a mostly context-independent offensive lexical item; check whether it is used to attack a person or group in the meme.,0.8,garbage human,[]
MOL,mol.csv,vargas2024mol,piece of garbage,,mol_context_independent_offensive,MOL marks this as a mostly context-independent offensive lexical item; check whether it is used to attack a person or group in the meme.,0.8,piece of garbage,[]
MOL,mol.csv,vargas2024mol,bigheaded,,mol_target_racism,MOL marks this lexical item as related to a hate/offense target category; check whether the meme targets that group in context.,0.9,bigheaded,[]
MOL,mol.csv,vargas2024mol,fuckery,,mol_context_independent_offensive,MOL marks this as a mostly context-independent offensive lexical item; check whether it is used to attack a person or group in the meme.,0.8,fuckery,[]
MOL,mol.csv,vargas2024mol,trash-talk,,mol_context_independent_offensive,MOL marks this as a mostly context-independent offensive lexical item; check whether it is used to attack a person or group in the meme.,0.8,trash-talk,[]
MOL,mol.csv,vargas2024mol,fascist,,mol_target_partyism,MOL marks this lexical item as related to a hate/offense target category; check whether the meme targets that group in context.,0.9,fascist,[]
MOL,mol.csv,vargas2024mol,gang,,mol_context_dependent_offensive,MOL marks this as context-dependent offensive language; check image-text context before treating it as harmful.,0.65,gang,[]
MOL,mol.csv,vargas2024mol,Bolsonazi,,mol_target_partyism,MOL marks this lexical item as related to a hate/offense target category; check whether the meme targets that group in context.,0.9,bolsonazi,[]
MOL,mol.csv,vargas2024mol,milico,,mol_context_dependent_offensive,MOL marks this as context-dependent offensive language; check image-text context before treating it as harmful.,0.65,milico,[]
MOL,mol.csv,vargas2024mol,bankrupt,,mol_context_dependent_offensive,MOL marks this as context-dependent offensive language; check image-text context before treating it as harmful.,0.65,bankrupt,[]
MOL,mol.csv,vargas2024mol,burn the racist,,mol_context_independent_offensive,MOL marks this as a mostly context-independent offensive lexical item; check whether it is used to attack a person or group in the meme.,0.8,burn the racist,[]
MOL,mol.csv,vargas2024mol,foul-mouthed,,mol_context_independent_offensive,MOL marks this as a mostly context-independent offensive lexical item; check whether it is used to attack a person or group in the meme.,0.8,foul-mouthed,[]
MOL,mol.csv,vargas2024mol,annoying,,mol_context_dependent_offensive,MOL marks this as context-dependent offensive language; check image-text context before treating it as harmful.,0.65,annoying,[]
MOL,mol.csv,vargas2024mol,unbearable,,mol_context_independent_offensive,MOL marks this as a mostly context-independent offensive lexical item; check whether it is used to attack a person or group in the meme.,0.8,unbearable,[]
MOL,mol.csv,vargas2024mol,traitor,,mol_context_independent_offensive,MOL marks this as a mostly context-independent offensive lexical item; check whether it is used to attack a person or group in the meme.,0.8,traitor,[]
MOL,mol.csv,vargas2024mol,bandit,,mol_context_independent_offensive,MOL marks this as a mostly context-independent offensive lexical item; check whether it is used to attack a person or group in the meme.,0.8,bandit,[]
MOL,mol.csv,vargas2024mol,communist,,mol_target_partyism,MOL marks this lexical item as related to a hate/offense target category; check whether the meme targets that group in context.,0.9,communist,[]
MOL,mol.csv,vargas2024mol,shit,,mol_context_dependent_offensive,MOL marks this as context-dependent offensive language; check image-text context before treating it as harmful.,0.65,shit,[]
MOL,mol.csv,vargas2024mol,corrupt,,mol_context_independent_offensive,MOL marks this as a mostly context-independent offensive lexical item; check whether it is used to attack a person or group in the meme.,0.8,corrupt,[]
MOL,mol.csv,vargas2024mol,iliterate,,mol_context_dependent_offensive,MOL marks this as context-dependent offensive language; check image-text context before treating it as harmful.,0.65,iliterate,[]
MOL,mol.csv,vargas2024mol,PT Gang,,mol_target_partyism,MOL marks this lexical item as related to a hate/offense target category; check whether the meme targets that group in context.,0.9,pt gang,[]
MOL,mol.csv,vargas2024mol,ridiculous,,mol_context_independent_offensive,MOL marks this as a mostly context-independent offensive lexical item; check whether it is used to attack a person or group in the meme.,0.8,ridiculous,[]
MOL,mol.csv,vargas2024mol,nasty,,mol_context_independent_offensive,MOL marks this as a mostly context-independent offensive lexical item; check whether it is used to attack a person or group in the meme.,0.8,nasty,[]
MOL,mol.csv,vargas2024mol,nastu,,mol_context_independent_offensive,MOL marks this as a mostly context-independent offensive lexical item; check whether it is used to attack a person or group in the meme.,0.8,nastu,[]
MOL,mol.csv,vargas2024mol,miserable,,mol_context_dependent_offensive,MOL marks this as context-dependent offensive language; check image-text context before treating it as harmful.,0.65,miserable,[]
MOL,mol.csv,vargas2024mol,scumbag,,mol_context_dependent_offensive,MOL marks this as context-dependent offensive language; check image-text context before treating it as harmful.,0.65,scumbag,[]
MOL,mol.csv,vargas2024mol,sleazy,,mol_target_sexism,MOL marks this lexical item as related to a hate/offense target category; check whether the meme targets that group in context.,0.9,sleazy,[]
MOL,mol.csv,vargas2024mol,sleazy,,mol_context_independent_offensive,MOL marks this as a mostly context-independent offensive lexical item; check whether it is used to attack a person or group in the meme.,0.8,sleazy,[]
MOL,mol.csv,vargas2024mol,shameless,,mol_target_sexism,MOL marks this lexical item as related to a hate/offense target category; check whether the meme targets that group in context.,0.9,shameless,[]
MOL,mol.csv,vargas2024mol,hypocrite,,mol_context_independent_offensive,MOL marks this as a mostly context-independent offensive lexical item; check whether it is used to attack a person or group in the meme.,0.8,hypocrite,[]
MOL,mol.csv,vargas2024mol,fucking scums,,mol_context_independent_offensive,MOL marks this as a mostly context-independent offensive lexical item; check whether it is used to attack a person or group in the meme.,0.8,fucking scums,[]
MOL,mol.csv,vargas2024mol,yikes,,mol_context_dependent_offensive,MOL marks this as context-dependent offensive language; check image-text context before treating it as harmful.,0.65,yikes,[]
MOL,mol.csv,vargas2024mol,shameful,,mol_context_dependent_offensive,MOL marks this as context-dependent offensive language; check image-text context before treating it as harmful.,0.65,shameful,[]
MOL,mol.csv,vargas2024mol,brawler,,mol_context_independent_offensive,MOL marks this as a mostly context-independent offensive lexical item; check whether it is used to attack a person or group in the meme.,0.8,brawler,[]
MOL,mol.csv,vargas2024mol,dismal,,mol_context_dependent_offensive,MOL marks this as context-dependent offensive language; check image-text context before treating it as harmful.,0.65,dismal,[]
MOL,mol.csv,vargas2024mol,non-sense,,mol_context_independent_offensive,MOL marks this as a mostly context-independent offensive lexical item; check whether it is used to attack a person or group in the meme.,0.8,non-sense,[]
MOL,mol.csv,vargas2024mol,thug,,mol_context_dependent_offensive,MOL marks this as context-dependent offensive language; check image-text context before treating it as harmful.,0.65,thug,[]
MOL,mol.csv,vargas2024mol,misfit,,mol_context_dependent_offensive,MOL marks this as context-dependent offensive language; check image-text context before treating it as harmful.,0.65,misfit,[]
MOL,mol.csv,vargas2024mol,immoral,,mol_context_independent_offensive,MOL marks this as a mostly context-independent offensive lexical item; check whether it is used to attack a person or group in the meme.,0.8,immoral,[]
MOL,mol.csv,vargas2024mol,sneaky,,mol_context_independent_offensive,MOL marks this as a mostly context-independent offensive lexical item; check whether it is used to attack a person or group in the meme.,0.8,sneaky,[]
MOL,mol.csv,vargas2024mol,potty,,mol_context_dependent_offensive,MOL marks this as context-dependent offensive language; check image-text context before treating it as harmful.,0.65,potty,[]
MOL,mol.csv,vargas2024mol,madman,,mol_context_independent_offensive,MOL marks this as a mostly context-independent offensive lexical item; check whether it is used to attack a person or group in the meme.,0.8,madman,[]
MOL,mol.csv,vargas2024mol,madwoman,,mol_context_independent_offensive,MOL marks this as a mostly context-independent offensive lexical item; check whether it is used to attack a person or group in the meme.,0.8,madwoman,[]
MOL,mol.csv,vargas2024mol,devil,,mol_context_independent_offensive,MOL marks this as a mostly context-independent offensive lexical item; check whether it is used to attack a person or group in the meme.,0.8,devil,[]
MOL,mol.csv,vargas2024mol,worm,,mol_context_independent_offensive,MOL marks this as a mostly context-independent offensive lexical item; check whether it is used to attack a person or group in the meme.,0.8,worm,[]
MOL,mol.csv,vargas2024mol,liberals,,mol_target_partyism,MOL marks this lexical item as related to a hate/offense target category; check whether the meme targets that group in context.,0.9,liberals,[]
MOL,mol.csv,vargas2024mol,psycho / psychopath,,mol_context_dependent_offensive,MOL marks this as context-dependent offensive language; check image-text context before treating it as harmful.,0.65,psycho / psychopath,[]
MOL,mol.csv,vargas2024mol,drunk,,mol_context_dependent_offensive,MOL marks this as context-dependent offensive language; check image-text context before treating it as harmful.,0.65,drunk,[]
MOL,mol.csv,vargas2024mol,moron,,mol_context_independent_offensive,MOL marks this as a mostly context-independent offensive lexical item; check whether it is used to attack a person or group in the meme.,0.8,moron,[]
MOL,mol.csv,vargas2024mol,fibber,,mol_context_independent_offensive,MOL marks this as a mostly context-independent offensive lexical item; check whether it is used to attack a person or group in the meme.,0.8,fibber,[]
MOL,mol.csv,vargas2024mol,raggedy,,mol_context_dependent_offensive,MOL marks this as context-dependent offensive language; check image-text context before treating it as harmful.,0.65,raggedy,[]
MOL,mol.csv,vargas2024mol,scammer,,mol_target_partyism,MOL marks this lexical item as related to a hate/offense target category; check whether the meme targets that group in context.,0.9,scammer,[]
MOL,mol.csv,vargas2024mol,criminal,,mol_context_dependent_offensive,MOL marks this as context-dependent offensive language; check image-text context before treating it as harmful.,0.65,criminal,[]
MOL,mol.csv,vargas2024mol,get fucked,,mol_context_independent_offensive,MOL marks this as a mostly context-independent offensive lexical item; check whether it is used to attack a person or group in the meme.,0.8,get fucked,[]
MOL,mol.csv,vargas2024mol,drunktard,,mol_context_independent_offensive,MOL marks this as a mostly context-independent offensive lexical item; check whether it is used to attack a person or group in the meme.,0.8,drunktard,[]
MOL,mol.csv,vargas2024mol,selfish,,mol_context_independent_offensive,MOL marks this as a mostly context-independent offensive lexical item; check whether it is used to attack a person or group in the meme.,0.8,selfish,[]
MOL,mol.csv,vargas2024mol,shame,,mol_context_independent_offensive,MOL marks this as a mostly context-independent offensive lexical item; check whether it is used to attack a person or group in the meme.,0.8,shame,[]
MOL,mol.csv,vargas2024mol,vulture,,mol_context_dependent_offensive,MOL marks this as context-dependent offensive language; check image-text context before treating it as harmful.,0.65,vulture,[]
MOL,mol.csv,vargas2024mol,jail,,mol_context_independent_offensive,MOL marks this as a mostly context-independent offensive lexical item; check whether it is used to attack a person or group in the meme.,0.8,jail,[]
MOL,mol.csv,vargas2024mol,Beelzebub,,mol_context_dependent_offensive,MOL marks this as context-dependent offensive language; check image-text context before treating it as harmful.,0.65,beelzebub,[]
MOL,mol.csv,vargas2024mol,oldie,,mol_context_independent_offensive,MOL marks this as a mostly context-independent offensive lexical item; check whether it is used to attack a person or group in the meme.,0.8,oldie,[]
MOL,mol.csv,vargas2024mol,satan,,mol_context_dependent_offensive,MOL marks this as context-dependent offensive language; check image-text context before treating it as harmful.,0.65,satan,[]
MOL,mol.csv,vargas2024mol,got what one deserved,,mol_context_dependent_offensive,MOL marks this as context-dependent offensive language; check image-text context before treating it as harmful.,0.65,got what one deserved,[]
MOL,mol.csv,vargas2024mol,you rat,,mol_context_independent_offensive,MOL marks this as a mostly context-independent offensive lexical item; check whether it is used to attack a person or group in the meme.,0.8,you rat,[]
MOL,mol.csv,vargas2024mol,wimp,,mol_context_dependent_offensive,MOL marks this as context-dependent offensive language; check image-text context before treating it as harmful.,0.65,wimp,[]
MOL,mol.csv,vargas2024mol,blind fool,,mol_context_independent_offensive,MOL marks this as a mostly context-independent offensive lexical item; check whether it is used to attack a person or group in the meme.,0.8,blind fool,[]
MOL,mol.csv,vargas2024mol,hell,,mol_context_dependent_offensive,MOL marks this as context-dependent offensive language; check image-text context before treating it as harmful.,0.65,hell,[]
MOL,mol.csv,vargas2024mol,alienated,,mol_context_dependent_offensive,MOL marks this as context-dependent offensive language; check image-text context before treating it as harmful.,0.65,alienated,[]
MOL,mol.csv,vargas2024mol,retard,,mol_context_dependent_offensive,MOL marks this as context-dependent offensive language; check image-text context before treating it as harmful.,0.65,retard,[]
MOL,mol.csv,vargas2024mol,nazifascit,,mol_target_partyism,MOL marks this lexical item as related to a hate/offense target category; check whether the meme targets that group in context.,0.9,nazifascit,[]
MOL,mol.csv,vargas2024mol,brainlesss,,mol_context_dependent_offensive,MOL marks this as context-dependent offensive language; check image-text context before treating it as harmful.,0.65,brainlesss,[]
MOL,mol.csv,vargas2024mol,liar,,mol_context_independent_offensive,MOL marks this as a mostly context-independent offensive lexical item; check whether it is used to attack a person or group in the meme.,0.8,liar,[]
MOL,mol.csv,vargas2024mol,mollusk,,mol_context_dependent_offensive,MOL marks this as context-dependent offensive language; check image-text context before treating it as harmful.,0.65,mollusk,[]
MOL,mol.csv,vargas2024mol,stupid person,,mol_context_independent_offensive,MOL marks this as a mostly context-independent offensive lexical item; check whether it is used to attack a person or group in the meme.,0.8,stupid person,[]
MOL,mol.csv,vargas2024mol,fucker,,mol_context_independent_offensive,MOL marks this as a mostly context-independent offensive lexical item; check whether it is used to attack a person or group in the meme.,0.8,fucker,[]
MOL,mol.csv,vargas2024mol,mafia,,mol_context_independent_offensive,MOL marks this as a mostly context-independent offensive lexical item; check whether it is used to attack a person or group in the meme.,0.8,mafia,[]
MOL,mol.csv,vargas2024mol,pustule,,mol_context_dependent_offensive,MOL marks this as context-dependent offensive language; check image-text context before treating it as harmful.,0.65,pustule,[]
MOL,mol.csv,vargas2024mol,backfire,,mol_context_independent_offensive,MOL marks this as a mostly context-independent offensive lexical item; check whether it is used to attack a person or group in the meme.,0.8,backfire,[]
MOL,mol.csv,vargas2024mol,corpse,,mol_context_dependent_offensive,MOL marks this as context-dependent offensive language; check image-text context before treating it as harmful.,0.65,corpse,[]
MOL,mol.csv,vargas2024mol,brat,,mol_context_independent_offensive,MOL marks this as a mostly context-independent offensive lexical item; check whether it is used to attack a person or group in the meme.,0.8,brat,[]
MOL,mol.csv,vargas2024mol,witch,,mol_target_sexism,MOL marks this lexical item as related to a hate/offense target category; check whether the meme targets that group in context.,0.9,witch,[]
MOL,mol.csv,vargas2024mol,antichrist,,mol_context_dependent_offensive,MOL marks this as context-dependent offensive language; check image-text context before treating it as harmful.,0.65,antichrist,[]
MOL,mol.csv,vargas2024mol,anti-christ,,mol_context_dependent_offensive,MOL marks this as context-dependent offensive language; check image-text context before treating it as harmful.,0.65,anti-christ,[]
MOL,mol.csv,vargas2024mol,red ideologist,,mol_context_dependent_offensive,MOL marks this as context-dependent offensive language; check image-text context before treating it as harmful.,0.65,red ideologist,[]
MOL,mol.csv,vargas2024mol,worthless,,mol_context_independent_offensive,MOL marks this as a mostly context-independent offensive lexical item; check whether it is used to attack a person or group in the meme.,0.8,worthless,[]
MOL,mol.csv,vargas2024mol,fuckery,,mol_target_sexism,MOL marks this lexical item as related to a hate/offense target category; check whether the meme targets that group in context.,0.9,fuckery,[]
MOL,mol.csv,vargas2024mol,little brat,,mol_context_independent_offensive,MOL marks this as a mostly context-independent offensive lexical item; check whether it is used to attack a person or group in the meme.,0.8,little brat,[]
MOL,mol.csv,vargas2024mol,hunch,,mol_context_dependent_offensive,MOL marks this as context-dependent offensive language; check image-text context before treating it as harmful.,0.65,hunch,[]
MOL,mol.csv,vargas2024mol,jibber jabber,,mol_context_dependent_offensive,MOL marks this as context-dependent offensive language; check image-text context before treating it as harmful.,0.65,jibber jabber,[]
MOL,mol.csv,vargas2024mol,pawns,,mol_context_independent_offensive,MOL marks this as a mostly context-independent offensive lexical item; check whether it is used to attack a person or group in the meme.,0.8,pawns,[]
MOL,mol.csv,vargas2024mol,smug,,mol_context_independent_offensive,MOL marks this as a mostly context-independent offensive lexical item; check whether it is used to attack a person or group in the meme.,0.8,smug,[]
MOL,mol.csv,vargas2024mol,babe,,mol_target_sexism,MOL marks this lexical item as related to a hate/offense target category; check whether the meme targets that group in context.,0.9,babe,[]
MOL,mol.csv,vargas2024mol,puppet,,mol_context_dependent_offensive,MOL marks this as context-dependent offensive language; check image-text context before treating it as harmful.,0.65,puppet,[]
MOL,mol.csv,vargas2024mol,dull,,mol_context_independent_offensive,MOL marks this as a mostly context-independent offensive lexical item; check whether it is used to attack a person or group in the meme.,0.8,dull,[]
MOL,mol.csv,vargas2024mol,sheepskin,,mol_context_independent_offensive,MOL marks this as a mostly context-independent offensive lexical item; check whether it is used to attack a person or group in the meme.,0.8,sheepskin,[]
MOL,mol.csv,vargas2024mol,ass-kissing,,mol_context_independent_offensive,MOL marks this as a mostly context-independent offensive lexical item; check whether it is used to attack a person or group in the meme.,0.8,ass-kissing,[]
MOL,mol.csv,vargas2024mol,ass kisser,,mol_context_independent_offensive,MOL marks this as a mostly context-independent offensive lexical item; check whether it is used to attack a person or group in the meme.,0.8,ass kisser,[]
MOL,mol.csv,vargas2024mol,bolsofans,,mol_target_partyism,MOL marks this lexical item as related to a hate/offense target category; check whether the meme targets that group in context.,0.9,bolsofans,[]
MOL,mol.csv,vargas2024mol,stupidly,,mol_context_independent_offensive,MOL marks this as a mostly context-independent offensive lexical item; check whether it is used to attack a person or group in the meme.,0.8,stupidly,[]
MOL,mol.csv,vargas2024mol,fake,,mol_context_independent_offensive,MOL marks this as a mostly context-independent offensive lexical item; check whether it is used to attack a person or group in the meme.,0.8,fake,[]
MOL,mol.csv,vargas2024mol,bolster,,mol_context_dependent_offensive,MOL marks this as context-dependent offensive language; check image-text context before treating it as harmful.,0.65,bolster,[]
MOL,mol.csv,vargas2024mol,bolstering,,mol_context_dependent_offensive,MOL marks this as context-dependent offensive language; check image-text context before treating it as harmful.,0.65,bolstering,[]
MOL,mol.csv,vargas2024mol,pig,,mol_target_fatphobia,MOL marks this lexical item as related to a hate/offense target category; check whether the meme targets that group in context.,0.9,pig,[]
MOL,mol.csv,vargas2024mol,piggy,,mol_target_fatphobia,MOL marks this lexical item as related to a hate/offense target category; check whether the meme targets that group in context.,0.9,piggy,[]
MOL,mol.csv,vargas2024mol,twink,,mol_context_dependent_offensive,MOL marks this as context-dependent offensive language; check image-text context before treating it as harmful.,0.65,twink,[]
MOL,mol.csv,vargas2024mol,light-headed,,mol_context_independent_offensive,MOL marks this as a mostly context-independent offensive lexical item; check whether it is used to attack a person or group in the meme.,0.8,light-headed,[]
MOL,mol.csv,vargas2024mol,broken,,mol_context_dependent_offensive,MOL marks this as context-dependent offensive language; check image-text context before treating it as harmful.,0.65,broken,[]
MOL,mol.csv,vargas2024mol,to get yourself into,,mol_context_independent_offensive,MOL marks this as a mostly context-independent offensive lexical item; check whether it is used to attack a person or group in the meme.,0.8,to get yourself into,[]
MOL,mol.csv,vargas2024mol,born with a silver spoon in,,mol_context_dependent_offensive,MOL marks this as context-dependent offensive language; check image-text context before treating it as harmful.,0.65,born with a silver spoon in,[]
MOL,mol.csv,vargas2024mol,scapegoat,,mol_context_independent_offensive,MOL marks this as a mostly context-independent offensive lexical item; check whether it is used to attack a person or group in the meme.,0.8,scapegoat,[]
MOL,mol.csv,vargas2024mol,crap,,mol_context_independent_offensive,MOL marks this as a mostly context-independent offensive lexical item; check whether it is used to attack a person or group in the meme.,0.8,crap,[]
MOL,mol.csv,vargas2024mol,waste time,,mol_context_dependent_offensive,MOL marks this as context-dependent offensive language; check image-text context before treating it as harmful.,0.65,waste time,[]
MOL,mol.csv,vargas2024mol,talk of the town,,mol_context_dependent_offensive,MOL marks this as context-dependent offensive language; check image-text context before treating it as harmful.,0.65,talk of the town,[]
MOL,mol.csv,vargas2024mol,push one's buttons,,mol_context_dependent_offensive,MOL marks this as context-dependent offensive language; check image-text context before treating it as harmful.,0.65,push one's buttons,[]
MOL,mol.csv,vargas2024mol,i've had it,,mol_context_dependent_offensive,MOL marks this as context-dependent offensive language; check image-text context before treating it as harmful.,0.65,i've had it,[]
MOL,mol.csv,vargas2024mol,iPhone-stan socilalist,,mol_target_partyism,MOL marks this lexical item as related to a hate/offense target category; check whether the meme targets that group in context.,0.9,iphone-stan socilalist,[]
MOL,mol.csv,vargas2024mol,blind,,mol_context_independent_offensive,MOL marks this as a mostly context-independent offensive lexical item; check whether it is used to attack a person or group in the meme.,0.8,blind,[]
MOL,mol.csv,vargas2024mol,poor man,,mol_context_independent_offensive,MOL marks this as a mostly context-independent offensive lexical item; check whether it is used to attack a person or group in the meme.,0.8,poor man,[]
MOL,mol.csv,vargas2024mol,poor woman,,mol_context_independent_offensive,MOL marks this as a mostly context-independent offensive lexical item; check whether it is used to attack a person or group in the meme.,0.8,poor woman,[]
MOL,mol.csv,vargas2024mol,reckless,,mol_context_independent_offensive,MOL marks this as a mostly context-independent offensive lexical item; check whether it is used to attack a person or group in the meme.,0.8,reckless,[]
MOL,mol.csv,vargas2024mol,not giving a fuck,,mol_context_independent_offensive,MOL marks this as a mostly context-independent offensive lexical item; check whether it is used to attack a person or group in the meme.,0.8,not giving a fuck,[]
MOL,mol.csv,vargas2024mol,ugh,,mol_context_independent_offensive,MOL marks this as a mostly context-independent offensive lexical item; check whether it is used to attack a person or group in the meme.,0.8,ugh,[]
MOL,mol.csv,vargas2024mol,sucker,,mol_context_independent_offensive,MOL marks this as a mostly context-independent offensive lexical item; check whether it is used to attack a person or group in the meme.,0.8,sucker,[]
MOL,mol.csv,vargas2024mol,dumb,,mol_context_dependent_offensive,MOL marks this as context-dependent offensive language; check image-text context before treating it as harmful.,0.65,dumb,[]
MOL,mol.csv,vargas2024mol,stupid teenagers,,mol_context_independent_offensive,MOL marks this as a mostly context-independent offensive lexical item; check whether it is used to attack a person or group in the meme.,0.8,stupid teenagers,[]
MOL,mol.csv,vargas2024mol,play dirty,,mol_context_independent_offensive,MOL marks this as a mostly context-independent offensive lexical item; check whether it is used to attack a person or group in the meme.,0.8,play dirty,[]
MOL,mol.csv,vargas2024mol,trashdigger,,mol_context_independent_offensive,MOL marks this as a mostly context-independent offensive lexical item; check whether it is used to attack a person or group in the meme.,0.8,trashdigger,[]
MOL,mol.csv,vargas2024mol,puppet,,mol_context_independent_offensive,MOL marks this as a mostly context-independent offensive lexical item; check whether it is used to attack a person or group in the meme.,0.8,puppet,[]
MOL,mol.csv,vargas2024mol,nosey kid,,mol_context_independent_offensive,MOL marks this as a mostly context-independent offensive lexical item; check whether it is used to attack a person or group in the meme.,0.8,nosey kid,[]
MOL,mol.csv,vargas2024mol,nose in the air,,mol_context_independent_offensive,MOL marks this as a mostly context-independent offensive lexical item; check whether it is used to attack a person or group in the meme.,0.8,nose in the air,[]
MOL,mol.csv,vargas2024mol,nosing in the air,,mol_context_independent_offensive,MOL marks this as a mostly context-independent offensive lexical item; check whether it is used to attack a person or group in the meme.,0.8,nosing in the air,[]
MOL,mol.csv,vargas2024mol,dumb luck,,mol_context_dependent_offensive,MOL marks this as context-dependent offensive language; check image-text context before treating it as harmful.,0.65,dumb luck,[]
MOL,mol.csv,vargas2024mol,ass kisser,,mol_context_dependent_offensive,MOL marks this as context-dependent offensive language; check image-text context before treating it as harmful.,0.65,ass kisser,[]
MOL,mol.csv,vargas2024mol,dumbass,,mol_context_independent_offensive,MOL marks this as a mostly context-independent offensive lexical item; check whether it is used to attack a person or group in the meme.,0.8,dumbass,[]
MOL,mol.csv,vargas2024mol,it-girl,,mol_context_independent_offensive,MOL marks this as a mostly context-independent offensive lexical item; check whether it is used to attack a person or group in the meme.,0.8,it-girl,[]
MOL,mol.csv,vargas2024mol,fat,,mol_target_fatphobia,MOL marks this lexical item as related to a hate/offense target category; check whether the meme targets that group in context.,0.9,fat,[]
MOL,mol.csv,vargas2024mol,lingerer,,mol_context_dependent_offensive,MOL marks this as context-dependent offensive language; check image-text context before treating it as harmful.,0.65,lingerer,[]
MOL,mol.csv,vargas2024mol,botcher,,mol_context_independent_offensive,MOL marks this as a mostly context-independent offensive lexical item; check whether it is used to attack a person or group in the meme.,0.8,botcher,[]
MOL,mol.csv,vargas2024mol,light-footed,,mol_context_dependent_offensive,MOL marks this as context-dependent offensive language; check image-text context before treating it as harmful.,0.65,light-footed,[]
MOL,mol.csv,vargas2024mol,absurd,,mol_context_dependent_offensive,MOL marks this as context-dependent offensive language; check image-text context before treating it as harmful.,0.65,absurd,[]
MOL,mol.csv,vargas2024mol,tattletale,,mol_context_independent_offensive,MOL marks this as a mostly context-independent offensive lexical item; check whether it is used to attack a person or group in the meme.,0.8,tattletale,[]
MOL,mol.csv,vargas2024mol,jibber jabber,,mol_context_independent_offensive,MOL marks this as a mostly context-independent offensive lexical item; check whether it is used to attack a person or group in the meme.,0.8,jibber jabber,[]
MOL,mol.csv,vargas2024mol,vulture,,mol_context_independent_offensive,MOL marks this as a mostly context-independent offensive lexical item; check whether it is used to attack a person or group in the meme.,0.8,vulture,[]
MOL,mol.csv,vargas2024mol,despise,,mol_context_independent_offensive,MOL marks this as a mostly context-independent offensive lexical item; check whether it is used to attack a person or group in the meme.,0.8,despise,[]
MOL,mol.csv,vargas2024mol,sheep,,mol_context_dependent_offensive,MOL marks this as context-dependent offensive language; check image-text context before treating it as harmful.,0.65,sheep,[]
MOL,mol.csv,vargas2024mol,ugly,,mol_context_independent_offensive,MOL marks this as a mostly context-independent offensive lexical item; check whether it is used to attack a person or group in the meme.,0.8,ugly,[]
MOL,mol.csv,vargas2024mol,pettiness,,mol_context_dependent_offensive,MOL marks this as context-dependent offensive language; check image-text context before treating it as harmful.,0.65,pettiness,[]
MOL,mol.csv,vargas2024mol,fuckery,,mol_context_dependent_offensive,MOL marks this as context-dependent offensive language; check image-text context before treating it as harmful.,0.65,fuckery,[]
MOL,mol.csv,vargas2024mol,clown,,mol_context_dependent_offensive,MOL marks this as context-dependent offensive language; check image-text context before treating it as harmful.,0.65,clown,[]
MOL,mol.csv,vargas2024mol,ventriloquist puppet,,mol_context_dependent_offensive,MOL marks this as context-dependent offensive language; check image-text context before treating it as harmful.,0.65,ventriloquist puppet,[]
MOL,mol.csv,vargas2024mol,off,,mol_context_independent_offensive,MOL marks this as a mostly context-independent offensive lexical item; check whether it is used to attack a person or group in the meme.,0.8,off,[]
MOL,mol.csv,vargas2024mol,schnoz,,mol_context_independent_offensive,MOL marks this as a mostly context-independent offensive lexical item; check whether it is used to attack a person or group in the meme.,0.8,schnoz,[]
MOL,mol.csv,vargas2024mol,prude,,mol_context_independent_offensive,MOL marks this as a mostly context-independent offensive lexical item; check whether it is used to attack a person or group in the meme.,0.8,prude,[]
MOL,mol.csv,vargas2024mol,this kind of people,,mol_context_dependent_offensive,MOL marks this as context-dependent offensive language; check image-text context before treating it as harmful.,0.65,this kind of people,[]
MOL,mol.csv,vargas2024mol,posh,,mol_context_independent_offensive,MOL marks this as a mostly context-independent offensive lexical item; check whether it is used to attack a person or group in the meme.,0.8,posh,[]
MOL,mol.csv,vargas2024mol,ignorant,,mol_context_independent_offensive,MOL marks this as a mostly context-independent offensive lexical item; check whether it is used to attack a person or group in the meme.,0.8,ignorant,[]
MOL,mol.csv,vargas2024mol,fuck ugly,,mol_context_independent_offensive,MOL marks this as a mostly context-independent offensive lexical item; check whether it is used to attack a person or group in the meme.,0.8,fuck ugly,[]
MOL,mol.csv,vargas2024mol,scammer,,mol_context_independent_offensive,MOL marks this as a mostly context-independent offensive lexical item; check whether it is used to attack a person or group in the meme.,0.8,scammer,[]
MOL,mol.csv,vargas2024mol,bitch,,mol_target_sexism,MOL marks this lexical item as related to a hate/offense target category; check whether the meme targets that group in context.,0.9,bitch,[]
MOL,mol.csv,vargas2024mol,leftist,,mol_target_partyism,MOL marks this lexical item as related to a hate/offense target category; check whether the meme targets that group in context.,0.9,leftist,[]
MOL,mol.csv,vargas2024mol,go get a life,,mol_context_dependent_offensive,MOL marks this as context-dependent offensive language; check image-text context before treating it as harmful.,0.65,go get a life,[]
MOL,mol.csv,vargas2024mol,holy fuck,,mol_context_independent_offensive,MOL marks this as a mostly context-independent offensive lexical item; check whether it is used to attack a person or group in the meme.,0.8,holy fuck,[]
MOL,mol.csv,vargas2024mol,pussy,,mol_target_partyism,MOL marks this lexical item as related to a hate/offense target category; check whether the meme targets that group in context.,0.9,pussy,[]
MOL,mol.csv,vargas2024mol,you selfish fuck,,mol_context_independent_offensive,MOL marks this as a mostly context-independent offensive lexical item; check whether it is used to attack a person or group in the meme.,0.8,you selfish fuck,[]
MOL,mol.csv,vargas2024mol,prick,,mol_context_independent_offensive,MOL marks this as a mostly context-independent offensive lexical item; check whether it is used to attack a person or group in the meme.,0.8,prick,[]
MOL,mol.csv,vargas2024mol,con,,mol_context_independent_offensive,MOL marks this as a mostly context-independent offensive lexical item; check whether it is used to attack a person or group in the meme.,0.8,con,[]
MOL,mol.csv,vargas2024mol,scramming,,mol_context_independent_offensive,MOL marks this as a mostly context-independent offensive lexical item; check whether it is used to attack a person or group in the meme.,0.8,scramming,[]
MOL,mol.csv,vargas2024mol,spineless,,mol_context_independent_offensive,MOL marks this as a mostly context-independent offensive lexical item; check whether it is used to attack a person or group in the meme.,0.8,spineless,[]
MOL,mol.csv,vargas2024mol,free ride long enough,,mol_context_independent_offensive,MOL marks this as a mostly context-independent offensive lexical item; check whether it is used to attack a person or group in the meme.,0.8,free ride long enough,[]
MOL,mol.csv,vargas2024mol,scam,,mol_context_independent_offensive,MOL marks this as a mostly context-independent offensive lexical item; check whether it is used to attack a person or group in the meme.,0.8,scam,[]
MOL,mol.csv,vargas2024mol,butch,,mol_target_homophobia,MOL marks this lexical item as related to a hate/offense target category; check whether the meme targets that group in context.,0.9,butch,[]
MOL,mol.csv,vargas2024mol,dyke,,mol_target_homophobia,MOL marks this lexical item as related to a hate/offense target category; check whether the meme targets that group in context.,0.9,dyke,[]
MOL,mol.csv,vargas2024mol,hog body,,mol_target_fatphobia,MOL marks this lexical item as related to a hate/offense target category; check whether the meme targets that group in context.,0.9,hog body,[]
MOL,mol.csv,vargas2024mol,beat off,,mol_context_dependent_offensive,MOL marks this as context-dependent offensive language; check image-text context before treating it as harmful.,0.65,beat off,[]
MOL,mol.csv,vargas2024mol,mud,,mol_context_dependent_offensive,MOL marks this as context-dependent offensive language; check image-text context before treating it as harmful.,0.65,mud,[]
MOL,mol.csv,vargas2024mol,mind your own business,,mol_context_independent_offensive,MOL marks this as a mostly context-independent offensive lexical item; check whether it is used to attack a person or group in the meme.,0.8,mind your own business,[]
MOL,mol.csv,vargas2024mol,horrendous,,mol_context_independent_offensive,MOL marks this as a mostly context-independent offensive lexical item; check whether it is used to attack a person or group in the meme.,0.8,horrendous,[]
MOL,mol.csv,vargas2024mol,dirtbag,,mol_context_dependent_offensive,MOL marks this as context-dependent offensive language; check image-text context before treating it as harmful.,0.65,dirtbag,[]
MOL,mol.csv,vargas2024mol,fake,,mol_context_dependent_offensive,MOL marks this as context-dependent offensive language; check image-text context before treating it as harmful.,0.65,fake,[]
MOL,mol.csv,vargas2024mol,drop dead,,mol_context_independent_offensive,MOL marks this as a mostly context-independent offensive lexical item; check whether it is used to attack a person or group in the meme.,0.8,drop dead,[]
MOL,mol.csv,vargas2024mol,ideological garbage,,mol_target_partyism,MOL marks this lexical item as related to a hate/offense target category; check whether the meme targets that group in context.,0.9,ideological garbage,[]
MOL,mol.csv,vargas2024mol,even a big bitch,,mol_target_sexism,MOL marks this lexical item as related to a hate/offense target category; check whether the meme targets that group in context.,0.9,even a big bitch,[]
MOL,mol.csv,vargas2024mol,demagogue,,mol_context_dependent_offensive,MOL marks this as context-dependent offensive language; check image-text context before treating it as harmful.,0.65,demagogue,[]
MOL,mol.csv,vargas2024mol,demagogy,,mol_context_dependent_offensive,MOL marks this as context-dependent offensive language; check image-text context before treating it as harmful.,0.65,demagogy,[]
MOL,mol.csv,vargas2024mol,old fox,,mol_context_independent_offensive,MOL marks this as a mostly context-independent offensive lexical item; check whether it is used to attack a person or group in the meme.,0.8,old fox,[]
MOL,mol.csv,vargas2024mol,birds of a feather,,mol_context_independent_offensive,MOL marks this as a mostly context-independent offensive lexical item; check whether it is used to attack a person or group in the meme.,0.8,birds of a feather,[]
MOL,mol.csv,vargas2024mol,viper,,mol_context_independent_offensive,MOL marks this as a mostly context-independent offensive lexical item; check whether it is used to attack a person or group in the meme.,0.8,viper,[]
MOL,mol.csv,vargas2024mol,pity,,mol_context_dependent_offensive,MOL marks this as context-dependent offensive language; check image-text context before treating it as harmful.,0.65,pity,[]
MOL,mol.csv,vargas2024mol,breeze through,,mol_context_independent_offensive,MOL marks this as a mostly context-independent offensive lexical item; check whether it is used to attack a person or group in the meme.,0.8,breeze through,[]
MOL,mol.csv,vargas2024mol,bribe,,mol_context_independent_offensive,MOL marks this as a mostly context-independent offensive lexical item; check whether it is used to attack a person or group in the meme.,0.8,bribe,[]
MOL,mol.csv,vargas2024mol,bribe sucker,,mol_context_independent_offensive,MOL marks this as a mostly context-independent offensive lexical item; check whether it is used to attack a person or group in the meme.,0.8,bribe sucker,[]
MOL,mol.csv,vargas2024mol,loathsome,,mol_context_independent_offensive,MOL marks this as a mostly context-independent offensive lexical item; check whether it is used to attack a person or group in the meme.,0.8,loathsome,[]
MOL,mol.csv,vargas2024mol,deceiver,,mol_context_dependent_offensive,MOL marks this as context-dependent offensive language; check image-text context before treating it as harmful.,0.65,deceiver,[]
MOL,mol.csv,vargas2024mol,sly,,mol_context_independent_offensive,MOL marks this as a mostly context-independent offensive lexical item; check whether it is used to attack a person or group in the meme.,0.8,sly,[]
MOL,mol.csv,vargas2024mol,phoney,,mol_context_independent_offensive,MOL marks this as a mostly context-independent offensive lexical item; check whether it is used to attack a person or group in the meme.,0.8,phoney,[]
MOL,mol.csv,vargas2024mol,disqualified,,mol_context_dependent_offensive,MOL marks this as context-dependent offensive language; check image-text context before treating it as harmful.,0.65,disqualified,[]
MOL,mol.csv,vargas2024mol,rat,,mol_context_dependent_offensive,MOL marks this as context-dependent offensive language; check image-text context before treating it as harmful.,0.65,rat,[]
MOL,mol.csv,vargas2024mol,devil,,mol_context_dependent_offensive,MOL marks this as context-dependent offensive language; check image-text context before treating it as harmful.,0.65,devil,[]
MOL,mol.csv,vargas2024mol,trash bag,,mol_context_independent_offensive,MOL marks this as a mostly context-independent offensive lexical item; check whether it is used to attack a person or group in the meme.,0.8,trash bag,[]
MOL,mol.csv,vargas2024mol,rotter,,mol_context_independent_offensive,MOL marks this as a mostly context-independent offensive lexical item; check whether it is used to attack a person or group in the meme.,0.8,rotter,[]
MOL,mol.csv,vargas2024mol,whore,,mol_target_sexism,MOL marks this lexical item as related to a hate/offense target category; check whether the meme targets that group in context.,0.9,whore,[]
MOL,mol.csv,vargas2024mol,devilish leftists,,mol_target_partyism,MOL marks this lexical item as related to a hate/offense target category; check whether the meme targets that group in context.,0.9,devilish leftists,[]
MOL,mol.csv,vargas2024mol,old,,mol_context_dependent_offensive,MOL marks this as context-dependent offensive language; check image-text context before treating it as harmful.,0.65,old,[]
MOL,mol.csv,vargas2024mol,cuckoo,,mol_context_independent_offensive,MOL marks this as a mostly context-independent offensive lexical item; check whether it is used to attack a person or group in the meme.,0.8,cuckoo,[]
MOL,mol.csv,vargas2024mol,be with your own people,,mol_context_dependent_offensive,MOL marks this as context-dependent offensive language; check image-text context before treating it as harmful.,0.65,be with your own people,[]
MOL,mol.csv,vargas2024mol,crazy,,mol_context_dependent_offensive,MOL marks this as context-dependent offensive language; check image-text context before treating it as harmful.,0.65,crazy,[]
MOL,mol.csv,vargas2024mol,fucking socialist,,mol_target_partyism,MOL marks this lexical item as related to a hate/offense target category; check whether the meme targets that group in context.,0.9,fucking socialist,[]
MOL,mol.csv,vargas2024mol,old bitch,,mol_target_sexism,MOL marks this lexical item as related to a hate/offense target category; check whether the meme targets that group in context.,0.9,old bitch,[]
MOL,mol.csv,vargas2024mol,sick,,mol_context_dependent_offensive,MOL marks this as context-dependent offensive language; check image-text context before treating it as harmful.,0.65,sick,[]
MOL,mol.csv,vargas2024mol,kid,,mol_context_dependent_offensive,MOL marks this as context-dependent offensive language; check image-text context before treating it as harmful.,0.65,kid,[]
MOL,mol.csv,vargas2024mol,jungle,,mol_context_dependent_offensive,MOL marks this as context-dependent offensive language; check image-text context before treating it as harmful.,0.65,jungle,[]
MOL,mol.csv,vargas2024mol,asshole,,mol_context_independent_offensive,MOL marks this as a mostly context-independent offensive lexical item; check whether it is used to attack a person or group in the meme.,0.8,asshole,[]
MOL,mol.csv,vargas2024mol,scram,,mol_context_dependent_offensive,MOL marks this as context-dependent offensive language; check image-text context before treating it as harmful.,0.65,scram,[]
MOL,mol.csv,vargas2024mol,low-level,,mol_context_dependent_offensive,MOL marks this as context-dependent offensive language; check image-text context before treating it as harmful.,0.65,low-level,[]
MOL,mol.csv,vargas2024mol,do something useful,,mol_context_dependent_offensive,MOL marks this as context-dependent offensive language; check image-text context before treating it as harmful.,0.65,do something useful,[]
MOL,mol.csv,vargas2024mol,0,,mol_context_dependent_offensive,MOL marks this as context-dependent offensive language; check image-text context before treating it as harmful.,0.65,0,[]
MOL,mol.csv,vargas2024mol,monster,,mol_context_dependent_offensive,MOL marks this as context-dependent offensive language; check image-text context before treating it as harmful.,0.65,monster,[]
MOL,mol.csv,vargas2024mol,coockoo,,mol_context_independent_offensive,MOL marks this as a mostly context-independent offensive lexical item; check whether it is used to attack a person or group in the meme.,0.8,coockoo,[]
MOL,mol.csv,vargas2024mol,cockooo,,mol_context_independent_offensive,MOL marks this as a mostly context-independent offensive lexical item; check whether it is used to attack a person or group in the meme.,0.8,cockooo,[]
MOL,mol.csv,vargas2024mol,lunatic,,mol_context_dependent_offensive,MOL marks this as context-dependent offensive language; check image-text context before treating it as harmful.,0.65,lunatic,[]
MOL,mol.csv,vargas2024mol,beast,,mol_context_independent_offensive,MOL marks this as a mostly context-independent offensive lexical item; check whether it is used to attack a person or group in the meme.,0.8,beast,[]
MOL,mol.csv,vargas2024mol,disrespectful,,mol_context_dependent_offensive,MOL marks this as context-dependent offensive language; check image-text context before treating it as harmful.,0.65,disrespectful,[]
MOL,mol.csv,vargas2024mol,serve time,,mol_context_dependent_offensive,MOL marks this as context-dependent offensive language; check image-text context before treating it as harmful.,0.65,serve time,[]
MOL,mol.csv,vargas2024mol,stupid things,,mol_context_independent_offensive,MOL marks this as a mostly context-independent offensive lexical item; check whether it is used to attack a person or group in the meme.,0.8,stupid things,[]
MOL,mol.csv,vargas2024mol,stupid things,,mol_context_dependent_offensive,MOL marks this as context-dependent offensive language; check image-text context before treating it as harmful.,0.65,stupid things,[]
MOL,mol.csv,vargas2024mol,trash talker,,mol_context_independent_offensive,MOL marks this as a mostly context-independent offensive lexical item; check whether it is used to attack a person or group in the meme.,0.8,trash talker,[]
MOL,mol.csv,vargas2024mol,shit move,,mol_context_independent_offensive,MOL marks this as a mostly context-independent offensive lexical item; check whether it is used to attack a person or group in the meme.,0.8,shit move,[]
MOL,mol.csv,vargas2024mol,shit in your mouth,,mol_context_independent_offensive,MOL marks this as a mostly context-independent offensive lexical item; check whether it is used to attack a person or group in the meme.,0.8,shit in your mouth,[]
MOL,mol.csv,vargas2024mol,combative,,mol_context_independent_offensive,MOL marks this as a mostly context-independent offensive lexical item; check whether it is used to attack a person or group in the meme.,0.8,combative,[]
MOL,mol.csv,vargas2024mol,piece of junk,,mol_context_independent_offensive,MOL marks this as a mostly context-independent offensive lexical item; check whether it is used to attack a person or group in the meme.,0.8,piece of junk,[]
MOL,mol.csv,vargas2024mol,imbecile,,mol_context_independent_offensive,MOL marks this as a mostly context-independent offensive lexical item; check whether it is used to attack a person or group in the meme.,0.8,imbecile,[]
MOL,mol.csv,vargas2024mol,sociopath,,mol_context_dependent_offensive,MOL marks this as context-dependent offensive language; check image-text context before treating it as harmful.,0.65,sociopath,[]
MOL,mol.csv,vargas2024mol,trashmouth,,mol_context_dependent_offensive,MOL marks this as context-dependent offensive language; check image-text context before treating it as harmful.,0.65,trashmouth,[]
MOL,mol.csv,vargas2024mol,this creature,,mol_context_dependent_offensive,MOL marks this as context-dependent offensive language; check image-text context before treating it as harmful.,0.65,this creature,[]
MOL,mol.csv,vargas2024mol,beef,,mol_context_dependent_offensive,MOL marks this as context-dependent offensive language; check image-text context before treating it as harmful.,0.65,beef,[]
MOL,mol.csv,vargas2024mol,xenophobic,,mol_context_dependent_offensive,MOL marks this as context-dependent offensive language; check image-text context before treating it as harmful.,0.65,xenophobic,[]
MOL,mol.csv,vargas2024mol,burlesque,,mol_context_dependent_offensive,MOL marks this as context-dependent offensive language; check image-text context before treating it as harmful.,0.65,burlesque,[]
MOL,mol.csv,vargas2024mol,horseplay,,mol_context_independent_offensive,MOL marks this as a mostly context-independent offensive lexical item; check whether it is used to attack a person or group in the meme.,0.8,horseplay,[]
MOL,mol.csv,vargas2024mol,nazi,,mol_context_dependent_offensive,MOL marks this as context-dependent offensive language; check image-text context before treating it as harmful.,0.65,nazi,[]
MOL,mol.csv,vargas2024mol,horse,,mol_context_dependent_offensive,MOL marks this as context-dependent offensive language; check image-text context before treating it as harmful.,0.65,horse,[]
MOL,mol.csv,vargas2024mol,minions,,mol_target_partyism,MOL marks this lexical item as related to a hate/offense target category; check whether the meme targets that group in context.,0.9,minions,[]
MOL,mol.csv,vargas2024mol,manipulator,,mol_context_independent_offensive,MOL marks this as a mostly context-independent offensive lexical item; check whether it is used to attack a person or group in the meme.,0.8,manipulator,[]
MOL,mol.csv,vargas2024mol,cuckservative,,mol_target_partyism,MOL marks this lexical item as related to a hate/offense target category; check whether the meme targets that group in context.,0.9,cuckservative,[]
MOL,mol.csv,vargas2024mol,talking shit,,mol_context_independent_offensive,MOL marks this as a mostly context-independent offensive lexical item; check whether it is used to attack a person or group in the meme.,0.8,talking shit,[]
MOL,mol.csv,vargas2024mol,shit through the mouth,,mol_context_independent_offensive,MOL marks this as a mostly context-independent offensive lexical item; check whether it is used to attack a person or group in the meme.,0.8,shit through the mouth,[]
MOL,mol.csv,vargas2024mol,evil,,mol_context_independent_offensive,MOL marks this as a mostly context-independent offensive lexical item; check whether it is used to attack a person or group in the meme.,0.8,evil,[]
MOL,mol.csv,vargas2024mol,jealous,,mol_context_independent_offensive,MOL marks this as a mostly context-independent offensive lexical item; check whether it is used to attack a person or group in the meme.,0.8,jealous,[]
MOL,mol.csv,vargas2024mol,authoritarian,,mol_context_dependent_offensive,MOL marks this as context-dependent offensive language; check image-text context before treating it as harmful.,0.65,authoritarian,[]
MOL,mol.csv,vargas2024mol,distasteful,,mol_context_dependent_offensive,MOL marks this as context-dependent offensive language; check image-text context before treating it as harmful.,0.65,distasteful,[]
MOL,mol.csv,vargas2024mol,murderer,,mol_context_independent_offensive,MOL marks this as a mostly context-independent offensive lexical item; check whether it is used to attack a person or group in the meme.,0.8,murderer,[]
MOL,mol.csv,vargas2024mol,dick,,mol_context_dependent_offensive,MOL marks this as context-dependent offensive language; check image-text context before treating it as harmful.,0.65,dick,[]
MOL,mol.csv,vargas2024mol,pussy,,mol_context_independent_offensive,MOL marks this as a mostly context-independent offensive lexical item; check whether it is used to attack a person or group in the meme.,0.8,pussy,[]
MOL,mol.csv,vargas2024mol,whorehouse,,mol_target_sexism,MOL marks this lexical item as related to a hate/offense target category; check whether the meme targets that group in context.,0.9,whorehouse,[]
MOL,mol.csv,vargas2024mol,stupid,,mol_context_dependent_offensive,MOL marks this as context-dependent offensive language; check image-text context before treating it as harmful.,0.65,stupid,[]
MOL,mol.csv,vargas2024mol,terrorist,,mol_context_independent_offensive,MOL marks this as a mostly context-independent offensive lexical item; check whether it is used to attack a person or group in the meme.,0.8,terrorist,[]
MOL,mol.csv,vargas2024mol,torturer,,mol_context_independent_offensive,MOL marks this as a mostly context-independent offensive lexical item; check whether it is used to attack a person or group in the meme.,0.8,torturer,[]
MOL,mol.csv,vargas2024mol,die in the arse,,mol_context_independent_offensive,MOL marks this as a mostly context-independent offensive lexical item; check whether it is used to attack a person or group in the meme.,0.8,die in the arse,[]
MOL,mol.csv,vargas2024mol,despicable,,mol_context_independent_offensive,MOL marks this as a mostly context-independent offensive lexical item; check whether it is used to attack a person or group in the meme.,0.8,despicable,[]
MOL,mol.csv,vargas2024mol,to kiss (someone's) ass,,mol_context_independent_offensive,MOL marks this as a mostly context-independent offensive lexical item; check whether it is used to attack a person or group in the meme.,0.8,to kiss (someone's) ass,[]
MOL,mol.csv,vargas2024mol,bad thing,,mol_context_independent_offensive,MOL marks this as a mostly context-independent offensive lexical item; check whether it is used to attack a person or group in the meme.,0.8,bad thing,[]
MOL,mol.csv,vargas2024mol,evil,,mol_context_dependent_offensive,MOL marks this as context-dependent offensive language; check image-text context before treating it as harmful.,0.65,evil,[]
MOL,mol.csv,vargas2024mol,obnoxious,,mol_context_independent_offensive,MOL marks this as a mostly context-independent offensive lexical item; check whether it is used to attack a person or group in the meme.,0.8,obnoxious,[]
MOL,mol.csv,vargas2024mol,sewer rat,,mol_context_dependent_offensive,MOL marks this as context-dependent offensive language; check image-text context before treating it as harmful.,0.65,sewer rat,[]
MOL,mol.csv,vargas2024mol,burn in hell,,mol_context_independent_offensive,MOL marks this as a mostly context-independent offensive lexical item; check whether it is used to attack a person or group in the meme.,0.8,burn in hell,[]
MOL,mol.csv,vargas2024mol,supreme court of trash,,mol_context_independent_offensive,MOL marks this as a mostly context-independent offensive lexical item; check whether it is used to attack a person or group in the meme.,0.8,supreme court of trash,[]
MOL,mol.csv,vargas2024mol,fraud,,mol_context_independent_offensive,MOL marks this as a mostly context-independent offensive lexical item; check whether it is used to attack a person or group in the meme.,0.8,fraud,[]
MOL,mol.csv,vargas2024mol,bound to death,,mol_context_independent_offensive,MOL marks this as a mostly context-independent offensive lexical item; check whether it is used to attack a person or group in the meme.,0.8,bound to death,[]
MOL,mol.csv,vargas2024mol,Martial law,,mol_target_apology_to_dictatorship,MOL marks this lexical item as related to a hate/offense target category; check whether the meme targets that group in context.,0.9,martial law,[]
MOL,mol.csv,vargas2024mol,military intervention right away,,mol_context_independent_offensive,MOL marks this as a mostly context-independent offensive lexical item; check whether it is used to attack a person or group in the meme.,0.8,military intervention right away,[]
MOL,mol.csv,vargas2024mol,dirty hole,,mol_context_dependent_offensive,MOL marks this as context-dependent offensive language; check image-text context before treating it as harmful.,0.65,dirty hole,[]
MOL,mol.csv,vargas2024mol,little lawyer,,mol_context_independent_offensive,MOL marks this as a mostly context-independent offensive lexical item; check whether it is used to attack a person or group in the meme.,0.8,little lawyer,[]
MOL,mol.csv,vargas2024mol,legal con,,mol_context_independent_offensive,MOL marks this as a mostly context-independent offensive lexical item; check whether it is used to attack a person or group in the meme.,0.8,legal con,[]
MOL,mol.csv,vargas2024mol,drilling down,,mol_context_independent_offensive,MOL marks this as a mostly context-independent offensive lexical item; check whether it is used to attack a person or group in the meme.,0.8,drilling down,[]
MOL,mol.csv,vargas2024mol,white collar,,mol_context_independent_offensive,MOL marks this as a mostly context-independent offensive lexical item; check whether it is used to attack a person or group in the meme.,0.8,white collar,[]
MOL,mol.csv,vargas2024mol,infamy,,mol_context_independent_offensive,MOL marks this as a mostly context-independent offensive lexical item; check whether it is used to attack a person or group in the meme.,0.8,infamy,[]
MOL,mol.csv,vargas2024mol,military intervention in the supreme court,,mol_target_apology_to_dictatorship,MOL marks this lexical item as related to a hate/offense target category; check whether the meme targets that group in context.,0.9,military intervention in the supreme court,[]
MOL,mol.csv,vargas2024mol,toilet paper,,mol_context_independent_offensive,MOL marks this as a mostly context-independent offensive lexical item; check whether it is used to attack a person or group in the meme.,0.8,toilet paper,[]
MOL,mol.csv,vargas2024mol,fucking twats,,mol_context_independent_offensive,MOL marks this as a mostly context-independent offensive lexical item; check whether it is used to attack a person or group in the meme.,0.8,fucking twats,[]
MOL,mol.csv,vargas2024mol,bad blood,,mol_context_independent_offensive,MOL marks this as a mostly context-independent offensive lexical item; check whether it is used to attack a person or group in the meme.,0.8,bad blood,[]
MOL,mol.csv,vargas2024mol,sewer,,mol_context_dependent_offensive,MOL marks this as context-dependent offensive language; check image-text context before treating it as harmful.,0.65,sewer,[]
MOL,mol.csv,vargas2024mol,tabloid,,mol_context_independent_offensive,MOL marks this as a mostly context-independent offensive lexical item; check whether it is used to attack a person or group in the meme.,0.8,tabloid,[]
MOL,mol.csv,vargas2024mol,gang leader,,mol_context_dependent_offensive,MOL marks this as context-dependent offensive language; check image-text context before treating it as harmful.,0.65,gang leader,[]
MOL,mol.csv,vargas2024mol,government intervention,,mol_target_apology_to_dictatorship,MOL marks this lexical item as related to a hate/offense target category; check whether the meme targets that group in context.,0.9,government intervention,[]
MOL,mol.csv,vargas2024mol,scared shitless,,mol_context_independent_offensive,MOL marks this as a mostly context-independent offensive lexical item; check whether it is used to attack a person or group in the meme.,0.8,scared shitless,[]
MOL,mol.csv,vargas2024mol,dog,,mol_context_dependent_offensive,MOL marks this as context-dependent offensive language; check image-text context before treating it as harmful.,0.65,dog,[]
MOL,mol.csv,vargas2024mol,dumb woke people,,mol_context_independent_offensive,MOL marks this as a mostly context-independent offensive lexical item; check whether it is used to attack a person or group in the meme.,0.8,dumb woke people,[]
MOL,mol.csv,vargas2024mol,hellhole,,mol_context_dependent_offensive,MOL marks this as context-dependent offensive language; check image-text context before treating it as harmful.,0.65,hellhole,[]
MOL,mol.csv,vargas2024mol,mercenary,,mol_context_independent_offensive,MOL marks this as a mostly context-independent offensive lexical item; check whether it is used to attack a person or group in the meme.,0.8,mercenary,[]
MOL,mol.csv,vargas2024mol,lair,,mol_context_dependent_offensive,MOL marks this as context-dependent offensive language; check image-text context before treating it as harmful.,0.65,lair,[]
MOL,mol.csv,vargas2024mol,snake,,mol_context_dependent_offensive,MOL marks this as context-dependent offensive language; check image-text context before treating it as harmful.,0.65,snake,[]
MOL,mol.csv,vargas2024mol,beat,,mol_context_independent_offensive,MOL marks this as a mostly context-independent offensive lexical item; check whether it is used to attack a person or group in the meme.,0.8,beat,[]
MOL,mol.csv,vargas2024mol,whinig,,mol_context_independent_offensive,MOL marks this as a mostly context-independent offensive lexical item; check whether it is used to attack a person or group in the meme.,0.8,whinig,[]
MOL,mol.csv,vargas2024mol,fuck up,,mol_context_independent_offensive,MOL marks this as a mostly context-independent offensive lexical item; check whether it is used to attack a person or group in the meme.,0.8,fuck up,[]
MOL,mol.csv,vargas2024mol,actress,,mol_context_dependent_offensive,MOL marks this as context-dependent offensive language; check image-text context before treating it as harmful.,0.65,actress,[]
MOL,mol.csv,vargas2024mol,actor,,mol_context_dependent_offensive,MOL marks this as context-dependent offensive language; check image-text context before treating it as harmful.,0.65,actor,[]
MOL,mol.csv,vargas2024mol,hysterical,,mol_target_sexism,MOL marks this lexical item as related to a hate/offense target category; check whether the meme targets that group in context.,0.9,hysterical,[]
MOL,mol.csv,vargas2024mol,hysterical,,mol_context_dependent_offensive,MOL marks this as context-dependent offensive language; check image-text context before treating it as harmful.,0.65,hysterical,[]
MOL,mol.csv,vargas2024mol,stooge,,mol_context_dependent_offensive,MOL marks this as context-dependent offensive language; check image-text context before treating it as harmful.,0.65,stooge,[]
MOL,mol.csv,vargas2024mol,breaking my balls,,mol_context_dependent_offensive,MOL marks this as context-dependent offensive language; check image-text context before treating it as harmful.,0.65,breaking my balls,[]
MOL,mol.csv,vargas2024mol,whiny,,mol_context_independent_offensive,MOL marks this as a mostly context-independent offensive lexical item; check whether it is used to attack a person or group in the meme.,0.8,whiny,[]
MOL,mol.csv,vargas2024mol,white trash folks,,mol_target_racism,MOL marks this lexical item as related to a hate/offense target category; check whether the meme targets that group in context.,0.9,white trash folks,[]
MOL,mol.csv,vargas2024mol,ameba,,mol_context_dependent_offensive,MOL marks this as context-dependent offensive language; check image-text context before treating it as harmful.,0.65,ameba,[]
MOL,mol.csv,vargas2024mol,turncoat,,mol_context_independent_offensive,MOL marks this as a mostly context-independent offensive lexical item; check whether it is used to attack a person or group in the meme.,0.8,turncoat,[]
MOL,mol.csv,vargas2024mol,raining on (someone's) parade,,mol_context_dependent_offensive,MOL marks this as context-dependent offensive language; check image-text context before treating it as harmful.,0.65,raining on (someone's) parade,[]
MOL,mol.csv,vargas2024mol,salt your game,,mol_context_dependent_offensive,MOL marks this as context-dependent offensive language; check image-text context before treating it as harmful.,0.65,salt your game,[]
MOL,mol.csv,vargas2024mol,hitman,,mol_context_independent_offensive,MOL marks this as a mostly context-independent offensive lexical item; check whether it is used to attack a person or group in the meme.,0.8,hitman,[]
MOL,mol.csv,vargas2024mol,greasy,,mol_context_dependent_offensive,MOL marks this as context-dependent offensive language; check image-text context before treating it as harmful.,0.65,greasy,[]
MOL,mol.csv,vargas2024mol,shitty,,mol_context_independent_offensive,MOL marks this as a mostly context-independent offensive lexical item; check whether it is used to attack a person or group in the meme.,0.8,shitty,[]
MOL,mol.csv,vargas2024mol,dumb and dumbier,,mol_context_independent_offensive,MOL marks this as a mostly context-independent offensive lexical item; check whether it is used to attack a person or group in the meme.,0.8,dumb and dumbier,[]
MOL,mol.csv,vargas2024mol,be the butt of the joke,,mol_context_dependent_offensive,MOL marks this as context-dependent offensive language; check image-text context before treating it as harmful.,0.65,be the butt of the joke,[]
MOL,mol.csv,vargas2024mol,butt of the joke,,mol_context_dependent_offensive,MOL marks this as context-dependent offensive language; check image-text context before treating it as harmful.,0.65,butt of the joke,[]
MOL,mol.csv,vargas2024mol,damned party,,mol_target_partyism,MOL marks this lexical item as related to a hate/offense target category; check whether the meme targets that group in context.,0.9,damned party,[]
MOL,mol.csv,vargas2024mol,trash bag,,mol_context_dependent_offensive,MOL marks this as context-dependent offensive language; check image-text context before treating it as harmful.,0.65,trash bag,[]
MOL,mol.csv,vargas2024mol,face,,mol_context_dependent_offensive,MOL marks this as context-dependent offensive language; check image-text context before treating it as harmful.,0.65,face,[]
MOL,mol.csv,vargas2024mol,assface,,mol_context_independent_offensive,MOL marks this as a mostly context-independent offensive lexical item; check whether it is used to attack a person or group in the meme.,0.8,assface,[]
MOL,mol.csv,vargas2024mol,looking like you need to take a dump,,mol_context_independent_offensive,MOL marks this as a mostly context-independent offensive lexical item; check whether it is used to attack a person or group in the meme.,0.8,looking like you need to take a dump,[]
MOL,mol.csv,vargas2024mol,unbearable,,mol_context_dependent_offensive,MOL marks this as context-dependent offensive language; check image-text context before treating it as harmful.,0.65,unbearable,[]
MOL,mol.csv,vargas2024mol,dishonest,,mol_context_independent_offensive,MOL marks this as a mostly context-independent offensive lexical item; check whether it is used to attack a person or group in the meme.,0.8,dishonest,[]
MOL,mol.csv,vargas2024mol,fucking liberals,,mol_target_partyism,MOL marks this lexical item as related to a hate/offense target category; check whether the meme targets that group in context.,0.9,fucking liberals,[]
MOL,mol.csv,vargas2024mol,tattler,,mol_context_independent_offensive,MOL marks this as a mostly context-independent offensive lexical item; check whether it is used to attack a person or group in the meme.,0.8,tattler,[]
MOL,mol.csv,vargas2024mol,butt of the joke,,mol_context_independent_offensive,MOL marks this as a mostly context-independent offensive lexical item; check whether it is used to attack a person or group in the meme.,0.8,butt of the joke,[]
MOL,mol.csv,vargas2024mol,fuuuuuuuuck,,mol_context_independent_offensive,MOL marks this as a mostly context-independent offensive lexical item; check whether it is used to attack a person or group in the meme.,0.8,fuuuuuuuuck,[]
MOL,mol.csv,vargas2024mol,sexually flustered,,mol_target_sexism,MOL marks this lexical item as related to a hate/offense target category; check whether the meme targets that group in context.,0.9,sexually flustered,[]
MOL,mol.csv,vargas2024mol,innocent,,mol_context_dependent_offensive,MOL marks this as context-dependent offensive language; check image-text context before treating it as harmful.,0.65,innocent,[]
MOL,mol.csv,vargas2024mol,backlash,,mol_context_independent_offensive,MOL marks this as a mostly context-independent offensive lexical item; check whether it is used to attack a person or group in the meme.,0.8,backlash,[]
MOL,mol.csv,vargas2024mol,discard / blow something off,,mol_context_independent_offensive,MOL marks this as a mostly context-independent offensive lexical item; check whether it is used to attack a person or group in the meme.,0.8,discard / blow something off,[]
MOL,mol.csv,vargas2024mol,blow off,,mol_context_independent_offensive,MOL marks this as a mostly context-independent offensive lexical item; check whether it is used to attack a person or group in the meme.,0.8,blow off,[]
MOL,mol.csv,vargas2024mol,wet ass pussy,,mol_target_sexism,MOL marks this lexical item as related to a hate/offense target category; check whether the meme targets that group in context.,0.9,wet ass pussy,[]
MOL,mol.csv,vargas2024mol,rock bottom,,mol_context_dependent_offensive,MOL marks this as context-dependent offensive language; check image-text context before treating it as harmful.,0.65,rock bottom,[]
MOL,mol.csv,vargas2024mol,micropenis,,mol_context_independent_offensive,MOL marks this as a mostly context-independent offensive lexical item; check whether it is used to attack a person or group in the meme.,0.8,micropenis,[]
MOL,mol.csv,vargas2024mol,lib land,,mol_target_partyism,MOL marks this lexical item as related to a hate/offense target category; check whether the meme targets that group in context.,0.9,lib land,[]
MOL,mol.csv,vargas2024mol,jews from hell,,mol_target_antisemitism,MOL marks this lexical item as related to a hate/offense target category; check whether the meme targets that group in context.,0.9,jews from hell,[]
MOL,mol.csv,vargas2024mol,in shambles,,mol_context_dependent_offensive,MOL marks this as context-dependent offensive language; check image-text context before treating it as harmful.,0.65,in shambles,[]
MOL,mol.csv,vargas2024mol,crazy,,mol_context_independent_offensive,MOL marks this as a mostly context-independent offensive lexical item; check whether it is used to attack a person or group in the meme.,0.8,crazy,[]
MOL,mol.csv,vargas2024mol,misogynist,,mol_context_independent_offensive,MOL marks this as a mostly context-independent offensive lexical item; check whether it is used to attack a person or group in the meme.,0.8,misogynist,[]
MOL,mol.csv,vargas2024mol,pedophile,,mol_context_independent_offensive,MOL marks this as a mostly context-independent offensive lexical item; check whether it is used to attack a person or group in the meme.,0.8,pedophile,[]
MOL,mol.csv,vargas2024mol,ramshackle,,mol_context_dependent_offensive,MOL marks this as context-dependent offensive language; check image-text context before treating it as harmful.,0.65,ramshackle,[]
MOL,mol.csv,vargas2024mol,dirty mouth,,mol_context_dependent_offensive,MOL marks this as context-dependent offensive language; check image-text context before treating it as harmful.,0.65,dirty mouth,[]
MOL,mol.csv,vargas2024mol,fucked up,,mol_context_dependent_offensive,MOL marks this as context-dependent offensive language; check image-text context before treating it as harmful.,0.65,fucked up,[]
MOL,mol.csv,vargas2024mol,go crazy,,mol_context_independent_offensive,MOL marks this as a mostly context-independent offensive lexical item; check whether it is used to attack a person or group in the meme.,0.8,go crazy,[]
MOL,mol.csv,vargas2024mol,cynical,,mol_context_independent_offensive,MOL marks this as a mostly context-independent offensive lexical item; check whether it is used to attack a person or group in the meme.,0.8,cynical,[]
MOL,mol.csv,vargas2024mol,perv,,mol_context_independent_offensive,MOL marks this as a mostly context-independent offensive lexical item; check whether it is used to attack a person or group in the meme.,0.8,perv,[]
MOL,mol.csv,vargas2024mol,retard,,mol_context_independent_offensive,MOL marks this as a mostly context-independent offensive lexical item; check whether it is used to attack a person or group in the meme.,0.8,retard,[]
MOL,mol.csv,vargas2024mol,fucking hell,,mol_context_independent_offensive,MOL marks this as a mostly context-independent offensive lexical item; check whether it is used to attack a person or group in the meme.,0.8,fucking hell,[]
MOL,mol.csv,vargas2024mol,mean,,mol_context_independent_offensive,MOL marks this as a mostly context-independent offensive lexical item; check whether it is used to attack a person or group in the meme.,0.8,mean,[]
MOL,mol.csv,vargas2024mol,(to get) dumped,,mol_context_independent_offensive,MOL marks this as a mostly context-independent offensive lexical item; check whether it is used to attack a person or group in the meme.,0.8,(to get) dumped,[]
MOL,mol.csv,vargas2024mol,oldy,,mol_context_dependent_offensive,MOL marks this as context-dependent offensive language; check image-text context before treating it as harmful.,0.65,oldy,[]
MOL,mol.csv,vargas2024mol,freak show,,mol_context_independent_offensive,MOL marks this as a mostly context-independent offensive lexical item; check whether it is used to attack a person or group in the meme.,0.8,freak show,[]
MOL,mol.csv,vargas2024mol,miserable,,mol_context_independent_offensive,MOL marks this as a mostly context-independent offensive lexical item; check whether it is used to attack a person or group in the meme.,0.8,miserable,[]
MOL,mol.csv,vargas2024mol,sordid,,mol_context_independent_offensive,MOL marks this as a mostly context-independent offensive lexical item; check whether it is used to attack a person or group in the meme.,0.8,sordid,[]
MOL,mol.csv,vargas2024mol,nazi journalist,,mol_target_antisemitism,MOL marks this lexical item as related to a hate/offense target category; check whether the meme targets that group in context.,0.9,nazi journalist,[]
MOL,mol.csv,vargas2024mol,traitor,,mol_context_dependent_offensive,MOL marks this as context-dependent offensive language; check image-text context before treating it as harmful.,0.65,traitor,[]
MOL,mol.csv,vargas2024mol,abject,,mol_context_independent_offensive,MOL marks this as a mostly context-independent offensive lexical item; check whether it is used to attack a person or group in the meme.,0.8,abject,[]
MOL,mol.csv,vargas2024mol,Lucifer,,mol_context_dependent_offensive,MOL marks this as context-dependent offensive language; check image-text context before treating it as harmful.,0.65,lucifer,[]
MOL,mol.csv,vargas2024mol,second handed,,mol_context_dependent_offensive,MOL marks this as context-dependent offensive language; check image-text context before treating it as harmful.,0.65,second handed,[]
MOL,mol.csv,vargas2024mol,second-hand,,mol_context_dependent_offensive,MOL marks this as context-dependent offensive language; check image-text context before treating it as harmful.,0.65,second-hand,[]
MOL,mol.csv,vargas2024mol,Christophobe,,mol_context_independent_offensive,MOL marks this as a mostly context-independent offensive lexical item; check whether it is used to attack a person or group in the meme.,0.8,christophobe,[]
MOL,mol.csv,vargas2024mol,yellow press,,mol_context_independent_offensive,MOL marks this as a mostly context-independent offensive lexical item; check whether it is used to attack a person or group in the meme.,0.8,yellow press,[]
MOL,mol.csv,vargas2024mol,barf,,mol_context_independent_offensive,MOL marks this as a mostly context-independent offensive lexical item; check whether it is used to attack a person or group in the meme.,0.8,barf,[]
MOL,mol.csv,vargas2024mol,rapist,,mol_context_independent_offensive,MOL marks this as a mostly context-independent offensive lexical item; check whether it is used to attack a person or group in the meme.,0.8,rapist,[]
MOL,mol.csv,vargas2024mol,poorly fucked,,mol_target_sexism,MOL marks this lexical item as related to a hate/offense target category; check whether the meme targets that group in context.,0.9,poorly fucked,[]
MOL,mol.csv,vargas2024mol,poorly fucked,,mol_context_independent_offensive,MOL marks this as a mostly context-independent offensive lexical item; check whether it is used to attack a person or group in the meme.,0.8,poorly fucked,[]
MOL,mol.csv,vargas2024mol,posessed,,mol_context_independent_offensive,MOL marks this as a mostly context-independent offensive lexical item; check whether it is used to attack a person or group in the meme.,0.8,posessed,[]
MOL,mol.csv,vargas2024mol,pig,,mol_context_dependent_offensive,MOL marks this as context-dependent offensive language; check image-text context before treating it as harmful.,0.65,pig,[]
MOL,mol.csv,vargas2024mol,wickedness,,mol_context_independent_offensive,MOL marks this as a mostly context-independent offensive lexical item; check whether it is used to attack a person or group in the meme.,0.8,wickedness,[]
MOL,mol.csv,vargas2024mol,dumb shit,,mol_context_independent_offensive,MOL marks this as a mostly context-independent offensive lexical item; check whether it is used to attack a person or group in the meme.,0.8,dumb shit,[]
MOL,mol.csv,vargas2024mol,coward,,mol_context_independent_offensive,MOL marks this as a mostly context-independent offensive lexical item; check whether it is used to attack a person or group in the meme.,0.8,coward,[]
MOL,mol.csv,vargas2024mol,fag,,mol_target_homophobia,MOL marks this lexical item as related to a hate/offense target category; check whether the meme targets that group in context.,0.9,fag,[]
MOL,mol.csv,vargas2024mol,closet faggot,,mol_target_homophobia,MOL marks this lexical item as related to a hate/offense target category; check whether the meme targets that group in context.,0.9,closet faggot,[]
MOL,mol.csv,vargas2024mol,batshit crazy,,mol_context_independent_offensive,MOL marks this as a mostly context-independent offensive lexical item; check whether it is used to attack a person or group in the meme.,0.8,batshit crazy,[]
MOL,mol.csv,vargas2024mol,vandalism,,mol_context_independent_offensive,MOL marks this as a mostly context-independent offensive lexical item; check whether it is used to attack a person or group in the meme.,0.8,vandalism,[]
MOL,mol.csv,vargas2024mol,cynical,,mol_context_dependent_offensive,MOL marks this as context-dependent offensive language; check image-text context before treating it as harmful.,0.65,cynical,[]
MOL,mol.csv,vargas2024mol,frustrated,,mol_context_independent_offensive,MOL marks this as a mostly context-independent offensive lexical item; check whether it is used to attack a person or group in the meme.,0.8,frustrated,[]
MOL,mol.csv,vargas2024mol,revolted,,mol_context_independent_offensive,MOL marks this as a mostly context-independent offensive lexical item; check whether it is used to attack a person or group in the meme.,0.8,revolted,[]
MOL,mol.csv,vargas2024mol,tyrant,,mol_context_independent_offensive,MOL marks this as a mostly context-independent offensive lexical item; check whether it is used to attack a person or group in the meme.,0.8,tyrant,[]
MOL,mol.csv,vargas2024mol,demiurge,,mol_context_dependent_offensive,MOL marks this as context-dependent offensive language; check image-text context before treating it as harmful.,0.65,demiurge,[]
MOL,mol.csv,vargas2024mol,satanist,,mol_context_independent_offensive,MOL marks this as a mostly context-independent offensive lexical item; check whether it is used to attack a person or group in the meme.,0.8,satanist,[]
MOL,mol.csv,vargas2024mol,freak,,mol_context_independent_offensive,MOL marks this as a mostly context-independent offensive lexical item; check whether it is used to attack a person or group in the meme.,0.8,freak,[]
MOL,mol.csv,vargas2024mol,obnoxious / loudmouth,,mol_context_independent_offensive,MOL marks this as a mostly context-independent offensive lexical item; check whether it is used to attack a person or group in the meme.,0.8,obnoxious / loudmouth,[]
MOL,mol.csv,vargas2024mol,devilsh,,mol_context_independent_offensive,MOL marks this as a mostly context-independent offensive lexical item; check whether it is used to attack a person or group in the meme.,0.8,devilsh,[]
MOL,mol.csv,vargas2024mol,devilish,,mol_context_independent_offensive,MOL marks this as a mostly context-independent offensive lexical item; check whether it is used to attack a person or group in the meme.,0.8,devilish,[]
MOL,mol.csv,vargas2024mol,shady,,mol_context_dependent_offensive,MOL marks this as context-dependent offensive language; check image-text context before treating it as harmful.,0.65,shady,[]
MOL,mol.csv,vargas2024mol,yikes,,mol_context_independent_offensive,MOL marks this as a mostly context-independent offensive lexical item; check whether it is used to attack a person or group in the meme.,0.8,yikes,[]
MOL,mol.csv,vargas2024mol,commie,,mol_target_partyism,MOL marks this lexical item as related to a hate/offense target category; check whether the meme targets that group in context.,0.9,commie,[]
MOL,mol.csv,vargas2024mol,arsonist,,mol_context_independent_offensive,MOL marks this as a mostly context-independent offensive lexical item; check whether it is used to attack a person or group in the meme.,0.8,arsonist,[]
MOL,mol.csv,vargas2024mol,to piss off,,mol_context_independent_offensive,MOL marks this as a mostly context-independent offensive lexical item; check whether it is used to attack a person or group in the meme.,0.8,to piss off,[]
MOL,mol.csv,vargas2024mol,piece of shit,,mol_context_dependent_offensive,MOL marks this as context-dependent offensive language; check image-text context before treating it as harmful.,0.65,piece of shit,[]
MOL,mol.csv,vargas2024mol,rotten,,mol_context_independent_offensive,MOL marks this as a mostly context-independent offensive lexical item; check whether it is used to attack a person or group in the meme.,0.8,rotten,[]
MOL,mol.csv,vargas2024mol,troublemaker,,mol_context_independent_offensive,MOL marks this as a mostly context-independent offensive lexical item; check whether it is used to attack a person or group in the meme.,0.8,troublemaker,[]
MOL,mol.csv,vargas2024mol,con man,,mol_context_independent_offensive,MOL marks this as a mostly context-independent offensive lexical item; check whether it is used to attack a person or group in the meme.,0.8,con man,[]
MOL,mol.csv,vargas2024mol,misgovernment,,mol_context_independent_offensive,MOL marks this as a mostly context-independent offensive lexical item; check whether it is used to attack a person or group in the meme.,0.8,misgovernment,[]
MOL,mol.csv,vargas2024mol,whitewashed tomb,,mol_context_independent_offensive,MOL marks this as a mostly context-independent offensive lexical item; check whether it is used to attack a person or group in the meme.,0.8,whitewashed tomb,[]
MOL,mol.csv,vargas2024mol,fake moralist,,mol_context_independent_offensive,MOL marks this as a mostly context-independent offensive lexical item; check whether it is used to attack a person or group in the meme.,0.8,fake moralist,[]
MOL,mol.csv,vargas2024mol,second-rate,,mol_context_independent_offensive,MOL marks this as a mostly context-independent offensive lexical item; check whether it is used to attack a person or group in the meme.,0.8,second-rate,[]
MOL,mol.csv,vargas2024mol,religion fucked,,mol_target_religious_intolerance,MOL marks this lexical item as related to a hate/offense target category; check whether the meme targets that group in context.,0.9,religion fucked,[]
MOL,mol.csv,vargas2024mol,german shepherd,,mol_target_religious_intolerance,MOL marks this lexical item as related to a hate/offense target category; check whether the meme targets that group in context.,0.9,german shepherd,[]
MOL,mol.csv,vargas2024mol,pharisian / traitor,,mol_context_dependent_offensive,MOL marks this as context-dependent offensive language; check image-text context before treating it as harmful.,0.65,pharisian / traitor,[]
MOL,mol.csv,vargas2024mol,false shepherd,,mol_target_religious_intolerance,MOL marks this lexical item as related to a hate/offense target category; check whether the meme targets that group in context.,0.9,false shepherd,[]
MOL,mol.csv,vargas2024mol,hypochristian,,mol_target_religious_intolerance,MOL marks this lexical item as related to a hate/offense target category; check whether the meme targets that group in context.,0.9,hypochristian,[]
MOL,mol.csv,vargas2024mol,satan,,mol_context_independent_offensive,MOL marks this as a mostly context-independent offensive lexical item; check whether it is used to attack a person or group in the meme.,0.8,satan,[]
MOL,mol.csv,vargas2024mol,vile,,mol_context_independent_offensive,MOL marks this as a mostly context-independent offensive lexical item; check whether it is used to attack a person or group in the meme.,0.8,vile,[]
MOL,mol.csv,vargas2024mol,sick,,mol_context_independent_offensive,MOL marks this as a mostly context-independent offensive lexical item; check whether it is used to attack a person or group in the meme.,0.8,sick,[]
MOL,mol.csv,vargas2024mol,gangster,,mol_context_independent_offensive,MOL marks this as a mostly context-independent offensive lexical item; check whether it is used to attack a person or group in the meme.,0.8,gangster,[]
MOL,mol.csv,vargas2024mol,crook,,mol_context_independent_offensive,MOL marks this as a mostly context-independent offensive lexical item; check whether it is used to attack a person or group in the meme.,0.8,crook,[]
MOL,mol.csv,vargas2024mol,pariah,,mol_context_dependent_offensive,MOL marks this as context-dependent offensive language; check image-text context before treating it as harmful.,0.65,pariah,[]
MOL,mol.csv,vargas2024mol,cuck / cuckold,,mol_context_independent_offensive,MOL marks this as a mostly context-independent offensive lexical item; check whether it is used to attack a person or group in the meme.,0.8,cuck / cuckold,[]
MOL,mol.csv,vargas2024mol,faggot,,mol_target_homophobia,MOL marks this lexical item as related to a hate/offense target category; check whether the meme targets that group in context.,0.9,faggot,[]
MOL,mol.csv,vargas2024mol,pitty,,mol_context_dependent_offensive,MOL marks this as context-dependent offensive language; check image-text context before treating it as harmful.,0.65,pitty,[]
MOL,mol.csv,vargas2024mol,mummy,,mol_context_dependent_offensive,MOL marks this as context-dependent offensive language; check image-text context before treating it as harmful.,0.65,mummy,[]
MOL,mol.csv,vargas2024mol,damned,,mol_context_dependent_offensive,MOL marks this as context-dependent offensive language; check image-text context before treating it as harmful.,0.65,damned,[]
MOL,mol.csv,vargas2024mol,damend,,mol_context_dependent_offensive,MOL marks this as context-dependent offensive language; check image-text context before treating it as harmful.,0.65,damend,[]
MOL,mol.csv,vargas2024mol,dangerous,,mol_context_dependent_offensive,MOL marks this as context-dependent offensive language; check image-text context before treating it as harmful.,0.65,dangerous,[]
MOL,mol.csv,vargas2024mol,submissive,,mol_context_dependent_offensive,MOL marks this as context-dependent offensive language; check image-text context before treating it as harmful.,0.65,submissive,[]
MOL,mol.csv,vargas2024mol,abnormal,,mol_context_independent_offensive,MOL marks this as a mostly context-independent offensive lexical item; check whether it is used to attack a person or group in the meme.,0.8,abnormal,[]
MOL,mol.csv,vargas2024mol,hell with,,mol_context_independent_offensive,MOL marks this as a mostly context-independent offensive lexical item; check whether it is used to attack a person or group in the meme.,0.8,hell with,[]
MOL,mol.csv,vargas2024mol,freaked out,,mol_context_independent_offensive,MOL marks this as a mostly context-independent offensive lexical item; check whether it is used to attack a person or group in the meme.,0.8,freaked out,[]
MOL,mol.csv,vargas2024mol,freak out,,mol_context_independent_offensive,MOL marks this as a mostly context-independent offensive lexical item; check whether it is used to attack a person or group in the meme.,0.8,freak out,[]
MOL,mol.csv,vargas2024mol,viper,,mol_context_dependent_offensive,MOL marks this as context-dependent offensive language; check image-text context before treating it as harmful.,0.65,viper,[]
MOL,mol.csv,vargas2024mol,hogbody,,mol_target_fatphobia,MOL marks this lexical item as related to a hate/offense target category; check whether the meme targets that group in context.,0.9,hogbody,[]
MOL,mol.csv,vargas2024mol,freaking out,,mol_context_dependent_offensive,MOL marks this as context-dependent offensive language; check image-text context before treating it as harmful.,0.65,freaking out,[]
MOL,mol.csv,vargas2024mol,decadent,,mol_context_dependent_offensive,MOL marks this as context-dependent offensive language; check image-text context before treating it as harmful.,0.65,decadent,[]
MOL,mol.csv,vargas2024mol,feminazi,,mol_target_sexism,MOL marks this lexical item as related to a hate/offense target category; check whether the meme targets that group in context.,0.9,feminazi,[]
MOL,mol.csv,vargas2024mol,voodoo,,mol_target_religious_intolerance,MOL marks this lexical item as related to a hate/offense target category; check whether the meme targets that group in context.,0.9,voodoo,[]
MOL,mol.csv,vargas2024mol,evil spirit,,mol_context_dependent_offensive,MOL marks this as context-dependent offensive language; check image-text context before treating it as harmful.,0.65,evil spirit,[]
MOL,mol.csv,vargas2024mol,wretched,,mol_context_independent_offensive,MOL marks this as a mostly context-independent offensive lexical item; check whether it is used to attack a person or group in the meme.,0.8,wretched,[]
MOL,mol.csv,vargas2024mol,drug dealer,,mol_context_independent_offensive,MOL marks this as a mostly context-independent offensive lexical item; check whether it is used to attack a person or group in the meme.,0.8,drug dealer,[]
MOL,mol.csv,vargas2024mol,fuck off,,mol_context_independent_offensive,MOL marks this as a mostly context-independent offensive lexical item; check whether it is used to attack a person or group in the meme.,0.8,fuck off,[]
MOL,mol.csv,vargas2024mol,trouble,,mol_context_independent_offensive,MOL marks this as a mostly context-independent offensive lexical item; check whether it is used to attack a person or group in the meme.,0.8,trouble,[]
MOL,mol.csv,vargas2024mol,elitist,,mol_context_dependent_offensive,MOL marks this as context-dependent offensive language; check image-text context before treating it as harmful.,0.65,elitist,[]
MOL,mol.csv,vargas2024mol,unreasonable,,mol_context_independent_offensive,MOL marks this as a mostly context-independent offensive lexical item; check whether it is used to attack a person or group in the meme.,0.8,unreasonable,[]
MOL,mol.csv,vargas2024mol,commies,,mol_target_partyism,MOL marks this lexical item as related to a hate/offense target category; check whether the meme targets that group in context.,0.9,commies,[]
MOL,mol.csv,vargas2024mol,ass,,mol_context_dependent_offensive,MOL marks this as context-dependent offensive language; check image-text context before treating it as harmful.,0.65,ass,[]
MOL,mol.csv,vargas2024mol,robot,,mol_context_dependent_offensive,MOL marks this as context-dependent offensive language; check image-text context before treating it as harmful.,0.65,robot,[]
MOL,mol.csv,vargas2024mol,little robot,,mol_context_dependent_offensive,MOL marks this as context-dependent offensive language; check image-text context before treating it as harmful.,0.65,little robot,[]
MOL,mol.csv,vargas2024mol,dictator,,mol_context_dependent_offensive,MOL marks this as context-dependent offensive language; check image-text context before treating it as harmful.,0.65,dictator,[]
MOL,mol.csv,vargas2024mol,useless,,mol_context_dependent_offensive,MOL marks this as context-dependent offensive language; check image-text context before treating it as harmful.,0.65,useless,[]
MOL,mol.csv,vargas2024mol,take a dump,,mol_context_dependent_offensive,MOL marks this as context-dependent offensive language; check image-text context before treating it as harmful.,0.65,take a dump,[]
MOL,mol.csv,vargas2024mol,juvie,,mol_context_independent_offensive,MOL marks this as a mostly context-independent offensive lexical item; check whether it is used to attack a person or group in the meme.,0.8,juvie,[]
MOL,mol.csv,vargas2024mol,cuckold / cuck,,mol_context_dependent_offensive,MOL marks this as context-dependent offensive language; check image-text context before treating it as harmful.,0.65,cuckold / cuck,[]
MOL,mol.csv,vargas2024mol,robber,,mol_context_independent_offensive,MOL marks this as a mostly context-independent offensive lexical item; check whether it is used to attack a person or group in the meme.,0.8,robber,[]
MOL,mol.csv,vargas2024mol,0,,mol_target_apology_to_dictatorship,MOL marks this lexical item as related to a hate/offense target category; check whether the meme targets that group in context.,0.9,0,[]
MOL,mol.csv,vargas2024mol,dicatorship widow,,mol_target_apology_to_dictatorship,MOL marks this lexical item as related to a hate/offense target category; check whether the meme targets that group in context.,0.9,dicatorship widow,[]
MOL,mol.csv,vargas2024mol,poor democrat,,mol_target_partyism,MOL marks this lexical item as related to a hate/offense target category; check whether the meme targets that group in context.,0.9,poor democrat,[]
MOL,mol.csv,vargas2024mol,dumb bitch,,mol_context_dependent_offensive,MOL marks this as context-dependent offensive language; check image-text context before treating it as harmful.,0.65,dumb bitch,[]
MOL,mol.csv,vargas2024mol,coward,,mol_context_dependent_offensive,MOL marks this as context-dependent offensive language; check image-text context before treating it as harmful.,0.65,coward,[]
MOL,mol.csv,vargas2024mol,bitch,,mol_context_dependent_offensive,MOL marks this as context-dependent offensive language; check image-text context before treating it as harmful.,0.65,bitch,[]
MOL,mol.csv,vargas2024mol,stinky,,mol_context_dependent_offensive,MOL marks this as context-dependent offensive language; check image-text context before treating it as harmful.,0.65,stinky,[]
MOL,mol.csv,vargas2024mol,monkey,,mol_target_racism,MOL marks this lexical item as related to a hate/offense target category; check whether the meme targets that group in context.,0.9,monkey,[]
MOL,mol.csv,vargas2024mol,butch,,mol_target_sexism,MOL marks this lexical item as related to a hate/offense target category; check whether the meme targets that group in context.,0.9,butch,[]
MOL,mol.csv,vargas2024mol,ugly bitch,,mol_context_independent_offensive,MOL marks this as a mostly context-independent offensive lexical item; check whether it is used to attack a person or group in the meme.,0.8,ugly bitch,[]
MOL,mol.csv,vargas2024mol,fat-ass,,mol_target_sexism,MOL marks this lexical item as related to a hate/offense target category; check whether the meme targets that group in context.,0.9,fat-ass,[]
MOL,mol.csv,vargas2024mol,fat-ass,,mol_context_dependent_offensive,MOL marks this as context-dependent offensive language; check image-text context before treating it as harmful.,0.65,fat-ass,[]
MOL,mol.csv,vargas2024mol,perv,,mol_context_dependent_offensive,MOL marks this as context-dependent offensive language; check image-text context before treating it as harmful.,0.65,perv,[]
MOL,mol.csv,vargas2024mol,gutted rabbit,,mol_target_sexism,MOL marks this lexical item as related to a hate/offense target category; check whether the meme targets that group in context.,0.9,gutted rabbit,[]
MOL,mol.csv,vargas2024mol,drop of water,,mol_context_dependent_offensive,MOL marks this as context-dependent offensive language; check image-text context before treating it as harmful.,0.65,drop of water,[]
MOL,mol.csv,vargas2024mol,blind sheep,,mol_target_religious_intolerance,MOL marks this lexical item as related to a hate/offense target category; check whether the meme targets that group in context.,0.9,blind sheep,[]
MOL,mol.csv,vargas2024mol,bootlicker,,mol_target_partyism,MOL marks this lexical item as related to a hate/offense target category; check whether the meme targets that group in context.,0.9,bootlicker,[]
MOL,mol.csv,vargas2024mol,sonovabitch,,mol_context_independent_offensive,MOL marks this as a mostly context-independent offensive lexical item; check whether it is used to attack a person or group in the meme.,0.8,sonovabitch,[]
MOL,mol.csv,vargas2024mol,misogyny,,mol_context_dependent_offensive,MOL marks this as context-dependent offensive language; check image-text context before treating it as harmful.,0.65,misogyny,[]
MOL,mol.csv,vargas2024mol,pathetically,,mol_context_dependent_offensive,MOL marks this as context-dependent offensive language; check image-text context before treating it as harmful.,0.65,pathetically,[]
MOL,mol.csv,vargas2024mol,bootlicker,,mol_context_dependent_offensive,MOL marks this as context-dependent offensive language; check image-text context before treating it as harmful.,0.65,bootlicker,[]
MOL,mol.csv,vargas2024mol,lock him up,,mol_context_independent_offensive,MOL marks this as a mostly context-independent offensive lexical item; check whether it is used to attack a person or group in the meme.,0.8,lock him up,[]
MOL,mol.csv,vargas2024mol,lock her up,,mol_context_independent_offensive,MOL marks this as a mostly context-independent offensive lexical item; check whether it is used to attack a person or group in the meme.,0.8,lock her up,[]
MOL,mol.csv,vargas2024mol,fucker,,mol_context_dependent_offensive,MOL marks this as context-dependent offensive language; check image-text context before treating it as harmful.,0.65,fucker,[]
MOL,mol.csv,vargas2024mol,betrayal,,mol_context_independent_offensive,MOL marks this as a mostly context-independent offensive lexical item; check whether it is used to attack a person or group in the meme.,0.8,betrayal,[]
MOL,mol.csv,vargas2024mol,fucking preacher,,mol_target_religious_intolerance,MOL marks this lexical item as related to a hate/offense target category; check whether the meme targets that group in context.,0.9,fucking preacher,[]
MOL,mol.csv,vargas2024mol,chucky,,mol_context_dependent_offensive,MOL marks this as context-dependent offensive language; check image-text context before treating it as harmful.,0.65,chucky,[]
MOL,mol.csv,vargas2024mol,fuck you,,mol_context_dependent_offensive,MOL marks this as context-dependent offensive language; check image-text context before treating it as harmful.,0.65,fuck you,[]
MOL,mol.csv,vargas2024mol,gunge,,mol_context_dependent_offensive,MOL marks this as context-dependent offensive language; check image-text context before treating it as harmful.,0.65,gunge,[]
MOL,mol.csv,vargas2024mol,dick,,mol_context_independent_offensive,MOL marks this as a mostly context-independent offensive lexical item; check whether it is used to attack a person or group in the meme.,0.8,dick,[]
MOL,mol.csv,vargas2024mol,jerk off,,mol_context_independent_offensive,MOL marks this as a mostly context-independent offensive lexical item; check whether it is used to attack a person or group in the meme.,0.8,jerk off,[]
MOL,mol.csv,vargas2024mol,circle jerk,,mol_context_independent_offensive,MOL marks this as a mostly context-independent offensive lexical item; check whether it is used to attack a person or group in the meme.,0.8,circle jerk,[]
MOL,mol.csv,vargas2024mol,cock,,mol_context_dependent_offensive,MOL marks this as context-dependent offensive language; check image-text context before treating it as harmful.,0.65,cock,[]
MOL,mol.csv,vargas2024mol,buffin' the muffin,,mol_context_independent_offensive,MOL marks this as a mostly context-independent offensive lexical item; check whether it is used to attack a person or group in the meme.,0.8,buffin' the muffin,[]
MOL,mol.csv,vargas2024mol,faggot,,mol_context_independent_offensive,MOL marks this as a mostly context-independent offensive lexical item; check whether it is used to attack a person or group in the meme.,0.8,faggot,[]
MOL,mol.csv,vargas2024mol,pussy,,mol_context_dependent_offensive,MOL marks this as context-dependent offensive language; check image-text context before treating it as harmful.,0.65,pussy,[]
MOL,mol.csv,vargas2024mol,janitor,,mol_context_dependent_offensive,MOL marks this as context-dependent offensive language; check image-text context before treating it as harmful.,0.65,janitor,[]
MOL,mol.csv,vargas2024mol,stud,,mol_context_dependent_offensive,MOL marks this as context-dependent offensive language; check image-text context before treating it as harmful.,0.65,stud,[]
MOL,mol.csv,vargas2024mol,hottie,,mol_context_dependent_offensive,MOL marks this as context-dependent offensive language; check image-text context before treating it as harmful.,0.65,hottie,[]
MOL,mol.csv,vargas2024mol,pustule,,mol_context_independent_offensive,MOL marks this as a mostly context-independent offensive lexical item; check whether it is used to attack a person or group in the meme.,0.8,pustule,[]
MOL,mol.csv,vargas2024mol,racist fuck,,mol_context_independent_offensive,MOL marks this as a mostly context-independent offensive lexical item; check whether it is used to attack a person or group in the meme.,0.8,racist fuck,[]
MOL,mol.csv,vargas2024mol,poor thing,,mol_context_dependent_offensive,MOL marks this as context-dependent offensive language; check image-text context before treating it as harmful.,0.65,poor thing,[]
MOL,mol.csv,vargas2024mol,abnormal,,mol_context_dependent_offensive,MOL marks this as context-dependent offensive language; check image-text context before treating it as harmful.,0.65,abnormal,[]
MOL,mol.csv,vargas2024mol,full of himself,,mol_context_dependent_offensive,MOL marks this as context-dependent offensive language; check image-text context before treating it as harmful.,0.65,full of himself,[]
MOL,mol.csv,vargas2024mol,full of herself,,mol_context_dependent_offensive,MOL marks this as context-dependent offensive language; check image-text context before treating it as harmful.,0.65,full of herself,[]
MOL,mol.csv,vargas2024mol,obsolete,,mol_context_dependent_offensive,MOL marks this as context-dependent offensive language; check image-text context before treating it as harmful.,0.65,obsolete,[]
MOL,mol.csv,vargas2024mol,jail,,mol_context_dependent_offensive,MOL marks this as context-dependent offensive language; check image-text context before treating it as harmful.,0.65,jail,[]
MOL,mol.csv,vargas2024mol,obnoxious,,mol_context_dependent_offensive,MOL marks this as context-dependent offensive language; check image-text context before treating it as harmful.,0.65,obnoxious,[]
MOL,mol.csv,vargas2024mol,incompetent,,mol_context_dependent_offensive,MOL marks this as context-dependent offensive language; check image-text context before treating it as harmful.,0.65,incompetent,[]
MOL,mol.csv,vargas2024mol,aversion,,mol_context_dependent_offensive,MOL marks this as context-dependent offensive language; check image-text context before treating it as harmful.,0.65,aversion,[]
MOL,mol.csv,vargas2024mol,horrible,,mol_context_independent_offensive,MOL marks this as a mostly context-independent offensive lexical item; check whether it is used to attack a person or group in the meme.,0.8,horrible,[]
MOL,mol.csv,vargas2024mol,scene,,mol_context_dependent_offensive,MOL marks this as context-dependent offensive language; check image-text context before treating it as harmful.,0.65,scene,[]
MOL,mol.csv,vargas2024mol,devil pray,,mol_context_independent_offensive,MOL marks this as a mostly context-independent offensive lexical item; check whether it is used to attack a person or group in the meme.,0.8,devil pray,[]
MOL,mol.csv,vargas2024mol,pathetic,,mol_context_dependent_offensive,MOL marks this as context-dependent offensive language; check image-text context before treating it as harmful.,0.65,pathetic,[]
MOL,mol.csv,vargas2024mol,mediocre,,mol_context_independent_offensive,MOL marks this as a mostly context-independent offensive lexical item; check whether it is used to attack a person or group in the meme.,0.8,mediocre,[]
MOL,mol.csv,vargas2024mol,hellish,,mol_target_partyism,MOL marks this lexical item as related to a hate/offense target category; check whether the meme targets that group in context.,0.9,hellish,[]
MOL,mol.csv,vargas2024mol,ostracism,,mol_context_dependent_offensive,MOL marks this as context-dependent offensive language; check image-text context before treating it as harmful.,0.65,ostracism,[]
MOL,mol.csv,vargas2024mol,vain,,mol_context_dependent_offensive,MOL marks this as context-dependent offensive language; check image-text context before treating it as harmful.,0.65,vain,[]
MOL,mol.csv,vargas2024mol,hitchhiker,,mol_context_dependent_offensive,MOL marks this as context-dependent offensive language; check image-text context before treating it as harmful.,0.65,hitchhiker,[]
MOL,mol.csv,vargas2024mol,fuck you kid,,mol_context_dependent_offensive,MOL marks this as context-dependent offensive language; check image-text context before treating it as harmful.,0.65,fuck you kid,[]
MOL,mol.csv,vargas2024mol,country camper slut,,mol_target_sexism,MOL marks this lexical item as related to a hate/offense target category; check whether the meme targets that group in context.,0.9,country camper slut,[]
MOL,mol.csv,vargas2024mol,jew from hell,,mol_target_antisemitism,MOL marks this lexical item as related to a hate/offense target category; check whether the meme targets that group in context.,0.9,jew from hell,[]
MOL,mol.csv,vargas2024mol,little communist,,mol_target_partyism,MOL marks this lexical item as related to a hate/offense target category; check whether the meme targets that group in context.,0.9,little communist,[]
MOL,mol.csv,vargas2024mol,brainwash,,mol_context_independent_offensive,MOL marks this as a mostly context-independent offensive lexical item; check whether it is used to attack a person or group in the meme.,0.8,brainwash,[]
MOL,mol.csv,vargas2024mol,colonialist,,mol_context_dependent_offensive,MOL marks this as context-dependent offensive language; check image-text context before treating it as harmful.,0.65,colonialist,[]
MOL,mol.csv,vargas2024mol,come out of the closet,,mol_target_homophobia,MOL marks this lexical item as related to a hate/offense target category; check whether the meme targets that group in context.,0.9,come out of the closet,[]
MOL,mol.csv,vargas2024mol,holy shit,,mol_context_independent_offensive,MOL marks this as a mostly context-independent offensive lexical item; check whether it is used to attack a person or group in the meme.,0.8,holy shit,[]
MOL,mol.csv,vargas2024mol,wrecked,,mol_context_dependent_offensive,MOL marks this as context-dependent offensive language; check image-text context before treating it as harmful.,0.65,wrecked,[]
MOL,mol.csv,vargas2024mol,guilty,,mol_context_dependent_offensive,MOL marks this as context-dependent offensive language; check image-text context before treating it as harmful.,0.65,guilty,[]
MOL,mol.csv,vargas2024mol,fucked in the ass,,mol_context_independent_offensive,MOL marks this as a mostly context-independent offensive lexical item; check whether it is used to attack a person or group in the meme.,0.8,fucked in the ass,[]
MOL,mol.csv,vargas2024mol,motherless,,mol_context_dependent_offensive,MOL marks this as context-dependent offensive language; check image-text context before treating it as harmful.,0.65,motherless,[]
MOL,mol.csv,vargas2024mol,better keep your mouth shut,,mol_context_independent_offensive,MOL marks this as a mostly context-independent offensive lexical item; check whether it is used to attack a person or group in the meme.,0.8,better keep your mouth shut,[]
MOL,mol.csv,vargas2024mol,you fool no one,,mol_context_independent_offensive,MOL marks this as a mostly context-independent offensive lexical item; check whether it is used to attack a person or group in the meme.,0.8,you fool no one,[]
MOL,mol.csv,vargas2024mol,loudmouth,,mol_context_independent_offensive,MOL marks this as a mostly context-independent offensive lexical item; check whether it is used to attack a person or group in the meme.,0.8,loudmouth,[]
MOL,mol.csv,vargas2024mol,dork,,mol_context_independent_offensive,MOL marks this as a mostly context-independent offensive lexical item; check whether it is used to attack a person or group in the meme.,0.8,dork,[]
MOL,mol.csv,vargas2024mol,raise hell,,mol_context_independent_offensive,MOL marks this as a mostly context-independent offensive lexical item; check whether it is used to attack a person or group in the meme.,0.8,raise hell,[]
MOL,mol.csv,vargas2024mol,empty head,,mol_context_independent_offensive,MOL marks this as a mostly context-independent offensive lexical item; check whether it is used to attack a person or group in the meme.,0.8,empty head,[]
MOL,mol.csv,vargas2024mol,mouth gag,,mol_context_dependent_offensive,MOL marks this as context-dependent offensive language; check image-text context before treating it as harmful.,0.65,mouth gag,[]
MOL,mol.csv,vargas2024mol,fake as 3 dollar bill,,mol_context_independent_offensive,MOL marks this as a mostly context-independent offensive lexical item; check whether it is used to attack a person or group in the meme.,0.8,fake as 3 dollar bill,[]
MOL,mol.csv,vargas2024mol,sour grapes,,mol_context_dependent_offensive,MOL marks this as context-dependent offensive language; check image-text context before treating it as harmful.,0.65,sour grapes,[]
MOL,mol.csv,vargas2024mol,turn a blind eye,,mol_context_dependent_offensive,MOL marks this as context-dependent offensive language; check image-text context before treating it as harmful.,0.65,turn a blind eye,[]
MOL,mol.csv,vargas2024mol,stick at nothing,,mol_context_dependent_offensive,MOL marks this as context-dependent offensive language; check image-text context before treating it as harmful.,0.65,stick at nothing,[]
MOL,mol.csv,vargas2024mol,get a job,,mol_context_dependent_offensive,MOL marks this as context-dependent offensive language; check image-text context before treating it as harmful.,0.65,get a job,[]
MOL,mol.csv,vargas2024mol,lazy ass,,mol_context_dependent_offensive,MOL marks this as context-dependent offensive language; check image-text context before treating it as harmful.,0.65,lazy ass,[]
MOL,mol.csv,vargas2024mol,cage house,,mol_context_dependent_offensive,MOL marks this as context-dependent offensive language; check image-text context before treating it as harmful.,0.65,cage house,[]
MOL,mol.csv,vargas2024mol,go back tot he cage,,mol_context_dependent_offensive,MOL marks this as context-dependent offensive language; check image-text context before treating it as harmful.,0.65,go back tot he cage,[]
MOL,mol.csv,vargas2024mol,wandering,,mol_context_dependent_offensive,MOL marks this as context-dependent offensive language; check image-text context before treating it as harmful.,0.65,wandering,[]
MOL,mol.csv,vargas2024mol,useless,,mol_context_independent_offensive,MOL marks this as a mostly context-independent offensive lexical item; check whether it is used to attack a person or group in the meme.,0.8,useless,[]
MOL,mol.csv,vargas2024mol,go have your bread with mortadella,,mol_context_dependent_offensive,MOL marks this as context-dependent offensive language; check image-text context before treating it as harmful.,0.65,go have your bread with mortadella,[]
MOL,mol.csv,vargas2024mol,suck a dick,,mol_target_sexism,MOL marks this lexical item as related to a hate/offense target category; check whether the meme targets that group in context.,0.9,suck a dick,[]
MOL,mol.csv,vargas2024mol,get help,,mol_context_dependent_offensive,MOL marks this as context-dependent offensive language; check image-text context before treating it as harmful.,0.65,get help,[]
MOL,mol.csv,vargas2024mol,nobody,,mol_context_independent_offensive,MOL marks this as a mostly context-independent offensive lexical item; check whether it is used to attack a person or group in the meme.,0.8,nobody,[]
MOL,mol.csv,vargas2024mol,rough face,,mol_target_sexism,MOL marks this lexical item as related to a hate/offense target category; check whether the meme targets that group in context.,0.9,rough face,[]
MOL,mol.csv,vargas2024mol,get a job,,mol_context_independent_offensive,MOL marks this as a mostly context-independent offensive lexical item; check whether it is used to attack a person or group in the meme.,0.8,get a job,[]
MOL,mol.csv,vargas2024mol,shameless,,mol_context_dependent_offensive,MOL marks this as context-dependent offensive language; check image-text context before treating it as harmful.,0.65,shameless,[]
MOL,mol.csv,vargas2024mol,ladies of the night (hoes),,mol_target_sexism,MOL marks this lexical item as related to a hate/offense target category; check whether the meme targets that group in context.,0.9,ladies of the night (hoes),[]
MOL,mol.csv,vargas2024mol,give back my money,,mol_context_dependent_offensive,MOL marks this as context-dependent offensive language; check image-text context before treating it as harmful.,0.65,give back my money,[]
MOL,mol.csv,vargas2024mol,go fly a kite,,mol_context_dependent_offensive,MOL marks this as context-dependent offensive language; check image-text context before treating it as harmful.,0.65,go fly a kite,[]
MOL,mol.csv,vargas2024mol,get lost,,mol_context_dependent_offensive,MOL marks this as context-dependent offensive language; check image-text context before treating it as harmful.,0.65,get lost,[]
MOL,mol.csv,vargas2024mol,nice rider,,mol_context_independent_offensive,MOL marks this as a mostly context-independent offensive lexical item; check whether it is used to attack a person or group in the meme.,0.8,nice rider,[]
MOL,mol.csv,vargas2024mol,find your own people,,mol_context_dependent_offensive,MOL marks this as context-dependent offensive language; check image-text context before treating it as harmful.,0.65,find your own people,[]
MOL,mol.csv,vargas2024mol,grafting crook,,mol_context_independent_offensive,MOL marks this as a mostly context-independent offensive lexical item; check whether it is used to attack a person or group in the meme.,0.8,grafting crook,[]
MOL,mol.csv,vargas2024mol,dirty money,,mol_context_dependent_offensive,MOL marks this as context-dependent offensive language; check image-text context before treating it as harmful.,0.65,dirty money,[]
MOL,mol.csv,vargas2024mol,wash that mouth,,mol_context_dependent_offensive,MOL marks this as context-dependent offensive language; check image-text context before treating it as harmful.,0.65,wash that mouth,[]
MOL,mol.csv,vargas2024mol,in jail,,mol_context_independent_offensive,MOL marks this as a mostly context-independent offensive lexical item; check whether it is used to attack a person or group in the meme.,0.8,in jail,[]
MOL,mol.csv,vargas2024mol,money laundering,,mol_context_dependent_offensive,MOL marks this as context-dependent offensive language; check image-text context before treating it as harmful.,0.65,money laundering,[]
MOL,mol.csv,vargas2024mol,verbal diarrhea,,mol_context_independent_offensive,MOL marks this as a mostly context-independent offensive lexical item; check whether it is used to attack a person or group in the meme.,0.8,verbal diarrhea,[]
MOL,mol.csv,vargas2024mol,worthlessness,,mol_context_independent_offensive,MOL marks this as a mostly context-independent offensive lexical item; check whether it is used to attack a person or group in the meme.,0.8,worthlessness,[]
MOL,mol.csv,vargas2024mol,stupidly,,mol_context_dependent_offensive,MOL marks this as context-dependent offensive language; check image-text context before treating it as harmful.,0.65,stupidly,[]
